idx,udsid,sid,data,response
0,70E,86,00 00 00 00,
1,70E,86,00 00 00 10,
2,70E,86,00 0C 00 00,
3,70E,86,00 00 B0 04,
4,70E,86,00 FF 00 00,
5,70E,86,00 00 FF FF,
6,70E,86,FF FF FF FF,
7,70E,86,01 00 00 00,
8,70E,86,00 00 01 01,
9,70E,86,01 01 01 01,
10,70E,86,00 00 FF 00,
11,74A,85,00 00 00 00,
12,74A,85,00 01 00 00,
13,74A,85,00 06 00 00,
14,74A,85,00 00 80 25,
15,74A,85,00 FF 00 00,
16,74A,85,FF 00 00 FF,
17,74A,85,FF FF FF FF,
18,74A,85,00 00 00 01,
19,74A,85,00 01 01 00,
20,74A,85,01 01 01 01,
21,74A,85,00 00 FF 00,
22,70E,85,00 00 00 00,
23,70E,85,00 00 00 10,
24,70E,85,00 00 0C 00,
25,70E,85,00 00 58 02,
26,70E,85,FF 00 00 00,
27,70E,85,00 FF FF 00,
28,70E,85,FF FF FF FF,
29,70E,85,00 01 00 00,
30,70E,85,01 01 00 00,
31,70E,85,01 01 01 01,
32,70E,85,00 FF 00 00,
33,70E,85,FF FF 00 00,
34,70E,85,00 00 00 FF,
35,74A,3E,00 00 00 00,
36,74A,3E,01 00 00 00,
37,74A,3E,00 00 00 03,
38,74A,3E,C0 12 00 00,
39,74A,3E,FF 00 00 00,
40,74A,3E,00 FF FF 00,
41,74A,3E,FF FF FF FF,
42,74A,3E,00 00 01 00,
43,74A,3E,01 00 00 01,
44,74A,3E,01 01 01 01,
45,74A,3E,00 00 FF 00,
46,70E,3E,00 00 00 00,
47,70E,3E,00 02 00 00,
48,70E,3E,00 00 C0 00,
49,70E,3E,00 00 4B 00,
50,70E,3E,00 00 00 FF,
51,70E,3E,FF FF 00 00,
52,70E,3E,FF FF FF FF,
53,70E,3E,00 00 01 00,
54,70E,3E,00 00 01 01,
55,70E,3E,01 01 01 01,
56,70E,3E,00 FF 00 00,
57,70E,3E,FF 00 00 FF,
58,70E,3E,FF 00 00 00,
59,74A,3D,00 00 00 00,
60,74A,3D,00 00 00 40,
61,74A,3D,00 00 00 06,
62,74A,3D,00 60 09 00,
63,74A,3D,00 FF 00 00,
64,74A,3D,00 00 FF FF,
65,74A,3D,FF FF FF FF,
66,74A,3D,00 00 01 00,
67,74A,3D,00 00 01 01,
68,74A,3D,01 01 01 01,
69,74A,3D,00 00 FF 00,
70,70E,31,00 00 00 00,
71,70E,31,00 00 00 01,
72,70E,31,00 30 00 00,
73,70E,31,00 96 00 00,
74,70E,31,00 FF 00 00,
75,70E,31,FF FF 00 00,
76,70E,31,FF FF FF FF,
77,70E,31,01 00 00 01,
78,70E,31,01 01 01 01,
79,70E,31,FF 00 00 FF,
80,74A,37,00 00 00 00,
81,74A,37,00 00 10 00,
82,74A,37,00 00 30 00,
83,74A,37,80 25 00 00,
84,74A,37,00 00 00 FF,
85,74A,37,FF 00 00 FF,
86,74A,37,FF FF FF FF,
87,74A,37,00 00 00 01,
88,74A,37,00 00 01 01,
89,74A,37,01 01 01 01,
90,74A,37,00 FF 00 00,
91,74A,37,FF FF 00 00,
92,74A,37,00 00 FF 00,
93,70E,2F,00 00 00 00,
94,70E,2F,00 00 00 02,
95,70E,2F,00 00 0C 00,
96,70E,2F,C0 12 00 00,
97,70E,2F,FF 00 00 00,
98,70E,2F,FF FF 00 00,
99,70E,2F,FF FF FF FF,
100,70E,2F,00 00 00 01,
101,70E,2F,01 01 00 00,
102,70E,2F,01 01 01 01,
103,70E,2F,00 00 FF 00,
104,70E,2F,00 FF FF 00,
105,70E,2F,00 FF 00 00,
106,74A,36,00 00 00 00,
107,74A,36,00 00 02 00,
108,74A,36,00 06 00 00,
109,74A,36,80 25 00 00,
110,74A,36,00 FF 00 00,
111,74A,36,00 FF FF 00,
112,74A,36,FF FF FF FF,
113,74A,36,01 00 00 00,
114,74A,36,00 01 01 00,
115,74A,36,01 01 01 01,
116,74A,36,00 00 FF 00,
117,70E,2E,00 00 00 00,
118,70E,2E,01 00 00 00,
119,70E,2E,00 30 00 00,
120,70E,2E,60 09 00 00,
121,70E,2E,00 00 FF 00,
122,70E,2E,FF FF 00 00,
123,70E,2E,FF FF FF FF,
124,70E,2E,00 00 00 01,
125,70E,2E,01 01 00 00,
126,70E,2E,01 01 01 01,
127,70E,2E,FF 00 00 00,
128,70E,2E,00 00 FF FF,
129,74A,35,00 00 00 00,
130,74A,35,10 00 00 00,
131,74A,35,00 18 00 00,
132,74A,35,58 02 00 00,
133,74A,35,00 00 FF 00,
134,74A,35,FF FF 00 00,
135,74A,35,FF FF FF FF,
136,74A,35,00 00 00 01,
137,74A,35,01 01 00 00,
138,74A,35,01 01 01 01,
139,74A,35,00 00 FF FF,
140,74A,35,FF 00 00 00,
141,70E,28,00 00 00 00,
142,70E,28,00 00 00 02,
143,70E,28,00 00 18 00,
144,70E,28,60 09 00 00,
145,70E,28,00 FF 00 00,
146,70E,28,FF 00 00 FF,
147,70E,28,FF FF FF FF,
148,70E,28,00 01 00 00,
149,70E,28,00 00 01 01,
150,70E,28,01 01 01 01,
151,70E,28,FF 00 00 00,
152,70E,28,FF FF 00 00,
153,70E,28,00 00 00 FF,
154,74A,34,00 00 00 00,
155,74A,34,00 00 00 20,
156,74A,34,00 60 00 00,
157,74A,34,00 B0 04 00,
158,74A,34,00 00 00 FF,
159,74A,34,00 00 FF FF,
160,74A,34,FF FF FF FF,
161,74A,34,00 00 01 00,
162,74A,34,00 00 01 01,
163,74A,34,01 01 01 01,
164,74A,34,00 00 FF 00,
165,74A,34,FF FF 00 00,
166,70E,27,00 00 00 00,
167,70E,27,00 00 04 00,
168,70E,27,00 00 30 00,
169,70E,27,00 C0 12 00,
170,70E,27,00 00 FF 00,
171,70E,27,FF FF 00 00,
172,70E,27,FF FF FF FF,
173,70E,27,00 00 01 00,
174,70E,27,01 00 00 01,
175,70E,27,01 01 01 01,
176,70E,27,00 FF 00 00,
177,70E,27,00 FF FF 00,
178,74A,31,00 00 00 00,
179,74A,31,00 20 00 00,
180,74A,31,00 00 30 00,
181,74A,31,00 B0 04 00,
182,74A,31,00 FF 00 00,
183,74A,31,00 FF FF 00,
184,74A,31,FF FF FF FF,
185,74A,31,00 00 01 00,
186,74A,31,00 00 01 01,
187,74A,31,01 01 01 01,
188,74A,31,FF 00 00 FF,
189,74A,31,00 00 00 FF,
190,70E,22,00 00 00 00,
191,70E,22,00 20 00 00,
192,70E,22,00 00 00 C0,
193,70E,22,02 00 00 58,
194,70E,22,00 00 00 FF,
195,70E,22,00 00 FF FF,
196,70E,22,FF FF FF FF,
197,70E,22,00 00 00 01,
198,70E,22,01 01 00 00,
199,70E,22,01 01 01 01,
200,70E,22,00 00 FF 00,
201,70E,22,FF 00 00 FF,
202,70E,22,FF 00 00 00,
203,74A,2F,00 00 00 00,
204,74A,2F,00 00 00 01,
205,74A,2F,80 01 00 00,
206,74A,2F,12 00 00 C0,
207,74A,2F,00 00 00 FF,
208,74A,2F,00 FF FF 00,
209,74A,2F,FF FF FF FF,
210,74A,2F,00 00 01 00,
211,74A,2F,01 01 00 00,
212,74A,2F,01 01 01 01,
213,74A,2F,00 FF 00 00,
214,74A,2F,FF 00 00 FF,
215,74A,2F,00 00 FF 00,
216,70E,19,00 00 00 00,
217,70E,19,00 00 00 40,
218,70E,19,00 00 60 00,
219,70E,19,00 00 2C 01,
220,70E,19,00 00 FF 00,
221,70E,19,FF FF 00 00,
222,70E,19,FF FF FF FF,
223,70E,19,00 01 00 00,
224,70E,19,01 00 00 01,
225,70E,19,01 01 01 01,
226,70E,19,00 00 FF FF,
227,70E,19,FF 00 00 00,
228,74A,2E,00 00 00 00,
229,74A,2E,08 00 00 00,
230,74A,2E,03 00 00 00,
231,74A,2E,09 00 00 60,
232,74A,2E,00 00 00 FF,
233,74A,2E,FF FF 00 00,
234,74A,2E,FF FF FF FF,
235,74A,2E,01 00 00 00,
236,74A,2E,00 00 01 01,
237,74A,2E,01 01 01 01,
238,74A,2E,FF 00 00 00,
239,74A,2E,00 FF FF 00,
240,74A,2E,00 00 FF 00,
241,70E,14,00 00 00 00,
242,70E,14,00 00 80 00,
243,70E,14,00 30 00 00,
244,70E,14,00 2C 01 00,
245,70E,14,00 00 00 FF,
246,70E,14,00 00 FF FF,
247,70E,14,FF FF FF FF,
248,70E,14,01 00 00 00,
249,70E,14,01 01 00 00,
250,70E,14,01 01 01 01,
251,70E,14,00 00 FF 00,
252,70E,14,00 FF FF 00,
253,70E,14,00 FF 00 00,
254,74A,28,00 00 00 00,
255,74A,28,00 20 00 00,
256,74A,28,00 00 00 18,
257,74A,28,00 00 58 02,
258,74A,28,FF 00 00 00,
259,74A,28,00 00 FF FF,
260,74A,28,FF FF FF FF,
261,74A,28,01 00 00 00,
262,74A,28,01 01 00 00,
263,74A,28,01 01 01 01,
264,74A,28,FF FF 00 00,
265,74A,28,00 00 FF 00,
266,70E,11,00 00 00 00,
267,70E,11,00 00 04 00,
268,70E,11,00 60 00 00,
269,70E,11,00 00 60 09,
270,70E,11,00 FF 00 00,
271,70E,11,00 FF FF 00,
272,70E,11,FF FF FF FF,
273,70E,11,00 00 01 00,
274,70E,11,00 01 01 00,
275,70E,11,01 01 01 01,
276,70E,11,FF FF 00 00,
277,70E,11,FF 00 00 00,
278,74A,27,00 00 00 00,
279,74A,27,00 00 00 01,
280,74A,27,00 18 00 00,
281,74A,27,12 00 00 C0,
282,74A,27,00 00 00 FF,
283,74A,27,00 FF FF 00,
284,74A,27,FF FF FF FF,
285,74A,27,00 00 01 00,
286,74A,27,01 00 00 01,
287,74A,27,01 01 01 01,
288,74A,27,FF 00 00 00,
289,74A,27,FF FF 00 00,
290,70E,10,00 00 00 00,
291,70E,10,01 00 00 00,
292,70E,10,00 C0 00 00,
293,70E,10,12 00 00 C0,
294,70E,10,FF 00 00 00,
295,70E,10,00 00 FF FF,
296,70E,10,FF FF FF FF,
297,70E,10,00 00 00 01,
298,70E,10,00 00 01 01,
299,70E,10,01 01 01 01,
300,70E,10,00 00 FF 00,
301,70E,10,FF 00 00 FF,
302,74A,23,00 00 00 00,
303,74A,23,10 00 00 00,
304,74A,23,00 00 00 06,
305,74A,23,00 B0 04 00,
306,74A,23,00 FF 00 00,
307,74A,23,FF 00 00 FF,
308,74A,23,FF FF FF FF,
309,74A,23,00 00 01 00,
310,74A,23,01 00 00 01,
311,74A,23,01 01 01 01,
312,74A,23,FF FF 00 00,
313,74A,23,FF 00 00 00,
314,70E,86,AA,
315,70E,86,BA,
316,70E,86,B2,
317,70E,86,F0,
318,70E,86,55,
319,70E,86,AB,
320,70E,86,AC,
321,70E,86,AE,
322,70E,86,A9,
323,70E,86,A8,
324,70E,86,A6,
325,70E,86,00,
326,70E,86,FF,
327,74A,22,00 00 00 00,
328,74A,22,00 10 00 00,
329,74A,22,00 00 03 00,
330,74A,22,00 2C 01 00,
331,74A,22,00 FF 00 00,
332,74A,22,00 FF FF 00,
333,74A,22,FF FF FF FF,
334,74A,22,01 00 00 00,
335,74A,22,00 01 01 00,
336,74A,22,01 01 01 01,
337,74A,22,00 00 FF 00,
338,74A,22,FF FF 00 00,
339,70E,86,00 FF 07 01,
340,70E,86,00 FF 05 01,
341,70E,86,00 FF 07 19,
342,70E,86,2C FE 07 01,
343,70E,86,FF FF 07 01,
344,70E,86,00 00 F8 01,
345,70E,86,FF 00 F8 FE,
346,70E,86,01 FF 07 01,
347,70E,86,00 FF 08 02,
348,70E,86,01 00 08 02,
349,70E,86,00 FE 07 01,
350,70E,86,00 FF 06 00,
351,70E,86,FF FE 06 00,
352,70E,86,00 FF 00 01,
353,74A,19,00 00 00 00,
354,74A,19,00 00 10 00,
355,74A,19,00 80 01 00,
356,74A,19,00 00 58 02,
357,74A,19,00 00 FF 00,
358,74A,19,FF FF 00 00,
359,74A,19,FF FF FF FF,
360,74A,19,01 00 00 00,
361,74A,19,00 00 01 01,
362,74A,19,01 01 01 01,
363,74A,19,FF 00 00 00,
364,74A,19,00 FF 00 00,
365,70E,85,00 28 59 63 3A D7 40 00,
366,70E,85,00 28 59 63 3A D7 40 80,
367,70E,85,0C 28 59 63 3A D7 40 00,
368,70E,85,00 28 59 63 3A D7 D6 00,
369,70E,85,00 28 59 63 C5 D7 40 00,
370,70E,85,00 28 A6 9C 3A D7 40 00,
371,70E,85,00 28 A6 63 C5 28 40 FF,
372,70E,85,00 28 59 63 3A D7 41 00,
373,70E,85,00 28 59 63 3A D7 41 01,
374,70E,85,00 29 59 64 3B D7 41 00,
375,70E,85,00 28 59 63 3A D6 40 00,
376,70E,85,00 28 58 62 3A D7 40 00,
377,70E,85,FF 28 58 63 3A D6 40 FF,
378,70E,85,00 28 FF 63 3A D7 40 00,
379,74A,14,00 00 00 00,
380,74A,14,00 00 04 00,
381,74A,14,00 00 18 00,
382,74A,14,00 2C 01 00,
383,74A,14,00 00 00 FF,
384,74A,14,FF FF 00 00,
385,74A,14,FF FF FF FF,
386,74A,14,01 00 00 00,
387,74A,14,01 00 00 01,
388,74A,14,01 01 01 01,
389,74A,14,FF 00 00 00,
390,74A,14,00 FF FF 00,
391,70E,85,00 00 00 27,
392,70E,85,00 00 08 27,
393,70E,85,00 06 00 27,
394,70E,85,58 02 00 27,
395,70E,85,00 FF 00 27,
396,70E,85,FF FF 00 27,
397,70E,85,FF FF FF D8,
398,70E,85,00 00 01 27,
399,70E,85,01 00 00 28,
400,70E,85,01 01 01 28,
401,70E,85,FF 00 00 27,
402,70E,85,FF 00 00 26,
403,70E,85,FF FF FF 26,
404,74A,11,00 00 00 00,
405,74A,11,04 00 00 00,
406,74A,11,00 00 00 60,
407,74A,11,02 00 00 58,
408,74A,11,00 FF 00 00,
409,74A,11,00 00 FF FF,
410,74A,11,FF FF FF FF,
411,74A,11,01 00 00 00,
412,74A,11,00 01 01 00,
413,74A,11,01 01 01 01,
414,74A,11,00 00 FF 00,
415,74A,11,FF FF 00 00,
416,70E,3E,00,
417,70E,3E,80,
418,70E,3E,81,
419,70E,3E,4B,
420,70E,3E,FF,
421,70E,3E,01,
422,70E,3E,02,
423,70E,3E,04,
424,70E,3E,FE,
425,70E,3E,FC,
426,74A,10,00 00 00 00,
427,74A,10,00 00 08 00,
428,74A,10,00 00 00 0C,
429,74A,10,00 00 96 00,
430,74A,10,00 00 FF 00,
431,74A,10,FF 00 00 FF,
432,74A,10,FF FF FF FF,
433,74A,10,00 00 00 01,
434,74A,10,01 00 00 01,
435,74A,10,01 01 01 01,
436,74A,10,00 FF 00 00,
437,74A,10,00 00 FF FF,
438,74A,10,FF 00 00 00,
439,70E,3E,FE 00 00,
440,70E,3E,FE 00 01,
441,70E,3E,FE 00 18,
442,70E,3E,FE 00 96,
443,70E,3E,FE 00 FF,
444,70E,3E,01 FF 00,
445,70E,3E,FF 00 01,
446,70E,3E,FF 00 03,
447,70E,3E,FD FF 00,
448,70E,3E,FD 00 FD,
449,70E,3E,FE FF 00,
450,74B,85,00 00 00 00,
451,74B,85,01 00 00 00,
452,74B,85,00 30 00 00,
453,74B,85,12 00 00 C0,
454,74B,85,00 FF 00 00,
455,74B,85,00 00 FF FF,
456,74B,85,FF FF FF FF,
457,74B,85,00 00 01 00,
458,74B,85,00 01 01 00,
459,74B,85,01 01 01 01,
460,74B,85,00 00 00 FF,
461,74B,85,FF 00 00 FF,
462,70E,31,5E,
463,70E,31,56,
464,70E,31,5D,
465,70E,31,37,
466,70E,31,A1,
467,70E,31,5F,
468,70E,31,60,
469,70E,31,62,
470,70E,31,5C,
471,70E,31,5A,
472,70E,31,00,
473,70E,31,FF,
474,74B,3E,00 00 00 00,
475,74B,3E,00 00 00 20,
476,74B,3E,18 00 00 00,
477,74B,3E,00 00 00 4B,
478,74B,3E,00 FF 00 00,
479,74B,3E,00 FF FF 00,
480,74B,3E,FF FF FF FF,
481,74B,3E,00 00 00 01,
482,74B,3E,00 00 01 01,
483,74B,3E,01 01 01 01,
484,74B,3E,00 00 FF 00,
485,70E,31,02 DD AF 06,
486,70E,31,00 DD AF 06,
487,70E,31,02 DD B7 06,
488,70E,31,00 DD AF 5E,
489,70E,31,FD DD AF 06,
490,70E,31,FD DD AF F9,
491,70E,31,FD 22 50 F9,
492,70E,31,02 DD B0 06,
493,70E,31,03 DD AF 07,
494,70E,31,03 DE B0 07,
495,70E,31,02 DD AF 05,
496,70E,31,01 DC AF 06,
497,70E,31,01 DC AE 05,
498,70E,31,02 DD AF 00,
499,70E,31,02 DD FF 06,
500,74B,3D,00 00 00 00,
501,74B,3D,00 00 40 00,
502,74B,3D,00 00 60 00,
503,74B,3D,00 00 B0 04,
504,74B,3D,FF 00 00 00,
505,74B,3D,FF 00 00 FF,
506,74B,3D,FF FF FF FF,
507,74B,3D,00 00 01 00,
508,74B,3D,00 01 01 00,
509,74B,3D,01 01 01 01,
510,74B,3D,00 00 FF 00,
511,74B,3D,FF FF 00 00,
512,74B,3D,00 FF 00 00,
513,70E,2F,00 01 00 FF,
514,70E,2F,80 01 00 FF,
515,70E,2F,00 01 00 9F,
516,70E,2F,00 59 02 FF,
517,70E,2F,00 FE 00 FF,
518,70E,2F,FF FE 00 FF,
519,70E,2F,FF FE FF 00,
520,70E,2F,01 01 00 FF,
521,70E,2F,00 01 01 00,
522,70E,2F,01 02 01 00,
523,70E,2F,00 00 00 FF,
524,70E,2F,00 01 FF FE,
525,70E,2F,FF 00 FF FE,
526,74B,37,00 00 00 00,
527,74B,37,00 01 00 00,
528,74B,37,00 18 00 00,
529,74B,37,60 09 00 00,
530,74B,37,00 00 00 FF,
531,74B,37,FF FF 00 00,
532,74B,37,FF FF FF FF,
533,74B,37,00 00 00 01,
534,74B,37,01 01 00 00,
535,74B,37,01 01 01 01,
536,74B,37,00 00 FF 00,
537,70E,2F,FF F5 23 00 FD FD,
538,70E,2F,FF 75 23 00 FD FD,
539,70E,2F,FF F5 43 00 FD FD,
540,70E,2F,FF 75 06 00 FD FD,
541,70E,2F,FF F5 23 00 FD 02,
542,70E,2F,FF F5 23 00 02 02,
543,70E,2F,FF 0A 23 FF FD FD,
544,70E,2F,FF F5 23 00 FD FE,
545,70E,2F,00 F5 23 00 FD FE,
546,70E,2F,FF F5 25 01 FD FE,
547,70E,2F,FF F4 23 00 FD FD,
548,70E,2F,FF F4 22 00 FD FD,
549,70E,2F,FF F4 23 00 FB FC,
550,70E,2F,FF FF 23 00 FD FD,
551,74B,36,00 00 00 00,
552,74B,36,00 00 01 00,
553,74B,36,03 00 00 00,
554,74B,36,00 00 00 4B,
555,74B,36,00 FF 00 00,
556,74B,36,00 00 FF FF,
557,74B,36,FF FF FF FF,
558,74B,36,01 00 00 00,
559,74B,36,00 00 01 01,
560,74B,36,01 01 01 01,
561,74B,36,FF 00 00 00,
562,74B,36,00 FF FF 00,
563,74B,36,00 00 00 FF,
564,70E,2E,01 79 FF 27,
565,70E,2E,00 79 FF 27,
566,70E,2E,01 7A FF 27,
567,70E,2E,01 79 4F 23,
568,70E,2E,01 86 FF 27,
569,70E,2E,FE 79 FF D8,
570,70E,2E,FE 86 00 D8,
571,70E,2E,02 7A FF 27,
572,70E,2E,02 7A 00 28,
573,70E,2E,01 78 FF 27,
574,70E,2E,00 78 FF 27,
575,70E,2E,00 78 FE 26,
576,70E,2E,01 79 FF 00,
577,70E,2E,FF 79 FF 27,
578,74B,35,00 00 00 00,
579,74B,35,00 00 00 80,
580,74B,35,00 00 60 00,
581,74B,35,01 00 00 2C,
582,74B,35,FF 00 00 00,
583,74B,35,FF 00 00 FF,
584,74B,35,FF FF FF FF,
585,74B,35,00 01 00 00,
586,74B,35,01 01 00 00,
587,74B,35,01 01 01 01,
588,74B,35,00 00 FF 00,
589,74B,35,00 00 00 FF,
590,70E,2E,01 FD 97,
591,70E,2E,81 FD 97,
592,70E,2E,01 FD F7,
593,70E,2E,03 FD CF,
594,70E,2E,01 FD 68,
595,70E,2E,01 02 68,
596,70E,2E,FE 02 97,
597,70E,2E,01 FE 97,
598,70E,2E,02 FD 98,
599,70E,2E,01 00 98,
600,70E,2E,00 FD 97,
601,70E,2E,00 FD 96,
602,70E,2E,00 FD 94,
603,70E,2E,01 00 97,
604,70E,2E,FF FD 97,
605,74B,34,00 00 00 00,
606,74B,34,08 00 00 00,
607,74B,34,00 00 03 00,
608,74B,34,01 00 00 2C,
609,74B,34,00 00 FF 00,
610,74B,34,00 00 FF FF,
611,74B,34,FF FF FF FF,
612,74B,34,00 00 00 01,
613,74B,34,00 00 01 01,
614,74B,34,01 01 01 01,
615,70E,28,00 D6,
616,70E,28,80 D6,
617,70E,28,18 D6,
618,70E,28,00 40,
619,70E,28,00 29,
620,70E,28,FF 29,
621,70E,28,01 D6,
622,70E,28,01 D7,
623,70E,28,02 D8,
624,70E,28,FF D6,
625,70E,28,FF D5,
626,70E,28,FE D4,
627,74B,31,00 00 00 00,
628,74B,31,00 00 00 04,
629,74B,31,00 00 C0 00,
630,74B,31,25 00 00 80,
631,74B,31,FF 00 00 00,
632,74B,31,00 FF FF 00,
633,74B,31,FF FF FF FF,
634,74B,31,01 00 00 00,
635,74B,31,01 01 00 00,
636,74B,31,01 01 01 01,
637,74B,31,00 FF 00 00,
638,74B,31,FF FF 00 00,
639,70E,28,00 FD FF 01,
640,70E,28,00 F9 FF 01,
641,70E,28,00 FD FF 07,
642,70E,28,60 F4 FF 01,
643,70E,28,00 FD 00 01,
644,70E,28,FF FD FF FE,
645,70E,28,FF 02 00 FE,
646,70E,28,00 FE FF 01,
647,70E,28,01 FD FF 02,
648,70E,28,01 FE 00 02,
649,70E,28,FF FD FF 01,
650,70E,28,00 FC FE 01,
651,70E,28,FF FC FE 00,
652,70E,28,00 FF FF 01,
653,74B,2F,00 00 00 00,
654,74B,2F,00 00 20 00,
655,74B,2F,00 18 00 00,
656,74B,2F,04 00 00 B0,
657,74B,2F,00 FF 00 00,
658,74B,2F,00 FF FF 00,
659,74B,2F,FF FF FF FF,
660,74B,2F,01 00 00 00,
661,74B,2F,01 01 00 00,
662,74B,2F,01 01 01 01,
663,74B,2F,FF FF 00 00,
664,70E,27,FE,
665,70E,27,BE,
666,70E,27,F8,
667,70E,27,4A,
668,70E,27,01,
669,70E,27,FF,
670,70E,27,00,
671,70E,27,02,
672,70E,27,FD,
673,70E,27,FC,
674,70E,27,FA,
675,74B,2E,00 00 00 00,
676,74B,2E,00 00 00 02,
677,74B,2E,00 00 00 0C,
678,74B,2E,96 00 00 00,
679,74B,2E,00 00 00 FF,
680,74B,2E,00 00 FF FF,
681,74B,2E,FF FF FF FF,
682,74B,2E,00 00 00 01,
683,74B,2E,01 00 00 01,
684,74B,2E,01 01 01 01,
685,74B,2E,FF 00 00 00,
686,74B,2E,00 FF FF 00,
687,74B,2E,00 00 FF 00,
688,70E,27,ED 01 4C 01,
689,70E,27,EF 01 4C 01,
690,70E,27,ED 01 4C 31,
691,70E,27,ED 4A 4C 01,
692,70E,27,ED 01 4C FE,
693,70E,27,12 01 4C FE,
694,70E,27,12 FE B3 FE,
695,70E,27,ED 01 4D 01,
696,70E,27,ED 01 4D 02,
697,70E,27,EE 02 4D 02,
698,70E,27,ED 01 4B 01,
699,70E,27,EC 00 4C 01,
700,70E,27,EC 00 4B 00,
701,70E,27,ED 00 4C 01,
702,70E,27,FF 01 4C 01,
703,74B,28,00 00 00 00,
704,74B,28,04 00 00 00,
705,74B,28,00 00 00 18,
706,74B,28,00 00 4B 00,
707,74B,28,00 00 00 FF,
708,74B,28,FF FF 00 00,
709,74B,28,FF FF FF FF,
710,74B,28,01 00 00 00,
711,74B,28,01 00 00 01,
712,74B,28,01 01 01 01,
713,74B,28,00 FF 00 00,
714,70E,22,FF FE FF 69,
715,70E,22,FF FE FF 61,
716,70E,22,FF 9E FF 69,
717,70E,22,FF FE 3F 7B,
718,70E,22,FF 01 FF 69,
719,70E,22,00 01 FF 69,
720,70E,22,00 01 00 96,
721,70E,22,FF FE 00 69,
722,70E,22,FF FF 00 69,
723,70E,22,00 FF 00 6A,
724,70E,22,FF FD FF 69,
725,70E,22,FF FE FE 68,
726,70E,22,FE FD FE 68,
727,70E,22,FF FF FF 69,
728,74B,27,00 00 00 00,
729,74B,27,00 00 04 00,
730,74B,27,00 00 18 00,
731,74B,27,09 00 00 60,
732,74B,27,00 00 FF 00,
733,74B,27,00 FF FF 00,
734,74B,27,FF FF FF FF,
735,74B,27,00 01 00 00,
736,74B,27,01 00 00 01,
737,74B,27,01 01 01 01,
738,74B,27,00 00 00 FF,
739,74B,27,FF FF 00 00,
740,74B,27,00 FF 00 00,
741,70E,22,64 FE FF B0,
742,70E,22,64 FE F7 B0,
743,70E,22,64 FE FF 70,
744,70E,22,64 FE 3F A2,
745,70E,22,64 01 FF B0,
746,70E,22,64 FE 00 4F,
747,70E,22,9B 01 00 4F,
748,70E,22,64 FE FF B1,
749,70E,22,65 FE FF B1,
750,70E,22,65 FF 00 B1,
751,70E,22,63 FE FF B0,
752,70E,22,64 FE FE AF,
753,70E,22,63 FD FE AF,
754,70E,22,00 FE FF B0,
755,70E,22,64 FF FF B0,
756,74B,23,00 00 00 00,
757,74B,23,00 00 00 40,
758,74B,23,0C 00 00 00,
759,74B,23,01 00 00 2C,
760,74B,23,00 FF 00 00,
761,74B,23,00 00 FF FF,
762,74B,23,FF FF FF FF,
763,74B,23,01 00 00 00,
764,74B,23,00 00 01 01,
765,74B,23,01 01 01 01,
766,74B,23,00 00 00 FF,
767,74B,23,FF FF 00 00,
768,70E,19,00 FE 04 FD 16,
769,70E,19,00 FE 04 FD 17,
770,70E,19,00 FE 04 FD 26,
771,70E,19,00 FE 04 A5 14,
772,70E,19,00 01 04 FD 16,
773,70E,19,00 01 FB FD 16,
774,70E,19,00 01 04 FD E9,
775,70E,19,00 FE 05 FD 16,
776,70E,19,01 FF 04 FD 16,
777,70E,19,00 FF 06 FD 17,
778,70E,19,FF FE 04 FD 16,
779,70E,19,FF FE 04 FD 15,
780,70E,19,FF FE 03 FB 16,
781,70E,19,00 FE 00 FD 16,
782,74B,22,00 00 00 00,
783,74B,22,02 00 00 00,
784,74B,22,0C 00 00 00,
785,74B,22,00 00 00 96,
786,74B,22,00 FF 00 00,
787,74B,22,FF FF 00 00,
788,74B,22,FF FF FF FF,
789,74B,22,00 00 01 00,
790,74B,22,01 01 00 00,
791,74B,22,01 01 01 01,
792,74B,22,00 00 FF 00,
793,74B,22,FF 00 00 00,
794,70E,19,EC,
795,70E,19,FC,
796,70E,19,EF,
797,70E,19,3E,
798,70E,19,13,
799,70E,19,ED,
800,70E,19,EE,
801,70E,19,F0,
802,70E,19,EB,
803,70E,19,EA,
804,70E,19,E8,
805,70E,19,00,
806,70E,19,FF,
807,74B,19,00 00 00 00,
808,74B,19,00 00 00 08,
809,74B,19,00 00 00 30,
810,74B,19,00 00 C0 12,
811,74B,19,00 00 FF 00,
812,74B,19,00 00 FF FF,
813,74B,19,FF FF FF FF,
814,74B,19,00 00 00 01,
815,74B,19,00 01 01 00,
816,74B,19,01 01 01 01,
817,74B,19,FF 00 00 00,
818,74B,19,FF 00 00 FF,
819,74B,19,00 00 00 FF,
820,70E,14,00 00,
821,70E,14,01 00,
822,70E,14,80 01,
823,70E,14,58 02,
824,70E,14,FF 00,
825,70E,14,FF FF,
826,70E,14,01 01,
827,70E,14,02 02,
828,70E,14,00 FF,
829,70E,14,FE FE,
830,74B,14,00 00 00 00,
831,74B,14,00 20 00 00,
832,74B,14,00 00 C0 00,
833,74B,14,00 00 C0 12,
834,74B,14,00 00 FF 00,
835,74B,14,00 FF FF 00,
836,74B,14,FF FF FF FF,
837,74B,14,00 01 00 00,
838,74B,14,01 00 00 01,
839,74B,14,01 01 01 01,
840,74B,14,00 FF 00 00,
841,74B,14,FF 00 00 FF,
842,74B,14,00 00 00 FF,
843,70E,14,FF 05 FF 47 54,
844,70E,14,FF 05 FE 47 54,
845,70E,14,FF 05 FF 41 54,
846,70E,14,7F 20 FF 47 54,
847,70E,14,FF FA FF 47 54,
848,70E,14,00 FA FF 47 54,
849,70E,14,FF 05 00 47 AB,
850,70E,14,FF 05 FF 47 55,
851,70E,14,FF 05 FF 48 55,
852,70E,14,00 07 FF 48 54,
853,70E,14,FF 05 FF 47 53,
854,70E,14,FF 05 FE 46 54,
855,70E,14,FE 03 FF 46 54,
856,70E,14,FF 00 FF 47 54,
857,70E,14,FF 05 FF FF 54,
858,74B,11,00 00 00 00,
859,74B,11,00 00 00 80,
860,74B,11,00 00 00 06,
861,74B,11,00 96 00 00,
862,74B,11,00 00 FF 00,
863,74B,11,FF FF 00 00,
864,74B,11,FF FF FF FF,
865,74B,11,00 00 00 01,
866,74B,11,00 00 01 01,
867,74B,11,01 01 01 01,
868,74B,11,FF 00 00 00,
869,74B,11,00 00 FF FF,
870,70E,11,60 B7,
871,70E,11,60 BF,
872,70E,11,66 B7,
873,70E,11,38 B5,
874,70E,11,9F B7,
875,70E,11,9F 48,
876,70E,11,60 B8,
877,70E,11,61 B8,
878,70E,11,62 B9,
879,70E,11,60 B6,
880,70E,11,5F B6,
881,70E,11,5E B5,
882,70E,11,60 00,
883,70E,11,FF B7,
884,74B,10,00 00 00 00,
885,74B,10,00 00 80 00,
886,74B,10,00 00 00 C0,
887,74B,10,00 00 00 4B,
888,74B,10,00 00 00 FF,
889,74B,10,FF 00 00 FF,
890,74B,10,FF FF FF FF,
891,74B,10,00 00 01 00,
892,74B,10,01 00 00 01,
893,74B,10,01 01 01 01,
894,74B,10,FF 00 00 00,
895,70E,11,FF FF,
896,70E,11,FF 7F,
897,70E,11,FF 3F,
898,70E,11,A7 FD,
899,70E,11,FF 00,
900,70E,11,00 00,
901,70E,11,01 01,
902,70E,11,FE FF,
903,70E,11,FE FE,
904,70E,11,FD FD,
905,74A,85,03 06 0F 0C ED FF,
906,74A,85,83 06 0F 0C ED FF,
907,74A,85,C3 06 0F 0C ED FF,
908,74A,85,83 23 0F 0C ED FF,
909,74A,85,03 06 F0 0C ED FF,
910,74A,85,03 06 0F F3 12 FF,
911,74A,85,FC 06 F0 0C ED FF,
912,74A,85,03 07 0F 0C ED FF,
913,74A,85,03 07 10 0C ED FF,
914,74A,85,03 08 10 0C EE FF,
915,74A,85,03 06 0E 0C ED FF,
916,74A,85,03 06 0F 0C EC FE,
917,74A,85,01 05 0F 0B ED FF,
918,74A,85,00 06 0F 0C ED FF,
919,74A,85,03 06 0F 0C FF FF,
920,70E,10,01 01 61 20 15 01,
921,70E,10,01 01 61 60 15 01,
922,70E,10,01 01 61 20 15 19,
923,70E,10,01 4A 61 20 15 01,
924,70E,10,01 01 61 20 15 FE,
925,70E,10,01 01 9E DF 15 01,
926,70E,10,FE 01 61 20 EA 01,
927,70E,10,01 01 62 20 15 01,
928,70E,10,02 01 61 20 15 02,
929,70E,10,02 01 62 20 15 03,
930,70E,10,00 01 61 20 15 01,
931,70E,10,01 01 60 1F 15 01,
932,70E,10,01 FF 60 20 14 01,
933,70E,10,01 01 61 20 00 01,
934,70E,10,01 01 61 20 FF 01,
935,74A,85,FF FF,
936,74A,85,EF FF,
937,74A,85,FE 7F,
938,74A,85,D3 FE,
939,74A,85,FF 00,
940,74A,85,00 00,
941,74A,85,01 01,
942,74A,85,FE FF,
943,74A,85,FE FE,
944,74A,85,FD FD,
945,74A,85,00 FF,
946,70E,10,00 3F FD F7 EB 00 24,
947,70E,10,02 3F FD F7 EB 00 24,
948,70E,10,00 BF FC F7 EB 00 24,
949,70E,10,96 3F FD F7 EB 00 24,
950,70E,10,00 3F 02 F7 EB 00 24,
951,70E,10,00 3F FD 08 14 00 24,
952,70E,10,00 3F 02 08 14 00 DB,
953,70E,10,00 3F FE F7 EB 00 24,
954,70E,10,01 40 FD F7 EB 00 24,
955,70E,10,01 40 FE F7 EC 00 24,
956,70E,10,00 3F FD F7 EA 00 24,
957,70E,10,00 3F FD F7 EB FF 23,
958,70E,10,00 3E FC F6 EB FF 24,
959,70E,10,00 3F FD 00 EB 00 24,
960,70E,10,00 3F FF F7 EB 00 24,
961,74A,3E,94 53 35 E2 01 FF F6 00,
962,74A,3E,94 53 35 E2 01 DF F6 00,
963,74A,3E,94 53 39 E2 01 FF F6 00,
964,74A,3E,94 53 35 E2 59 FD F6 00,
965,74A,3E,94 53 35 E2 01 FF F6 FF,
966,74A,3E,6B 53 35 E2 01 FF F6 FF,
967,74A,3E,94 53 CA E2 FE 00 F6 FF,
968,74A,3E,94 53 36 E2 01 FF F6 00,
969,74A,3E,94 54 36 E2 01 FF F6 00,
970,74A,3E,94 54 35 E3 02 FF F7 00,
971,74A,3E,94 53 35 E2 01 FE F6 00,
972,74A,3E,93 52 35 E2 01 FF F6 00,
973,74A,3E,93 53 34 E2 01 FE F6 FF,
974,74A,3E,94 53 FF E2 01 FF F6 00,
975,70E,86,E9 F8 ED,
976,70E,86,E9 F8 6D,
977,70E,86,EA F8 ED,
978,70E,86,E9 78 C8,
979,70E,86,16 F8 ED,
980,70E,86,E9 07 12,
981,70E,86,16 07 ED,
982,70E,86,E9 F8 EE,
983,70E,86,E9 F9 EE,
984,70E,86,EA F8 F0,
985,70E,86,E8 F8 ED,
986,70E,86,E9 F7 EC,
987,70E,86,E8 F8 EA,
988,70E,86,00 F8 ED,
989,70E,86,E9 FF ED,
990,74A,3E,01 0D E5 FF,
991,74A,3E,01 4D E5 FF,
992,74A,3E,07 0D E5 FF,
993,74A,3E,00 0D E5 D3,
994,74A,3E,01 0D E5 00,
995,74A,3E,01 F2 1A FF,
996,74A,3E,FE F2 1A 00,
997,74A,3E,01 0D E6 FF,
998,74A,3E,01 0D E6 00,
999,74A,3E,02 0E E6 00,
1000,74A,3E,01 0D E5 FE,
1001,74A,3E,01 0C E4 FF,
1002,74A,3E,00 0C E4 FE,
1003,74A,3E,01 00 E5 FF,
1004,74A,3E,FF 0D E5 FF,
1005,70E,86,EA,
1006,70E,86,EB,
1007,70E,86,DA,
1008,70E,86,4F,
1009,70E,86,15,
1010,70E,86,EC,
1011,70E,86,EE,
1012,70E,86,E9,
1013,70E,86,E8,
1014,70E,86,E6,
1015,74A,3D,14 C1 AE,
1016,74A,3D,16 C1 AE,
1017,74A,3D,14 C1 CE,
1018,74A,3D,10 C1 1E,
1019,74A,3D,14 3E AE,
1020,74A,3D,14 3E 51,
1021,74A,3D,EB 3E AE,
1022,74A,3D,15 C1 AE,
1023,74A,3D,14 C2 AF,
1024,74A,3D,14 C4 AF,
1025,74A,3D,14 C1 AD,
1026,74A,3D,14 C0 AD,
1027,74A,3D,14 BE AD,
1028,74A,3D,14 00 AE,
1029,74A,3D,14 FF AE,
1030,70E,86,DA 79 96 F1,
1031,70E,86,DA 79 9E F1,
1032,70E,86,DA 79 F6 F1,
1033,70E,86,DA C9 92 F1,
1034,70E,86,DA 79 69 F1,
1035,70E,86,25 86 96 F1,
1036,70E,86,25 86 69 0E,
1037,70E,86,DA 79 96 F2,
1038,70E,86,DA 7A 97 F1,
1039,70E,86,DB 7A 97 F2,
1040,70E,86,DA 78 96 F1,
1041,70E,86,DA 78 95 F1,
1042,70E,86,D9 78 95 F0,
1043,70E,86,DA 79 00 F1,
1044,70E,86,DA 79 FF F1,
1045,74A,3D,03,
1046,74A,3D,02,
1047,74A,3D,82,
1048,74A,3D,D1,
1049,74A,3D,FC,
1050,74A,3D,04,
1051,74A,3D,05,
1052,74A,3D,07,
1053,74A,3D,01,
1054,74A,3D,FF,
1055,74A,3D,00,
1056,70E,86,00 81 F8 5F 3A 88 FE,
1057,70E,86,00 81 F9 5F 3A 88 FE,
1058,70E,86,0C 81 F8 5F 3A 88 FE,
1059,70E,86,00 81 F8 73 3B 88 FE,
1060,70E,86,00 81 07 5F 3A 88 FE,
1061,70E,86,00 81 F8 A0 C5 88 FE,
1062,70E,86,FF 81 F8 A0 C5 77 FE,
1063,70E,86,00 81 F8 5F 3A 88 FF,
1064,70E,86,00 81 F8 5F 3B 89 FE,
1065,70E,86,01 82 F8 60 3A 88 FF,
1066,70E,86,00 81 F7 5F 3A 88 FE,
1067,70E,86,00 81 F8 5E 39 88 FE,
1068,70E,86,00 81 F7 5E 39 88 FD,
1069,70E,86,00 81 00 5F 3A 88 FE,
1070,70E,86,00 81 F8 5F 3A FF FE,
1071,74A,37,00 0B,
1072,74A,37,04 0B,
1073,74A,37,00 6B,
1074,74A,37,96 0B,
1075,74A,37,FF 0B,
1076,74A,37,FF F4,
1077,74A,37,00 0C,
1078,74A,37,01 0C,
1079,74A,37,02 0D,
1080,74A,37,FF 0A,
1081,74A,37,FE 09,
1082,74A,37,00 00,
1083,70E,85,DA 7C 00 6C 31 D6 BF FF,
1084,70E,85,DA 7C 00 6C 31 D6 BF FD,
1085,70E,85,DA 7A 00 6C 31 D6 BF FF,
1086,70E,85,DA 7C 00 EC 14 D6 BF FF,
1087,70E,85,DA 7C 00 6C CE D6 BF FF,
1088,70E,85,DA 7C 00 6C 31 29 40 FF,
1089,70E,85,25 7C FF 6C 31 29 BF 00,
1090,70E,85,DA 7D 00 6C 31 D6 BF FF,
1091,70E,85,DB 7C 00 6C 31 D6 BF 00,
1092,70E,85,DA 7D 00 6C 32 D6 C0 00,
1093,70E,85,DA 7C 00 6C 31 D5 BF FF,
1094,70E,85,DA 7C 00 6C 31 D5 BE FF,
1095,70E,85,DA 7B 00 6B 30 D6 BE FF,
1096,70E,85,DA 7C 00 6C 00 D6 BF FF,
1097,70E,85,DA 7C 00 6C 31 D6 FF FF,
1098,74A,37,DD FE 00 18 66,
1099,74A,37,DD FE 00 38 66,
1100,74A,37,DD FE 06 18 66,
1101,74A,37,85 FC 00 18 66,
1102,74A,37,22 FE 00 18 66,
1103,74A,37,DD FE 00 E7 99,
1104,74A,37,22 FE FF 18 66,
1105,74A,37,DE FE 00 18 66,
1106,74A,37,DD FF 01 18 66,
1107,74A,37,DD FF 02 18 67,
1108,74A,37,DD FE 00 17 66,
1109,74A,37,DC FE 00 18 65,
1110,74A,37,DC FE FF 16 66,
1111,74A,37,DD FE 00 FF 66,
1112,70E,85,00 FF 55 64 6A 27 BF 00,
1113,70E,85,00 FF 55 64 6A 27 BF 08,
1114,70E,85,00 FF 55 67 6A 27 BF 00,
1115,70E,85,00 FF 55 A4 78 27 BF 00,
1116,70E,85,00 FF 55 64 95 27 BF 00,
1117,70E,85,00 00 AA 64 6A 27 BF 00,
1118,70E,85,00 00 AA 64 95 27 BF FF,
1119,70E,85,00 FF 55 64 6A 27 BF 01,
1120,70E,85,00 FF 55 64 6A 28 C0 00,
1121,70E,85,01 FF 56 64 6A 28 BF 01,
1122,70E,85,00 FF 55 64 6A 27 BE 00,
1123,70E,85,FF FF 55 64 6A 27 BF FF,
1124,70E,85,FF FE 55 63 6A 27 BE 00,
1125,70E,85,00 00 55 64 6A 27 BF 00,
1126,70E,85,00 FF 55 64 6A 27 FF 00,
1127,74A,36,FE FF,
1128,74A,36,FE F7,
1129,74A,36,FE E7,
1130,74A,36,A6 FD,
1131,74A,36,01 FF,
1132,74A,36,01 00,
1133,74A,36,FE 00,
1134,74A,36,FF 00,
1135,74A,36,00 01,
1136,74A,36,FE FE,
1137,74A,36,FD FE,
1138,74A,36,FC FD,
1139,74A,36,00 FF,
1140,74A,36,FF FF,
1141,70E,85,00 40 01 29,
1142,70E,85,00 40 01 A9,
1143,70E,85,00 40 07 29,
1144,70E,85,12 40 01 E9,
1145,70E,85,FF 40 01 29,
1146,70E,85,FF BF 01 29,
1147,70E,85,FF BF FE D6,
1148,70E,85,01 40 01 29,
1149,70E,85,01 41 01 29,
1150,70E,85,01 41 02 2A,
1151,70E,85,00 3F 01 29,
1152,70E,85,FF 3F 01 29,
1153,70E,85,FF 3F 00 28,
1154,70E,85,00 40 01 00,
1155,70E,85,00 40 FF 29,
1156,74A,36,DE FF,
1157,74A,36,DE FD,
1158,74A,36,C6 FF,
1159,74A,36,F2 FE,
1160,74A,36,21 FF,
1161,74A,36,21 00,
1162,74A,36,DE 00,
1163,74A,36,DF 00,
1164,74A,36,E0 01,
1165,74A,36,DE FE,
1166,74A,36,DD FE,
1167,74A,36,DC FD,
1168,70E,85,88 3C C6 ED 00 FF FD,
1169,70E,85,88 3C C6 ED 00 FF ED,
1170,70E,85,88 3C C6 ED 00 FF FE,
1171,70E,85,81 3C C6 ED 00 FF 9D,
1172,70E,85,88 3C C6 ED 00 00 FD,
1173,70E,85,88 3C C6 12 FF FF FD,
1174,70E,85,77 C3 39 ED FF FF FD,
1175,70E,85,88 3D C7 ED 00 FF FD,
1176,70E,85,88 3D C6 ED 01 00 FE,
1177,70E,85,87 3C C6 ED 00 FF FD,
1178,70E,85,87 3B C6 ED 00 FF FD,
1179,70E,85,88 3B C6 ED FF FE FC,
1180,70E,85,88 3C C6 00 00 FF FD,
1181,74A,35,00 80 00 A9 1B FF,
1182,74A,35,00 80 00 AD 1B FF,
1183,74A,35,00 80 00 29 1A FF,
1184,74A,35,00 80 B0 AD 1B FF,
1185,74A,35,00 80 FF A9 1B FF,
1186,74A,35,00 7F FF A9 1B FF,
1187,74A,35,00 80 00 56 1B 00,
1188,74A,35,01 80 00 A9 1B FF,
1189,74A,35,01 81 00 A9 1B FF,
1190,74A,35,00 81 00 A9 1D 00,
1191,74A,35,00 7F 00 A9 1B FF,
1192,74A,35,FF 7F 00 A9 1B FF,
1193,74A,35,00 80 FE A8 1B FE,
1194,74A,35,00 80 00 A9 00 FF,
1195,74A,35,00 80 00 A9 FF FF,
1196,70E,3E,F3,
1197,70E,3E,E3,
1198,70E,3E,F0,
1199,70E,3E,9A,
1200,70E,3E,0C,
1201,70E,3E,F4,
1202,70E,3E,F5,
1203,70E,3E,F7,
1204,70E,3E,F2,
1205,70E,3E,F1,
1206,70E,3E,EF,
1207,74A,35,F7 FF 00 62,
1208,74A,35,F7 DF 00 62,
1209,74A,35,F7 FF 60 62,
1210,74A,35,D2 FF 00 E2,
1211,74A,35,F7 FF FF 62,
1212,74A,35,08 00 00 62,
1213,74A,35,08 00 FF 9D,
1214,74A,35,F8 FF 00 62,
1215,74A,35,F8 FF 00 63,
1216,74A,35,F8 00 01 63,
1217,74A,35,F7 FE FF 62,
1218,74A,35,F6 FE FF 61,
1219,74A,35,F7 00 00 62,
1220,70E,3E,83,
1221,70E,3E,C3,
1222,70E,3E,9B,
1223,70E,3E,EA,
1224,70E,3E,7C,
1225,70E,3E,84,
1226,70E,3E,85,
1227,70E,3E,87,
1228,70E,3E,82,
1229,70E,3E,7F,
1230,74A,34,5D 9E 48 FF,
1231,74A,34,5D 9E 48 BF,
1232,74A,34,5D 9E 48 9F,
1233,74A,34,5D 08 48 FF,
1234,74A,34,5D 9E 48 00,
1235,74A,34,A2 61 48 FF,
1236,74A,34,A2 61 B7 00,
1237,74A,34,5E 9F 48 FF,
1238,74A,34,5E 9F 49 00,
1239,74A,34,5D 9D 48 FF,
1240,74A,34,5C 9D 48 FF,
1241,74A,34,5C 9D 47 FE,
1242,74A,34,FF 9E 48 FF,
1243,70E,3E,FF FF,
1244,70E,3E,FF BF,
1245,70E,3E,9F FF,
1246,70E,3E,DA 7F,
1247,70E,3E,FF 00,
1248,70E,3E,00 00,
1249,70E,3E,00 FF,
1250,70E,3E,01 01,
1251,70E,3E,FF FE,
1252,70E,3E,FE FE,
1253,70E,3E,FD FD,
1254,74A,34,6A A4 FE,
1255,74A,34,6A A6 FE,
1256,74A,34,0A A4 FE,
1257,74A,34,6A A4 68,
1258,74A,34,95 A4 FE,
1259,74A,34,6A 5B 01,
1260,74A,34,6B A4 FE,
1261,74A,34,6B A5 FE,
1262,74A,34,6D A5 FE,
1263,74A,34,69 A4 FE,
1264,74A,34,69 A4 FD,
1265,74A,34,67 A3 FE,
1266,74A,34,6A 00 FE,
1267,74A,34,FF A4 FE,
1268,70E,3E,48 B2 D4 00 0A 24,
1269,70E,3E,48 A2 D4 00 0A 24,
1270,70E,3E,48 B4 D4 00 0A 24,
1271,70E,3E,03 B2 D4 00 0A 24,
1272,70E,3E,48 B2 D4 00 0A DB,
1273,70E,3E,48 B2 2B FF 0A 24,
1274,70E,3E,48 4D D4 00 0A DB,
1275,70E,3E,48 B2 D4 00 0A 25,
1276,70E,3E,48 B3 D5 00 0A 24,
1277,70E,3E,49 B2 D4 02 0B 24,
1278,70E,3E,48 B2 D4 00 0A 23,
1279,70E,3E,48 B1 D3 00 0A 24,
1280,70E,3E,48 B0 D3 00 09 24,
1281,70E,3E,48 B2 D4 00 00 24,
1282,70E,3E,48 B2 D4 00 FF 24,
1283,74A,31,4D 5A 32 FD,
1284,74A,31,4D 5A 22 FD,
1285,74A,31,8D 5A 32 FD,
1286,74A,31,4D 5A 52 F4,
1287,74A,31,4D 5A 32 02,
1288,74A,31,B2 A5 32 FD,
1289,74A,31,B2 A5 CD 02,
1290,74A,31,4D 5B 32 FD,
1291,74A,31,4E 5A 32 FE,
1292,74A,31,4E 5B 33 FE,
1293,74A,31,4D 5A 31 FD,
1294,74A,31,4D 59 31 FD,
1295,74A,31,4C 59 31 FC,
1296,74A,31,4D 00 32 FD,
1297,74A,31,4D 5A FF FD,
1298,74A,31,00 FF 52,
1299,74A,31,00 FF 5A,
1300,74A,31,00 FF 51,
1301,74A,31,12 FF 92,
1302,74A,31,00 FF AD,
1303,74A,31,00 00 AD,
1304,74A,31,01 FF 52,
1305,74A,31,00 00 53,
1306,74A,31,03 00 52,
1307,74A,31,FF FF 52,
1308,74A,31,00 FE 51,
1309,74A,31,FD FE 52,
1310,70E,31,0A 00,
1311,70E,31,0A 80,
1312,70E,31,0A 30,
1313,70E,31,BA 04,
1314,70E,31,F5 00,
1315,70E,31,F5 FF,
1316,70E,31,0A 01,
1317,70E,31,0B 01,
1318,70E,31,0C 02,
1319,70E,31,0A FF,
1320,70E,31,09 FF,
1321,70E,31,08 FE,
1322,70E,31,FF 00,
1323,74A,2F,FE 01 13 79 00 0D,
1324,74A,2F,FE 01 13 59 00 0D,
1325,74A,2F,FE 01 13 79 18 0D,
1326,74A,2F,FE 01 13 79 58 0F,
1327,74A,2F,01 01 13 79 00 0D,
1328,74A,2F,FE 01 13 79 FF F2,
1329,74A,2F,FE FE 13 79 00 F2,
1330,74A,2F,FF 01 13 79 00 0D,
1331,74A,2F,FE 01 14 7A 00 0D,
1332,74A,2F,FE 03 14 79 01 0D,
1333,74A,2F,FD 01 13 79 00 0D,
1334,74A,2F,FD 01 13 79 00 0C,
1335,74A,2F,FC 00 13 78 00 0D,
1336,74A,2F,00 01 13 79 00 0D,
1337,70E,31,4A,
1338,70E,31,6A,
1339,70E,31,4C,
1340,70E,31,23,
1341,70E,31,B5,
1342,70E,31,4B,
1343,70E,31,4E,
1344,70E,31,49,
1345,70E,31,48,
1346,70E,31,46,
1347,74A,2F,01 00 7E DA,
1348,74A,2F,01 00 7E 5A,
1349,74A,2F,07 00 7E DA,
1350,74A,2F,05 00 7E 6A,
1351,74A,2F,FE 00 7E DA,
1352,74A,2F,01 FF 81 DA,
1353,74A,2F,FE FF 81 25,
1354,74A,2F,01 00 7E DB,
1355,74A,2F,01 00 7F DB,
1356,74A,2F,02 01 7F DB,
1357,74A,2F,01 00 7D DA,
1358,74A,2F,01 FF 7D DA,
1359,74A,2F,00 FF 7D D9,
1360,74A,2F,00 00 7E DA,
1361,74A,2F,01 00 7E FF,
1362,70E,31,FF DE 0C B1,
1363,70E,31,FF D6 0C B1,
1364,70E,31,FF DE 0C 81,
1365,70E,31,ED DE 0C 71,
1366,70E,31,FF DE 0C 4E,
1367,70E,31,FF 21 F3 B1,
1368,70E,31,00 21 F3 4E,
1369,70E,31,FF DF 0C B1,
1370,70E,31,00 DF 0C B1,
1371,70E,31,00 DF 0D B2,
1372,70E,31,FF DD 0C B1,
1373,70E,31,FF DD 0B B1,
1374,70E,31,FE DD 0B B0,
1375,70E,31,FF DE 0C 00,
1376,70E,31,FF FF 0C B1,
1377,74A,2E,01 A0 80 FF,
1378,74A,2E,01 A0 80 FE,
1379,74A,2E,01 60 80 FF,
1380,74A,2E,97 A0 80 FF,
1381,74A,2E,01 A0 7F FF,
1382,74A,2E,FE A0 80 00,
1383,74A,2E,FE 5F 7F 00,
1384,74A,2E,01 A0 81 FF,
1385,74A,2E,02 A0 80 00,
1386,74A,2E,02 A1 81 00,
1387,74A,2E,00 A0 80 FF,
1388,74A,2E,00 A0 80 FE,
1389,74A,2E,00 9F 7F FE,
1390,74A,2E,01 A0 80 00,
1391,74A,2E,01 FF 80 FF,
1392,70E,2F,FF,
1393,70E,2F,DF,
1394,70E,2F,F9,
1395,70E,2F,2D,
1396,70E,2F,00,
1397,70E,2F,01,
1398,70E,2F,03,
1399,70E,2F,FE,
1400,70E,2F,FD,
1401,70E,2F,FB,
1402,74A,2E,E8 FF 5F 09,
1403,74A,2E,F8 FF 5F 09,
1404,74A,2E,E8 FF 5F 0F,
1405,74A,2E,EA FF 5F 51,
1406,74A,2E,E8 FF 5F F6,
1407,74A,2E,E8 FF A0 F6,
1408,74A,2E,17 00 A0 F6,
1409,74A,2E,E8 00 5F 09,
1410,74A,2E,E9 00 5F 09,
1411,74A,2E,E9 00 60 0A,
1412,74A,2E,E8 FF 5F 08,
1413,74A,2E,E8 FF 5E 08,
1414,74A,2E,E7 FE 5E 08,
1415,70E,2F,12 6B EF 6F 00,
1416,70E,2F,12 6B EF 6F 80,
1417,70E,2F,12 6B EF 5F 00,
1418,70E,2F,12 6B EF EF 25,
1419,70E,2F,ED 6B EF 6F 00,
1420,70E,2F,ED 94 EF 6F 00,
1421,70E,2F,ED 6B EF 90 00,
1422,70E,2F,12 6C EF 6F 00,
1423,70E,2F,12 6B EF 70 01,
1424,70E,2F,14 6B F0 6F 01,
1425,70E,2F,12 6B EF 6F FF,
1426,70E,2F,11 6B EF 6F FF,
1427,70E,2F,12 6A EF 6E FE,
1428,70E,2F,12 6B 00 6F 00,
1429,70E,2F,FF 6B EF 6F 00,
1430,74A,28,02,
1431,74A,28,82,
1432,74A,28,0E,
1433,74A,28,2F,
1434,74A,28,FD,
1435,74A,28,03,
1436,74A,28,04,
1437,74A,28,06,
1438,74A,28,01,
1439,74A,28,00,
1440,74A,28,FE,
1441,74A,28,FF,
1442,70E,2F,0D 0A 00 FF FF ED,
1443,70E,2F,0D 0A 20 FF FF ED,
1444,70E,2F,0D 0A 00 CF FF ED,
1445,70E,2F,09 0A 00 FF FF 5D,
1446,70E,2F,0D 0A FF FF FF ED,
1447,70E,2F,0D 0A FF 00 FF ED,
1448,70E,2F,F2 0A FF FF FF ED,
1449,70E,2F,0D 0A 00 FF 00 ED,
1450,70E,2F,0E 0A 00 FF FF EE,
1451,70E,2F,0D 0C 01 FF 00 ED,
1452,70E,2F,0D 0A 00 FF FF EC,
1453,70E,2F,0D 0A 00 FF FE EC,
1454,70E,2F,0C 0A 00 FD FE ED,
1455,70E,2F,0D 0A 00 00 FF ED,
1456,70E,2F,0D 0A 00 FF FF FF,
1457,74A,28,FF FF 00 FF,
1458,74A,28,FF FF 02 FF,
1459,74A,28,FF 9F 00 FF,
1460,74A,28,3F ED 00 FF,
1461,74A,28,FF 00 00 FF,
1462,74A,28,00 FF 00 00,
1463,74A,28,00 FF 00 FF,
1464,74A,28,FF FF 01 00,
1465,74A,28,00 00 01 00,
1466,74A,28,FF FF 00 FE,
1467,74A,28,FF FF FF FE,
1468,74A,28,FE FE FF FE,
1469,70E,2F,FF F5 96 00 00 16 FC,
1470,70E,2F,FF F5 96 00 00 16 F4,
1471,70E,2F,FF C5 96 00 00 16 FC,
1472,70E,2F,FF F5 CE 02 00 16 FC,
1473,70E,2F,00 F5 96 00 00 16 FC,
1474,70E,2F,FF F5 96 FF FF 16 FC,
1475,70E,2F,FF 0A 96 00 FF E9 03,
1476,70E,2F,FF F5 96 00 01 16 FC,
1477,70E,2F,FF F5 97 01 00 16 FC,
1478,70E,2F,FF F6 97 01 00 17 FC,
1479,70E,2F,FF F5 96 00 00 16 FB,
1480,70E,2F,FF F5 96 00 00 15 FB,
1481,70E,2F,FE F4 95 00 FF 16 FC,
1482,70E,2F,FF F5 96 00 00 16 00,
1483,70E,2F,FF F5 96 00 00 FF FC,
1484,74A,27,13 FF 01 DE,
1485,74A,27,13 FF 81 DE,
1486,74A,27,13 FF 01 D2,
1487,74A,27,13 FF 97 DE,
1488,74A,27,13 00 01 DE,
1489,74A,27,EC FF 01 21,
1490,74A,27,EC 00 FE 21,
1491,74A,27,14 FF 01 DE,
1492,74A,27,13 00 02 DE,
1493,74A,27,14 00 02 DF,
1494,74A,27,13 FE 01 DE,
1495,74A,27,12 FF 01 DD,
1496,74A,27,12 FE 00 DD,
1497,70E,2E,00 15 FF 26,
1498,70E,2E,00 05 FF 26,
1499,70E,2E,18 15 FF 26,
1500,70E,2E,4B 15 FF 26,
1501,70E,2E,FF 15 FF 26,
1502,70E,2E,00 15 00 D9,
1503,70E,2E,FF EA 00 D9,
1504,70E,2E,00 15 00 26,
1505,70E,2E,01 15 FF 27,
1506,70E,2E,01 16 00 27,
1507,70E,2E,00 15 FF 25,
1508,70E,2E,00 15 FE 25,
1509,70E,2E,FF 14 FE 25,
1510,74A,27,00 FF,
1511,74A,27,40 FF,
1512,74A,27,00 3F,
1513,74A,27,00 B4,
1514,74A,27,00 00,
1515,74A,27,FF 00,
1516,74A,27,01 FF,
1517,74A,27,01 00,
1518,74A,27,02 01,
1519,74A,27,00 FE,
1520,74A,27,FF FE,
1521,74A,27,FE FD,
1522,70E,2E,84 FE F4,
1523,70E,2E,84 BE F4,
1524,70E,2E,04 FF F4,
1525,70E,2E,E4 F7 F4,
1526,70E,2E,84 01 F4,
1527,70E,2E,7B 01 F4,
1528,70E,2E,84 01 0B,
1529,70E,2E,84 FF F4,
1530,70E,2E,84 FF F5,
1531,70E,2E,87 FF F4,
1532,70E,2E,83 FE F4,
1533,70E,2E,83 FE F3,
1534,70E,2E,83 FE F1,
1535,70E,2E,00 FE F4,
1536,74A,23,28 FF F6 02 D5 E6,
1537,74A,23,28 FF F6 02 D5 A6,
1538,74A,23,48 FF F6 02 D5 E6,
1539,74A,23,A8 DA F6 02 D5 E6,
1540,74A,23,28 FF F6 FD D5 E6,
1541,74A,23,D7 FF F6 02 D5 19,
1542,74A,23,D7 FF F6 02 2A E6,
1543,74A,23,28 FF F6 03 D5 E6,
1544,74A,23,28 FF F7 03 D5 E6,
1545,74A,23,2A 00 F6 03 D5 E6,
1546,74A,23,28 FF F6 02 D5 E5,
1547,74A,23,28 FE F5 02 D5 E6,
1548,74A,23,27 FF F6 00 D4 E6,
1549,74A,23,28 FF 00 02 D5 E6,
1550,74A,23,28 FF FF 02 D5 E6,
1551,70E,2E,14 2D E5 FA 39,
1552,70E,2E,14 2D E7 FA 39,
1553,70E,2E,14 2D E5 3A 39,
1554,70E,2E,74 24 E5 FA 39,
1555,70E,2E,14 2D 1A FA 39,
1556,70E,2E,14 D2 1A FA 39,
1557,70E,2E,14 D2 E5 FA C6,
1558,70E,2E,14 2D E6 FA 39,
1559,70E,2E,14 2D E6 FB 39,
1560,70E,2E,14 2E E7 FA 3A,
1561,70E,2E,14 2D E4 FA 39,
1562,70E,2E,14 2D E5 F9 38,
1563,70E,2E,14 2C E3 FA 38,
1564,70E,2E,14 2D 00 FA 39,
1565,70E,2E,FF 2D E5 FA 39,
1566,74A,23,FE,
1567,74A,23,7E,
1568,74A,23,FD,
1569,74A,23,4A,
1570,74A,23,01,
1571,74A,23,FF,
1572,74A,23,00,
1573,74A,23,02,
1574,74A,23,FC,
1575,74A,23,FA,
1576,70E,2E,04,
1577,70E,2E,84,
1578,70E,2E,34,
1579,70E,2E,29,
1580,70E,2E,FB,
1581,70E,2E,05,
1582,70E,2E,06,
1583,70E,2E,08,
1584,70E,2E,03,
1585,70E,2E,02,
1586,70E,2E,00,
1587,70E,2E,FF,
1588,74A,22,00,
1589,74A,22,80,
1590,74A,22,18,
1591,74A,22,4B,
1592,74A,22,FF,
1593,74A,22,01,
1594,74A,22,02,
1595,74A,22,04,
1596,74A,22,FE,
1597,74A,22,FC,
1598,70E,28,B8,
1599,70E,28,F8,
1600,70E,28,D8,
1601,70E,28,F3,
1602,70E,28,47,
1603,70E,28,B9,
1604,70E,28,BA,
1605,70E,28,BC,
1606,70E,28,B7,
1607,70E,28,B6,
1608,70E,28,B4,
1609,70E,28,00,
1610,70E,28,FF,
1611,74A,22,FF B0 D9 4C 7D FF A5 FA,
1612,74A,22,FF B0 D9 4C 7D FF A7 FA,
1613,74A,22,FF B0 DA 4C 7D FF A5 FA,
1614,74A,22,7F 95 D9 4C 7D FF A5 FA,
1615,74A,22,FF 4F D9 4C 7D FF A5 FA,
1616,74A,22,FF 4F 26 4C 7D FF A5 FA,
1617,74A,22,00 B0 D9 B3 7D 00 5A FA,
1618,74A,22,FF B0 D9 4C 7D 00 A5 FA,
1619,74A,22,FF B0 DA 4D 7D FF A5 FA,
1620,74A,22,00 B0 D9 4D 7D 00 A6 FA,
1621,74A,22,FF B0 D9 4C 7C FF A5 FA,
1622,74A,22,FE B0 D9 4C 7D FF A5 F9,
1623,74A,22,FE AF D9 4B 7D FF A4 FA,
1624,74A,22,FF 00 D9 4C 7D FF A5 FA,
1625,74A,22,FF B0 D9 4C 7D FF A5 FF,
1626,70E,28,00 2C,
1627,70E,28,20 2C,
1628,70E,28,00 20,
1629,70E,28,2C 2D,
1630,70E,28,FF 2C,
1631,70E,28,FF D3,
1632,70E,28,01 2C,
1633,70E,28,01 2D,
1634,70E,28,02 2E,
1635,70E,28,FF 2B,
1636,70E,28,FE 2A,
1637,70E,28,00 00,
1638,74A,19,F9 01,
1639,74A,19,F1 01,
1640,74A,19,F9 19,
1641,74A,19,DC 81,
1642,74A,19,06 01,
1643,74A,19,06 FE,
1644,74A,19,FA 01,
1645,74A,19,FA 02,
1646,74A,19,FB 03,
1647,74A,19,F8 01,
1648,74A,19,F8 00,
1649,74A,19,F7 FF,
1650,74A,19,F9 00,
1651,74A,19,F9 FF,
1652,70E,28,FF 00 00 8C,
1653,70E,28,FE 00 00 8C,
1654,70E,28,FC 00 00 8C,
1655,70E,28,FF 00 58 8E,
1656,70E,28,FF 00 00 73,
1657,70E,28,00 FF 00 8C,
1658,70E,28,00 FF FF 73,
1659,70E,28,FF 00 00 8D,
1660,70E,28,FF 01 01 8C,
1661,70E,28,00 01 01 8D,
1662,70E,28,FF 00 FF 8C,
1663,70E,28,FF FF FF 8C,
1664,70E,28,FE FF FF 8B,
1665,70E,28,00 00 00 8C,
1666,70E,28,FF FF 00 8C,
1667,74A,19,4E,
1668,74A,19,46,
1669,74A,19,56,
1670,74A,19,D8,
1671,74A,19,B1,
1672,74A,19,4F,
1673,74A,19,50,
1674,74A,19,52,
1675,74A,19,4D,
1676,74A,19,4C,
1677,74A,19,4A,
1678,74A,19,00,
1679,74A,19,FF,
1680,70E,28,00 03 1B FF,
1681,70E,28,00 03 9B FF,
1682,70E,28,0C 03 1B FF,
1683,70E,28,00 B3 1F FF,
1684,70E,28,00 FC 1B FF,
1685,70E,28,FF FC 1B FF,
1686,70E,28,FF FC E4 00,
1687,70E,28,00 04 1B FF,
1688,70E,28,01 04 1B FF,
1689,70E,28,01 04 1C 00,
1690,70E,28,FF 03 1B FF,
1691,70E,28,FF 03 1B FE,
1692,70E,28,FF 02 1A FE,
1693,70E,28,00 03 1B 00,
1694,70E,28,00 03 FF FF,
1695,74A,14,01 58 65 F6 95 FC AB 39,
1696,74A,14,01 18 65 F6 95 FC AB 39,
1697,74A,14,01 58 65 F6 95 FC AB 3A,
1698,74A,14,01 58 65 F6 95 7C 8E 39,
1699,74A,14,FE 58 65 F6 95 FC AB 39,
1700,74A,14,01 58 9A 09 95 FC AB 39,
1701,74A,14,01 A7 65 09 6A FC 54 39,
1702,74A,14,01 58 65 F6 95 FD AC 39,
1703,74A,14,01 59 65 F7 96 FC AC 39,
1704,74A,14,01 58 65 F6 95 FB AB 39,
1705,74A,14,00 57 65 F6 95 FC AB 39,
1706,74A,14,01 58 64 F6 94 FB AB 38,
1707,74A,14,01 00 65 F6 95 FC AB 39,
1708,74A,14,01 58 65 F6 FF FC AB 39,
1709,74A,14,81 CA 0F 00 FF 01,
1710,74A,14,81 CB 0F 00 FF 01,
1711,74A,14,99 CA 0F 00 FF 01,
1712,74A,14,93 CA 0F 00 FF C1,
1713,74A,14,81 CA F0 00 FF 01,
1714,74A,14,7E CA 0F 00 FF FE,
1715,74A,14,81 35 0F FF FF 01,
1716,74A,14,81 CA 0F 00 FF 02,
1717,74A,14,81 CA 0F 00 00 02,
1718,74A,14,82 CA 10 00 FF 03,
1719,74A,14,80 CA 0F 00 FF 01,
1720,74A,14,80 C9 0F 00 FF 01,
1721,74A,14,80 CA 0F FE FE 01,
1722,74A,14,00 CA 0F 00 FF 01,
1723,74A,14,81 CA 0F 00 FF FF,
1724,70E,27,26 DF,
1725,70E,27,2E DF,
1726,70E,27,26 BF,
1727,70E,27,26 94,
1728,70E,27,26 20,
1729,70E,27,D9 20,
1730,70E,27,27 DF,
1731,70E,27,27 E0,
1732,70E,27,28 E1,
1733,70E,27,26 DE,
1734,70E,27,25 DE,
1735,70E,27,24 DD,
1736,70E,27,26 00,
1737,70E,27,26 FF,
1738,74A,11,FE FF,
1739,74A,11,FE F7,
1740,74A,11,3E FF,
1741,74A,11,B5 FF,
1742,74A,11,FE 00,
1743,74A,11,01 00,
1744,74A,11,FF FF,
1745,74A,11,FF 00,
1746,74A,11,00 01,
1747,74A,11,FE FE,
1748,74A,11,FD FE,
1749,74A,11,FC FD,
1750,74A,11,00 FF,
1751,70E,27,E7 D3 E0 8C E8 0E FE,
1752,70E,27,E7 D3 E0 8C E8 0C FE,
1753,70E,27,E7 D3 E0 8C E8 0D FE,
1754,70E,27,E7 FF E1 8C E8 0E FE,
1755,70E,27,E7 D3 E0 8C E8 F1 FE,
1756,70E,27,E7 D3 1F 73 E8 0E FE,
1757,70E,27,18 D3 1F 8C E8 F1 01,
1758,70E,27,E7 D3 E0 8C E8 0F FE,
1759,70E,27,E7 D3 E0 8C E9 0F FE,
1760,70E,27,E8 D4 E1 8C E9 0E FE,
1761,70E,27,E7 D3 E0 8C E8 0D FD,
1762,70E,27,E7 D2 E0 8C E7 0D FD,
1763,70E,27,E7 D3 E0 8C E8 0E 00,
1764,70E,27,E7 D3 E0 FF E8 0E FE,
1765,74A,11,FF,
1766,74A,11,FE,
1767,74A,11,9F,
1768,74A,11,A5,
1769,74A,11,00,
1770,74A,11,01,
1771,74A,11,03,
1772,74A,11,FD,
1773,74A,11,FB,
1774,70E,27,8D 5C 6F E2 12 FE 34 04,
1775,70E,27,85 5C 6F E2 12 FE 34 04,
1776,70E,27,81 5C 6F E2 12 FE 34 04,
1777,70E,27,89 5C 6F E2 12 FE 34 B4,
1778,70E,27,8D 5C 6F 1D 12 FE 34 04,
1779,70E,27,8D 5C 6F E2 12 01 CB 04,
1780,70E,27,72 5C 90 E2 12 01 34 FB,
1781,70E,27,8D 5D 6F E2 12 FE 34 04,
1782,70E,27,8D 5D 70 E2 12 FE 34 04,
1783,70E,27,8D 5D 70 E2 13 FE 34 05,
1784,70E,27,8D 5B 6F E2 12 FE 34 04,
1785,70E,27,8C 5B 6F E2 12 FE 34 04,
1786,70E,27,8D 5B 6E E2 11 FE 34 03,
1787,70E,27,8D 5C 6F E2 00 FE 34 04,
1788,70E,27,8D 5C 6F E2 12 FE FF 04,
1789,74A,10,85 C0 17 00 FF,
1790,74A,10,85 C0 15 00 FF,
1791,74A,10,85 C0 17 00 9F,
1792,74A,10,85 C0 17 B0 FB,
1793,74A,10,85 C0 17 FF FF,
1794,74A,10,7A C0 17 00 00,
1795,74A,10,85 3F 17 FF FF,
1796,74A,10,85 C1 17 00 FF,
1797,74A,10,85 C0 17 01 00,
1798,74A,10,86 C2 17 01 FF,
1799,74A,10,85 C0 16 00 FF,
1800,74A,10,84 C0 17 00 FE,
1801,74A,10,83 C0 16 00 FE,
1802,74A,10,85 C0 00 00 FF,
1803,74A,10,85 C0 FF 00 FF,
1804,70E,22,41 FE 00,
1805,70E,22,40 FE 00,
1806,70E,22,41 CE 00,
1807,70E,22,81 EC 00,
1808,70E,22,41 FE FF,
1809,70E,22,BE 01 00,
1810,70E,22,BE FE FF,
1811,70E,22,41 FE 01,
1812,70E,22,42 FF 00,
1813,70E,22,42 FE 03,
1814,70E,22,40 FE FF,
1815,70E,22,40 FE FD,
1816,70E,22,41 00 00,
1817,70E,22,41 FF 00,
1818,74A,10,94 8B 01 88 02 19,
1819,74A,10,94 8B 01 88 02 1D,
1820,74A,10,94 8B 61 88 02 19,
1821,74A,10,94 8B 97 88 02 19,
1822,74A,10,94 8B FE 88 02 19,
1823,74A,10,94 74 FE 88 02 19,
1824,74A,10,94 74 01 88 02 E6,
1825,74A,10,94 8C 01 88 02 19,
1826,74A,10,94 8C 02 88 02 19,
1827,74A,10,96 8C 01 89 02 19,
1828,74A,10,94 8B 01 88 01 19,
1829,74A,10,93 8B 01 88 02 18,
1830,74A,10,94 8A 01 88 00 18,
1831,74A,10,94 8B 01 00 02 19,
1832,74A,10,94 8B 01 88 FF 19,
1833,70E,22,CE 00 21,
1834,70E,22,8E 00 21,
1835,70E,22,CE C0 21,
1836,70E,22,CE 4B 21,
1837,70E,22,CE FF 21,
1838,70E,22,31 FF 21,
1839,70E,22,CE FF DE,
1840,70E,22,CE 00 22,
1841,70E,22,CE 01 22,
1842,70E,22,CF 00 24,
1843,70E,22,CE 00 20,
1844,70E,22,CD 00 20,
1845,70E,22,CD 00 1E,
1846,70E,22,00 00 21,
1847,70E,22,FF 00 21,
1848,74B,85,1D 7A DC D7,
1849,74B,85,1D 7A D4 D7,
1850,74B,85,1D 7A C4 D7,
1851,74B,85,1F 7A DC 8F,
1852,74B,85,1D 7A 23 D7,
1853,74B,85,E2 85 DC D7,
1854,74B,85,E2 85 23 28,
1855,74B,85,1D 7B DC D7,
1856,74B,85,1E 7B DC D7,
1857,74B,85,1E 7B DD D8,
1858,74B,85,1C 7A DC D7,
1859,74B,85,1C 7A DC D6,
1860,74B,85,1C 79 DB D6,
1861,74B,85,00 7A DC D7,
1862,74B,85,1D 7A DC FF,
1863,70E,22,67 FF 99 AF,
1864,70E,22,65 FF 99 AF,
1865,70E,22,67 FF 99 AC,
1866,70E,22,63 FF 99 1F,
1867,70E,22,67 FF 99 50,
1868,70E,22,98 FF 99 50,
1869,70E,22,98 00 66 50,
1870,70E,22,67 FF 9A AF,
1871,70E,22,68 FF 99 B0,
1872,70E,22,68 00 9A B0,
1873,70E,22,67 FF 99 AE,
1874,70E,22,67 FE 98 AF,
1875,70E,22,66 FE 98 AE,
1876,70E,22,67 FF 00 AF,
1877,70E,22,67 FF 99 FF,
1878,74B,85,B7 FA FF 7F,
1879,74B,85,B7 FA FF 7E,
1880,74B,85,B7 FC FF 7F,
1881,74B,85,92 FA FF FF,
1882,74B,85,48 FA FF 7F,
1883,74B,85,B7 FA 00 80,
1884,74B,85,48 05 00 80,
1885,74B,85,B7 FA 00 7F,
1886,74B,85,B8 FB 00 80,
1887,74B,85,B6 FA FF 7F,
1888,74B,85,B6 FA FF 7E,
1889,74B,85,B6 F9 FE 7E,
1890,74B,85,B7 00 FF 7F,
1891,70E,22,B5 FC 00 FF,
1892,70E,22,35 FC 00 FF,
1893,70E,22,B5 FC 00 CF,
1894,70E,22,B5 FC C0 ED,
1895,70E,22,4A FC 00 FF,
1896,70E,22,4A 03 00 FF,
1897,70E,22,4A 03 FF 00,
1898,70E,22,B5 FD 00 FF,
1899,70E,22,B6 FD 00 FF,
1900,70E,22,B6 FD 01 00,
1901,70E,22,B5 FC FF FF,
1902,70E,22,B5 FB FF FF,
1903,70E,22,B4 FB FF FE,
1904,70E,22,B5 FC 00 00,
1905,74B,3E,01 C9 00 FF,
1906,74B,3E,01 C9 80 FF,
1907,74B,3E,61 C9 00 FF,
1908,74B,3E,00 C9 00 D3,
1909,74B,3E,FE C9 00 FF,
1910,74B,3E,FE 36 00 FF,
1911,74B,3E,FE 36 FF 00,
1912,74B,3E,01 C9 00 00,
1913,74B,3E,01 CA 01 FF,
1914,74B,3E,02 CA 01 00,
1915,74B,3E,01 C9 FF FF,
1916,74B,3E,01 C9 FF FE,
1917,74B,3E,00 C8 FF FE,
1918,74B,3E,01 00 00 FF,
1919,70E,19,FF 5F 54 02 E8,
1920,70E,19,FF 5F 55 02 E8,
1921,70E,19,FF 53 54 02 E8,
1922,70E,19,FB 5F 54 02 58,
1923,70E,19,FF 5F 54 FD E8,
1924,70E,19,FF A0 AB 02 E8,
1925,70E,19,FF 5F AB 02 17,
1926,70E,19,00 5F 54 02 E8,
1927,70E,19,FF 5F 54 03 E9,
1928,70E,19,01 5F 55 02 E9,
1929,70E,19,FF 5E 54 02 E8,
1930,70E,19,FF 5F 54 01 E7,
1931,70E,19,FE 5D 54 01 E8,
1932,70E,19,FF 5F 54 FF E8,
1933,74B,3E,95 1D 71 BC FF,
1934,74B,3E,95 1D 71 BE FF,
1935,74B,3E,95 1D 71 A4 FF,
1936,74B,3E,95 1D C1 B8 FF,
1937,74B,3E,95 E2 71 BC FF,
1938,74B,3E,95 1D 8E 43 FF,
1939,74B,3E,95 E2 71 BC 00,
1940,74B,3E,95 1E 71 BC FF,
1941,74B,3E,95 1D 72 BD FF,
1942,74B,3E,96 1F 71 BD FF,
1943,74B,3E,95 1C 71 BC FF,
1944,74B,3E,95 1D 70 BB FF,
1945,74B,3E,94 1B 71 BB FF,
1946,74B,3E,95 00 71 BC FF,
1947,74B,3E,95 1D 71 FF FF,
1948,70E,19,FE FD 15,
1949,70E,19,FA FD 15,
1950,70E,19,FE FE 15,
1951,70E,19,FE FD 83,
1952,70E,19,FE 02 15,
1953,70E,19,FE 02 EA,
1954,70E,19,01 FD EA,
1955,70E,19,FF FD 15,
1956,70E,19,FF FE 15,
1957,70E,19,01 FE 15,
1958,70E,19,FE FC 15,
1959,70E,19,FD FC 15,
1960,70E,19,FB FC 15,
1961,70E,19,FE FD 00,
1962,70E,19,FE FD FF,
1963,74B,3D,FF FF FB FF,
1964,74B,3D,FF FF F9 FF,
1965,74B,3D,FF FF 9B FF,
1966,74B,3D,FF 3F E9 FF,
1967,74B,3D,00 FF FB FF,
1968,74B,3D,00 00 FB FF,
1969,74B,3D,00 00 04 00,
1970,74B,3D,FF 00 FB FF,
1971,74B,3D,00 FF FB 00,
1972,74B,3D,00 00 FC 00,
1973,74B,3D,FE FF FB FF,
1974,74B,3D,FE FE FB FF,
1975,74B,3D,FE FE FA FE,
1976,74B,3D,52 EE FF FF,
1977,74B,3D,52 AE FF FF,
1978,74B,3D,32 EE FF FF,
1979,74B,3D,52 EE 3F ED,
1980,74B,3D,AD EE FF FF,
1981,74B,3D,52 EE 00 00,
1982,74B,3D,AD 11 00 00,
1983,74B,3D,52 EF FF FF,
1984,74B,3D,52 EF 00 FF,
1985,74B,3D,53 EF 00 00,
1986,74B,3D,52 ED FF FF,
1987,74B,3D,52 EE FE FE,
1988,74B,3D,51 ED FE FE,
1989,74B,3D,52 EE FF 00,
1990,70E,19,7B 8B F9,
1991,70E,19,7B 8B FB,
1992,70E,19,77 8B F9,
1993,70E,19,72 8B 99,
1994,70E,19,7B 74 F9,
1995,70E,19,7B 74 06,
1996,70E,19,84 74 F9,
1997,70E,19,7C 8B F9,
1998,70E,19,7C 8B FA,
1999,70E,19,7B 8E FA,
2000,70E,19,7B 8A F9,
2001,70E,19,7B 8A F8,
2002,70E,19,78 8A F9,
2003,70E,19,7B 8B 00,
2004,70E,19,FF 8B F9,
2005,74B,37,3E 00 99,
2006,74B,37,3E 00 98,
2007,74B,37,3E 00 59,
2008,74B,37,8E 04 99,
2009,74B,37,3E 00 66,
2010,74B,37,C1 FF 99,
2011,74B,37,C1 00 66,
2012,74B,37,3F 00 99,
2013,74B,37,3F 00 9A,
2014,74B,37,3F 00 9C,
2015,74B,37,3E FF 99,
2016,74B,37,3D 00 98,
2017,74B,37,3D 00 96,
2018,74B,37,3E 00 00,
2019,74B,37,FF 00 99,
2020,70E,14,00 43 5E 90 00,
2021,70E,14,00 43 5E 92 00,
2022,70E,14,60 43 5E 90 00,
2023,70E,14,60 4A 5E 90 00,
2024,70E,14,FF 43 5E 90 00,
2025,70E,14,FF BC 5E 90 00,
2026,70E,14,00 BC 5E 6F 00,
2027,70E,14,00 43 5E 90 01,
2028,70E,14,00 44 5F 90 00,
2029,70E,14,02 43 5F 90 01,
2030,70E,14,00 43 5E 8F 00,
2031,70E,14,FF 42 5E 90 00,
2032,70E,14,FE 43 5D 90 FF,
2033,70E,14,00 00 5E 90 00,
2034,70E,14,00 43 5E FF 00,
2035,74B,37,FA 66 4E 60 02 C2,
2036,74B,37,FA 46 4E 60 02 C2,
2037,74B,37,FA 66 4E 60 82 C3,
2038,74B,37,FA 66 4E D0 06 C2,
2039,74B,37,FA 66 4E 60 02 3D,
2040,74B,37,05 66 4E 60 02 3D,
2041,74B,37,FA 66 B1 60 FD C2,
2042,74B,37,FA 66 4E 61 02 C2,
2043,74B,37,FA 66 4F 61 02 C2,
2044,74B,37,FA 67 4E 60 04 C3,
2045,74B,37,FA 66 4E 5F 02 C2,
2046,74B,37,F9 65 4E 60 02 C2,
2047,74B,37,F9 66 4E 5E 01 C2,
2048,74B,37,00 66 4E 60 02 C2,
2049,74B,37,FA FF 4E 60 02 C2,
2050,70E,14,A6 E9 1F,
2051,70E,14,A6 E9 17,
2052,70E,14,A0 E9 1F,
2053,70E,14,83 E9 9F,
2054,70E,14,A6 16 1F,
2055,70E,14,59 16 1F,
2056,70E,14,59 E9 E0,
2057,70E,14,A7 E9 1F,
2058,70E,14,A7 EA 1F,
2059,70E,14,A6 EC 20,
2060,70E,14,A6 E8 1F,
2061,70E,14,A5 E9 1E,
2062,70E,14,A6 E6 1E,
2063,70E,14,00 E9 1F,
2064,70E,14,FF E9 1F,
2065,74B,36,BF 95 6E DD 8E 10 97 FF,
2066,74B,36,BF 95 6E DD 8E 10 97 7F,
2067,74B,36,BF 95 6E DD 8E 20 97 FF,
2068,74B,36,0F 91 6E DD 8E 10 97 FF,
2069,74B,36,BF 95 6E DD 8E EF 97 FF,
2070,74B,36,BF 6A 91 DD 8E 10 97 FF,
2071,74B,36,BF 95 91 DD 71 EF 97 00,
2072,74B,36,BF 95 6F DD 8E 10 97 FF,
2073,74B,36,BF 95 6E DD 8F 11 97 FF,
2074,74B,36,BF 96 6F DD 8F 10 97 00,
2075,74B,36,BF 95 6E DC 8E 10 97 FF,
2076,74B,36,BF 95 6E DD 8D 0F 97 FF,
2077,74B,36,BF 94 6E DD 8D 10 96 FE,
2078,74B,36,BF 00 6E DD 8E 10 97 FF,
2079,74B,36,FF 95 6E DD 8E 10 97 FF,
2080,70E,14,F5 FB 1F 44 8C E6 E2 36,
2081,70E,14,F5 FB 1F 44 8C E2 E2 36,
2082,70E,14,F5 FB 1F 44 80 E6 E2 36,
2083,70E,14,F5 FB 1F 44 8C E6 22 24,
2084,70E,14,F5 FB 1F 44 73 E6 E2 36,
2085,70E,14,F5 FB 1F 44 8C 19 1D 36,
2086,70E,14,0A FB E0 44 8C 19 E2 C9,
2087,70E,14,F5 FB 20 44 8C E6 E2 36,
2088,70E,14,F5 FB 1F 44 8D E7 E2 36,
2089,70E,14,F5 FC 20 44 8D E6 E2 37,
2090,70E,14,F5 FB 1F 44 8C E6 E2 35,
2091,70E,14,F5 FB 1F 44 8C E5 E1 36,
2092,70E,14,F5 FB 1E 44 8B E5 E2 35,
2093,70E,14,F5 FB 1F 44 8C E6 00 36,
2094,70E,14,F5 FB FF 44 8C E6 E2 36,
2095,74B,36,04 B1,
2096,74B,36,04 B0,
2097,74B,36,04 D1,
2098,74B,36,C4 A3,
2099,74B,36,04 4E,
2100,74B,36,FB 4E,
2101,74B,36,05 B1,
2102,74B,36,05 B2,
2103,74B,36,06 B3,
2104,74B,36,03 B1,
2105,74B,36,03 B0,
2106,74B,36,02 AF,
2107,74B,36,00 B1,
2108,74B,36,04 FF,
2109,70E,14,12 F9 FF FF 6F,
2110,70E,14,12 FB FF FF 6F,
2111,70E,14,12 F9 FF FF AF,
2112,70E,14,12 79 DA FF 6F,
2113,70E,14,ED F9 FF FF 6F,
2114,70E,14,ED F9 FF FF 90,
2115,70E,14,ED F9 FF 00 6F,
2116,70E,14,12 F9 00 FF 6F,
2117,70E,14,12 F9 FF 00 70,
2118,70E,14,14 F9 00 FF 70,
2119,70E,14,12 F9 FE FF 6F,
2120,70E,14,12 F8 FE FF 6F,
2121,70E,14,12 F8 FD FF 6E,
2122,70E,14,00 F9 FF FF 6F,
2123,70E,14,12 F9 FF FF FF,
2124,74B,35,1E 00 96 01,
2125,74B,35,1E 00 16 01,
2126,74B,35,1D 00 96 01,
2127,74B,35,1E C0 84 01,
2128,74B,35,1E FF 96 01,
2129,74B,35,E1 00 96 FE,
2130,74B,35,E1 FF 69 FE,
2131,74B,35,1E 01 96 01,
2132,74B,35,1F 00 96 02,
2133,74B,35,1F 01 97 02,
2134,74B,35,1E FF 95 01,
2135,74B,35,1D FF 95 00,
2136,74B,35,00 00 96 01,
2137,74B,35,1E 00 96 FF,
2138,70E,11,FF 6D 96 EB C7 55,
2139,70E,11,BF 6D 96 EB C7 55,
2140,70E,11,FF 6D 96 EB C7 59,
2141,70E,11,FF 6D 96 C7 C6 55,
2142,70E,11,FF 6D 96 EB 38 55,
2143,70E,11,FF 6D 96 EB 38 AA,
2144,70E,11,00 6D 69 EB C7 55,
2145,70E,11,FF 6D 96 EB C8 55,
2146,70E,11,00 6E 96 EB C7 55,
2147,70E,11,FF 6D 98 EC C7 56,
2148,70E,11,FF 6D 96 EA C7 55,
2149,70E,11,FF 6D 95 EA C7 55,
2150,70E,11,FF 6D 94 EA C7 54,
2151,70E,11,FF 00 96 EB C7 55,
2152,70E,11,FF 6D 96 EB FF 55,
2153,74B,35,25 00 00 E4 D4 FF,
2154,74B,35,25 00 00 E4 D4 F7,
2155,74B,35,25 00 00 E4 D4 F9,
2156,74B,35,37 00 00 E4 D4 3F,
2157,74B,35,DA 00 00 E4 D4 FF,
2158,74B,35,DA FF 00 E4 D4 FF,
2159,74B,35,25 FF 00 1B D4 FF,
2160,74B,35,25 01 00 E4 D4 FF,
2161,74B,35,25 01 01 E4 D4 FF,
2162,74B,35,27 01 00 E5 D4 FF,
2163,74B,35,25 FF 00 E4 D4 FF,
2164,74B,35,25 00 00 E4 D3 FE,
2165,74B,35,23 FF 00 E3 D4 FF,
2166,70E,11,44 00,
2167,70E,11,44 40,
2168,70E,11,74 00,
2169,70E,11,45 2C,
2170,70E,11,44 FF,
2171,70E,11,BB FF,
2172,70E,11,45 00,
2173,70E,11,45 01,
2174,70E,11,46 02,
2175,70E,11,43 FF,
2176,70E,11,42 FE,
2177,74B,34,FF BD 00 00,
2178,74B,34,FF BC 00 00,
2179,74B,34,FF BD 00 30,
2180,74B,34,4F B9 00 00,
2181,74B,34,FF BD FF 00,
2182,74B,34,FF BD FF FF,
2183,74B,34,00 42 FF FF,
2184,74B,34,00 BD 00 00,
2185,74B,34,00 BE 00 00,
2186,74B,34,00 BE 01 01,
2187,74B,34,FF BD 00 FF,
2188,74B,34,FE BD 00 FF,
2189,74B,34,FE BC FF FF,
2190,74B,34,FF 00 00 00,
2191,70E,11,54 03,
2192,70E,11,54 07,
2193,70E,11,54 0F,
2194,70E,11,C2 03,
2195,70E,11,AB 03,
2196,70E,11,AB FC,
2197,70E,11,55 03,
2198,70E,11,55 04,
2199,70E,11,56 05,
2200,70E,11,54 02,
2201,70E,11,53 02,
2202,70E,11,52 01,
2203,70E,11,00 03,
2204,70E,11,FF 03,
2205,74B,34,FD 00 FF FF,
2206,74B,34,FD 00 FE FF,
2207,74B,34,FD 00 7F FE,
2208,74B,34,D8 00 FF 7F,
2209,74B,34,FD 00 00 FF,
2210,74B,34,FD FF 00 FF,
2211,74B,34,02 FF 00 00,
2212,74B,34,FD 01 00 FF,
2213,74B,34,FE 01 00 00,
2214,74B,34,FC FF FF FF,
2215,74B,34,FC FF FE FE,
2216,74B,34,FD 00 FF 00,
2217,74B,34,FD FF FF FF,
2218,70E,11,41 71 0C F3,
2219,70E,11,41 73 0C F3,
2220,70E,11,4D 71 0C F3,
2221,70E,11,41 71 CC E1,
2222,70E,11,BE 71 0C F3,
2223,70E,11,BE 71 0C 0C,
2224,70E,11,BE 8E F3 0C,
2225,70E,11,41 72 0C F3,
2226,70E,11,41 71 0D F4,
2227,70E,11,42 72 0D F4,
2228,70E,11,41 71 0C F2,
2229,70E,11,41 71 0B F2,
2230,70E,11,40 70 0B F2,
2231,70E,11,00 71 0C F3,
2232,70E,11,41 71 FF F3,
2233,74B,31,EE,
2234,74B,31,EC,
2235,74B,31,2E,
2236,74B,31,C3,
2237,74B,31,11,
2238,74B,31,EF,
2239,74B,31,F0,
2240,74B,31,F2,
2241,74B,31,ED,
2242,74B,31,EA,
2243,74B,31,00,
2244,74B,31,FF,
2245,70E,10,93 C7 9C 15 FF,
2246,70E,10,93 C7 9C 15 DF,
2247,70E,10,93 C7 9C 16 FF,
2248,70E,10,93 C7 9C 39 FE,
2249,70E,10,93 C7 9C 15 00,
2250,70E,10,93 38 63 15 FF,
2251,70E,10,93 38 9C 15 00,
2252,70E,10,94 C7 9C 15 FF,
2253,70E,10,93 C7 9D 16 FF,
2254,70E,10,93 C8 9C 16 01,
2255,70E,10,93 C6 9C 15 FF,
2256,70E,10,93 C7 9C 14 FE,
2257,70E,10,92 C7 9B 13 FF,
2258,70E,10,93 00 9C 15 FF,
2259,74B,31,F3,
2260,74B,31,73,
2261,74B,31,33,
2262,74B,31,9A,
2263,74B,31,0C,
2264,74B,31,F4,
2265,74B,31,F5,
2266,74B,31,F7,
2267,74B,31,F1,
2268,70E,10,7C FE 63 DF,
2269,70E,10,7C FE 62 DF,
2270,70E,10,7C FE 63 1F,
2271,70E,10,6E FE 63 1F,
2272,70E,10,7C FE 9C DF,
2273,70E,10,83 01 63 DF,
2274,70E,10,83 01 9C 20,
2275,70E,10,7C FE 64 DF,
2276,70E,10,7C FE 64 E0,
2277,70E,10,7D FF 64 E0,
2278,70E,10,7C FD 63 DF,
2279,70E,10,7C FD 62 DF,
2280,70E,10,7B FD 62 DE,
2281,70E,10,00 FE 63 DF,
2282,70E,10,7C FF 63 DF,
2283,74B,2F,64 FF,
2284,74B,2F,64 FB,
2285,74B,2F,67 FF,
2286,74B,2F,76 3F,
2287,74B,2F,64 00,
2288,74B,2F,9B 00,
2289,74B,2F,65 00,
2290,74B,2F,66 01,
2291,74B,2F,64 FE,
2292,74B,2F,63 FE,
2293,74B,2F,62 FD,
2294,70E,10,09 16 00 26,
2295,70E,10,09 06 00 26,
2296,70E,10,09 16 06 26,
2297,70E,10,09 A6 04 26,
2298,70E,10,09 E9 00 26,
2299,70E,10,09 E9 FF 26,
2300,70E,10,F6 E9 FF D9,
2301,70E,10,09 16 01 26,
2302,70E,10,0A 16 00 27,
2303,70E,10,0A 17 01 27,
2304,70E,10,09 15 00 26,
2305,70E,10,09 15 FF 26,
2306,70E,10,08 15 FF 25,
2307,70E,10,09 00 00 26,
2308,70E,10,09 16 FF 26,
2309,74B,2F,00 FF FF B3 FF,
2310,74B,2F,00 FF FF 33 FF,
2311,74B,2F,00 FF FF B3 F3,
2312,74B,2F,58 FD FF B3 FF,
2313,74B,2F,FF FF FF B3 FF,
2314,74B,2F,FF FF FF B3 00,
2315,74B,2F,00 00 FF B3 00,
2316,74B,2F,00 FF 00 B3 FF,
2317,74B,2F,00 FF FF B4 00,
2318,74B,2F,00 00 FF B4 01,
2319,74B,2F,00 FF FE B3 FF,
2320,74B,2F,00 FF FE B2 FF,
2321,74B,2F,FF FF FE B1 FF,
2322,70E,10,00 F5 EA 3B 24,
2323,70E,10,00 F5 CA 3B 24,
2324,70E,10,00 F5 EA 3B 27,
2325,70E,10,00 BE EA 3B 24,
2326,70E,10,FF F5 EA 3B 24,
2327,70E,10,FF 0A EA 3B 24,
2328,70E,10,00 0A EA C4 24,
2329,70E,10,00 F6 EA 3B 24,
2330,70E,10,00 F5 EB 3C 24,
2331,70E,10,00 F6 EC 3B 25,
2332,70E,10,00 F5 E9 3A 24,
2333,70E,10,00 F4 EA 3A 22,
2334,74B,2E,00 FF FE FF,
2335,74B,2E,00 FF FF FF,
2336,74B,2E,00 FC FE FF,
2337,74B,2E,60 F6 FE FF,
2338,74B,2E,FF FF FE FF,
2339,74B,2E,FF FF FE 00,
2340,74B,2E,FF 00 01 00,
2341,74B,2E,00 00 FE FF,
2342,74B,2E,01 00 FF 00,
2343,74B,2E,FF FF FE FE,
2344,74B,2E,FF FE FD FE,
2345,74B,2E,00 FF FE 00,
2346,70E,86,BE,
2347,70E,86,B6,
2348,70E,86,7E,
2349,70E,86,28,
2350,70E,86,41,
2351,70E,86,BF,
2352,70E,86,C0,
2353,70E,86,C2,
2354,70E,86,BD,
2355,70E,86,BC,
2356,74B,2E,00,
2357,74B,2E,20,
2358,74B,2E,03,
2359,74B,2E,69,
2360,74B,2E,FF,
2361,74B,2E,01,
2362,74B,2E,02,
2363,74B,2E,04,
2364,74B,2E,FE,
2365,74B,2E,FC,
2366,70E,86,0E A4 25 E4 32 10,
2367,70E,86,0E 24 25 E4 32 10,
2368,70E,86,0E A4 25 E2 32 10,
2369,70E,86,0E 24 00 E4 32 10,
2370,70E,86,0E A4 DA E4 32 10,
2371,70E,86,0E A4 25 1B CD 10,
2372,70E,86,F1 A4 DA E4 32 10,
2373,70E,86,0E A4 25 E4 32 11,
2374,70E,86,0E A4 25 E4 33 11,
2375,70E,86,0F A4 25 E6 33 10,
2376,70E,86,0E A4 25 E4 32 0F,
2377,70E,86,0E A4 25 E4 31 0F,
2378,70E,86,0D A4 25 E2 31 10,
2379,70E,86,0E A4 00 E4 32 10,
2380,70E,86,FF A4 25 E4 32 10,
2381,74B,28,FF,
2382,74B,28,FE,
2383,74B,28,9F,
2384,74B,28,69,
2385,74B,28,00,
2386,74B,28,01,
2387,74B,28,03,
2388,74B,28,FD,
2389,74B,28,FB,
2390,74B,28,F0 FF 00 FA,
2391,74B,28,F4 FF 00 FA,
2392,74B,28,F0 FF 00 3A,
2393,74B,28,F0 FF 58 F8,
2394,74B,28,F0 FF FF FA,
2395,74B,28,F0 00 FF FA,
2396,74B,28,0F 00 FF 05,
2397,74B,28,F1 FF 00 FA,
2398,74B,28,F1 FF 00 FB,
2399,74B,28,F1 00 01 FB,
2400,74B,28,F0 FF FF F9,
2401,74B,28,EF FE FF F9,
2402,74B,28,F0 FF 00 00,
2403,70E,86,2C 1A FF,
2404,70E,86,2C 1A BF,
2405,70E,86,2C 16 FF,
2406,70E,86,2C 8C FF,
2407,70E,86,2C 1A 00,
2408,70E,86,D3 1A 00,
2409,70E,86,2D 1B FF,
2410,70E,86,2D 1A 02,
2411,70E,86,2C 19 FF,
2412,70E,86,2C 19 FE,
2413,70E,86,2B 1A FC,
2414,70E,86,2C 00 FF,
2415,70E,86,2C FF FF,
2416,74B,27,BF 00 9F 11,
2417,74B,27,FF 00 9F 11,
2418,74B,27,B3 00 9F 11,
2419,74B,27,9A 00 9F 91,
2420,74B,27,BF FF 9F 11,
2421,74B,27,40 FF 9F 11,
2422,74B,27,40 FF 60 EE,
2423,74B,27,BF 01 9F 11,
2424,74B,27,C0 00 9F 12,
2425,74B,27,C0 01 A0 12,
2426,74B,27,BF 00 9F 10,
2427,74B,27,BE FF 9F 11,
2428,74B,27,BE FF 9E 10,
2429,74B,27,BF 00 9F 00,
2430,74B,27,BF 00 9F FF,
2431,70E,86,D9 00 5B 5A BE 95 F2,
2432,70E,86,D9 10 5B 5A BE 95 F2,
2433,70E,86,D9 00 3B 5A BE 95 F2,
2434,70E,86,4F 00 5B 5A BE 95 F2,
2435,70E,86,D9 00 5B 5A 41 95 F2,
2436,70E,86,D9 00 5B 5A 41 6A F2,
2437,70E,86,D9 FF 5B 5A 41 6A 0D,
2438,70E,86,DA 00 5B 5A BE 95 F2,
2439,70E,86,D9 01 5C 5A BE 95 F2,
2440,70E,86,DA 00 5C 5A BE 96 F3,
2441,70E,86,D9 00 5B 5A BD 95 F2,
2442,70E,86,D8 FF 5B 5A BE 95 F2,
2443,70E,86,D8 00 5B 59 BD 94 F2,
2444,70E,86,D9 00 5B 5A BE FF F2,
2445,74B,27,81 9E 7C BD,
2446,74B,27,81 9E 7C 9D,
2447,74B,27,81 FE 7C BD,
2448,74B,27,81 9E BC AF,
2449,74B,27,81 61 7C BD,
2450,74B,27,81 61 83 BD,
2451,74B,27,7E 61 83 42,
2452,74B,27,82 9E 7C BD,
2453,74B,27,81 9F 7D BD,
2454,74B,27,82 9F 7D BE,
2455,74B,27,81 9E 7C BC,
2456,74B,27,80 9D 7C BD,
2457,74B,27,80 9D 7B BC,
2458,74B,27,81 00 7C BD,
2459,74B,27,81 FF 7C BD,
2460,70E,86,FF 00 13 B4 8B 6D F1,
2461,70E,86,FF 01 13 B4 8B 6D F1,
2462,70E,86,FF 00 13 74 8B 6D F1,
2463,70E,86,FF 00 13 B4 8B ED D4,
2464,70E,86,FF 00 13 4B 8B 6D F1,
2465,70E,86,FF FF EC B4 8B 6D F1,
2466,70E,86,00 FF EC B4 74 6D F1,
2467,70E,86,FF 00 14 B4 8B 6D F1,
2468,70E,86,FF 00 13 B4 8C 6E F1,
2469,70E,86,FF 01 14 B5 8B 6E F1,
2470,70E,86,FF 00 13 B4 8B 6D F0,
2471,70E,86,FE FF 13 B4 8B 6D F1,
2472,70E,86,FF FF 13 B4 8A 6C F0,
2473,70E,86,FF 00 13 B4 8B 6D 00,
2474,70E,86,FF FF 13 B4 8B 6D F1,
2475,74B,23,64 FF FF 49,
2476,74B,23,64 DF FF 49,
2477,74B,23,64 FF 7F 48,
2478,74B,23,F2 FF FF 49,
2479,74B,23,64 00 FF 49,
2480,74B,23,64 00 00 49,
2481,74B,23,9B 00 00 B6,
2482,74B,23,65 00 00 4A,
2483,74B,23,64 FE FF 49,
2484,74B,23,64 FF FE 48,
2485,74B,23,63 FE FE 48,
2486,70E,86,01 81 07 A0 C6 87 02,
2487,70E,86,01 81 0F A0 C6 87 02,
2488,70E,86,01 81 07 B8 C6 87 02,
2489,70E,86,01 81 07 10 C2 87 02,
2490,70E,86,01 7E 07 A0 C6 87 02,
2491,70E,86,FE 7E 07 A0 C6 87 02,
2492,70E,86,01 7E F8 5F C6 78 02,
2493,70E,86,02 81 07 A0 C6 87 02,
2494,70E,86,01 81 07 A0 C7 88 02,
2495,70E,86,01 81 08 A1 C7 87 03,
2496,70E,86,01 81 07 A0 C5 87 02,
2497,70E,86,01 81 07 A0 C6 86 01,
2498,70E,86,01 80 07 A0 C5 86 01,
2499,70E,86,01 81 00 A0 C6 87 02,
2500,70E,86,FF 81 07 A0 C6 87 02,
2501,74B,23,00 FE EE B4 A3 2E,
2502,74B,23,02 FE EE B4 A3 2E,
2503,74B,23,00 FE EE B4 A3 22,
2504,74B,23,00 FE EE B4 E8 2E,
2505,74B,23,00 FE EE B4 5C 2E,
2506,74B,23,00 FE EE 4B 5C 2E,
2507,74B,23,FF FE 11 B4 A3 2E,
2508,74B,23,00 FE EF B4 A3 2E,
2509,74B,23,00 FE EE B5 A4 2E,
2510,74B,23,01 FE EE B6 A4 2E,
2511,74B,23,00 FE EE B4 A2 2E,
2512,74B,23,FF FE EE B4 A3 2D,
2513,74B,23,00 FE EC B3 A3 2D,
2514,74B,23,00 FE EE B4 A3 00,
2515,74B,23,00 FE FF B4 A3 2E,
2516,70E,86,00 7A 80 C5 88 00,
2517,70E,86,10 7A 80 C5 88 00,
2518,70E,86,00 7A 80 C6 88 00,
2519,70E,86,00 7A 80 C5 88 96,
2520,70E,86,00 7A 80 C5 77 00,
2521,70E,86,00 7A 80 3A 77 00,
2522,70E,86,00 7A 7F C5 77 00,
2523,70E,86,00 7A 80 C5 89 01,
2524,70E,86,01 7A 81 C5 88 02,
2525,70E,86,00 7A 80 C4 88 00,
2526,70E,86,00 7A 80 C5 87 FF,
2527,70E,86,00 7A 7E C4 88 FF,
2528,70E,86,00 FF 80 C5 88 00,
2529,74B,22,FF 7F FD E1,
2530,74B,22,FF 7F ED E1,
2531,74B,22,E7 7F FD E1,
2532,74B,22,4F 7B FD E1,
2533,74B,22,FF 7F FD 1E,
2534,74B,22,00 80 FD E1,
2535,74B,22,00 80 02 1E,
2536,74B,22,FF 7F FE E1,
2537,74B,22,FF 7F FE E2,
2538,74B,22,00 80 FE E2,
2539,74B,22,FF 7F FC E1,
2540,74B,22,FF 7E FC E1,
2541,74B,22,FE 7E FC E0,
2542,74B,22,FF 7F 00 E1,
2543,74B,22,FF 7F FD FF,
2544,70E,85,FE 7C 01 C3 52 65 6D BF 7F,
2545,70E,85,FE 7C 01 C3 72 65 6D BF 7F,
2546,70E,85,FE 7C 01 C3 52 65 61 BF 7F,
2547,70E,85,FE 7C 01 C3 92 77 6D BF 7F,
2548,70E,85,FE 7C 01 C3 52 9A 6D BF 7F,
2549,70E,85,01 7C 01 C3 52 65 6D BF 80,
2550,70E,85,FE 83 01 C3 AD 9A 6D 40 7F,
2551,70E,85,FE 7C 01 C3 52 65 6D C0 7F,
2552,70E,85,FE 7C 02 C4 52 65 6D BF 7F,
2553,70E,85,FE 7D 02 C3 53 65 6D C0 7F,
2554,70E,85,FE 7C 01 C3 52 65 6D BF 7E,
2555,70E,85,FE 7B 00 C3 52 65 6D BF 7F,
2556,70E,85,FD 7B 01 C2 52 65 6C BF 7F,
2557,70E,85,FE 7C 01 C3 52 65 00 BF 7F,
2558,70E,85,FE 7C FF C3 52 65 6D BF 7F,
2559,74B,22,00,
2560,74B,22,04,
2561,74B,22,06,
2562,74B,22,4B,
2563,74B,22,FF,
2564,74B,22,01,
2565,74B,22,02,
2566,74B,22,FE,
2567,74B,22,FC,
2568,70E,85,DE 84 FF 92 4D,
2569,70E,85,DE 84 FF D2 4D,
2570,70E,85,EE 84 FF 92 4D,
2571,70E,85,95 84 FF 92 4D,
2572,70E,85,DE 84 FF 6D 4D,
2573,70E,85,DE 7B 00 92 4D,
2574,70E,85,DE 84 00 92 B2,
2575,70E,85,DE 84 00 92 4D,
2576,70E,85,DE 84 FF 93 4E,
2577,70E,85,DF 84 00 94 4D,
2578,70E,85,DE 84 FF 92 4C,
2579,70E,85,DE 84 FF 91 4C,
2580,70E,85,DD 82 FF 91 4D,
2581,70E,85,DE 00 FF 92 4D,
2582,70E,85,FF 84 FF 92 4D,
2583,74B,19,01,
2584,74B,19,11,
2585,74B,19,19,
2586,74B,19,A4,
2587,74B,19,FE,
2588,74B,19,02,
2589,74B,19,03,
2590,74B,19,05,
2591,74B,19,00,
2592,74B,19,FF,
2593,74B,19,FD,
2594,70E,85,FF 00 53 C1 02,
2595,70E,85,FF 04 53 C1 02,
2596,70E,85,FF 00 5F C1 02,
2597,70E,85,FF 2C 52 C1 02,
2598,70E,85,FF 00 53 3E 02,
2599,70E,85,00 00 53 C1 FD,
2600,70E,85,FF FF 53 C1 FD,
2601,70E,85,FF 00 54 C1 02,
2602,70E,85,FF 00 53 C2 03,
2603,70E,85,00 02 53 C2 02,
2604,70E,85,FF 00 53 C0 02,
2605,70E,85,FE FF 53 C1 02,
2606,70E,85,FE FE 53 C0 02,
2607,70E,85,00 00 53 C1 02,
2608,70E,85,FF 00 53 FF 02,
2609,74B,19,AC 7C BD 9A,
2610,74B,19,AC 78 BD 9A,
2611,74B,19,AC 7A BD 9A,
2612,74B,19,AC 7C 91 9B,
2613,74B,19,AC 7C 42 9A,
2614,74B,19,53 83 BD 9A,
2615,74B,19,53 83 42 65,
2616,74B,19,AC 7C BD 9B,
2617,74B,19,AD 7C BD 9B,
2618,74B,19,AD 7D BE 9B,
2619,74B,19,AC 7C BC 9A,
2620,74B,19,AC 7B BC 9A,
2621,74B,19,AB 7B BC 99,
2622,74B,19,AC 00 BD 9A,
2623,74B,19,AC 7C BD FF,
2624,70E,85,00 00 86 9B 27 BF 00,
2625,70E,85,02 00 86 9B 27 BF 00,
2626,70E,85,00 06 86 9B 27 BF 00,
2627,70E,85,00 96 86 9B 27 BF 00,
2628,70E,85,00 00 86 9B D8 BF 00,
2629,70E,85,FF 00 86 9B 27 BF FF,
2630,70E,85,FF FF 79 9B D8 BF 00,
2631,70E,85,00 00 86 9B 27 BF 01,
2632,70E,85,00 01 87 9B 27 BF 00,
2633,70E,85,01 00 86 9C 28 C0 00,
2634,70E,85,00 FF 86 9B 27 BF 00,
2635,70E,85,00 00 86 9A 26 BF 00,
2636,70E,85,FF FF 86 9A 27 BF FF,
2637,70E,85,00 00 86 9B 27 00 00,
2638,70E,85,00 00 86 9B 27 FF 00,
2639,74B,14,01 00,
2640,74B,14,81 00,
2641,74B,14,01 18,
2642,74B,14,B1 04,
2643,74B,14,01 FF,
2644,74B,14,FE FF,
2645,74B,14,02 00,
2646,74B,14,02 01,
2647,74B,14,03 02,
2648,74B,14,00 00,
2649,74B,14,00 FF,
2650,74B,14,FF FE,
2651,74B,14,FF 00,
2652,70E,85,80 C0 19 D7,
2653,70E,85,80 E0 19 D7,
2654,70E,85,98 C0 19 D7,
2655,70E,85,80 EC 18 D7,
2656,70E,85,80 C0 E6 D7,
2657,70E,85,80 3F E6 D7,
2658,70E,85,7F 3F E6 28,
2659,70E,85,80 C0 19 D8,
2660,70E,85,81 C1 19 D7,
2661,70E,85,81 C1 1A D8,
2662,70E,85,80 BF 19 D7,
2663,70E,85,7F C0 19 D6,
2664,70E,85,7F BF 18 D6,
2665,70E,85,80 C0 00 D7,
2666,70E,85,80 C0 FF D7,
2667,74B,14,FE FF 96,
2668,74B,14,FE FF 97,
2669,74B,14,FE F3 96,
2670,74B,14,FC FF CE,
2671,74B,14,01 FF 96,
2672,74B,14,FE 00 69,
2673,74B,14,FE 00 96,
2674,74B,14,FF FF 97,
2675,74B,14,FE 02 97,
2676,74B,14,FD FF 96,
2677,74B,14,FE FE 95,
2678,74B,14,FD FF 93,
2679,74B,14,FE FF FF,
2680,70E,85,3F FF FC 02,
2681,70E,85,3E FF FC 02,
2682,70E,85,3F F9 FC 02,
2683,70E,85,3F FF 9C 0B,
2684,70E,85,3F FF 03 02,
2685,70E,85,3F 00 03 02,
2686,70E,85,C0 00 03 FD,
2687,70E,85,3F FF FC 03,
2688,70E,85,3F 00 FD 02,
2689,70E,85,40 00 FD 03,
2690,70E,85,3F FE FC 02,
2691,70E,85,3E FF FC 01,
2692,70E,85,3E FE FB 01,
2693,70E,85,3F 00 FC 02,
2694,70E,85,3F FF FF 02,
2695,74B,11,FF FF 01 F5,
2696,74B,11,EF FF 01 F5,
2697,74B,11,FF CF 01 F5,
2698,74B,11,FF FF 01 63,
2699,74B,11,FF FF FE F5,
2700,74B,11,FF FF FE 0A,
2701,74B,11,00 00 FE 0A,
2702,74B,11,FF FF 01 F6,
2703,74B,11,FF FF 02 F6,
2704,74B,11,00 00 02 F6,
2705,74B,11,FF FF 01 F4,
2706,74B,11,FE FE 01 F5,
2707,74B,11,FE FE 00 F4,
2708,74B,11,FF FF 01 00,
2709,74B,11,FF FF FF F5,
2710,70E,85,77 FF C5 0F FE FF F3 02,
2711,70E,85,77 FF C5 0F FE BF F3 02,
2712,70E,85,77 FF C5 0F FE 3F F3 02,
2713,70E,85,77 FF C5 0F FE FF 73 27,
2714,70E,85,88 FF C5 0F FE FF F3 02,
2715,70E,85,77 FF C5 0F FE 00 0C 02,
2716,70E,85,88 FF C5 F0 FE 00 0C 02,
2717,70E,85,77 FF C5 0F FE 00 F3 02,
2718,70E,85,77 FF C6 10 FE FF F3 02,
2719,70E,85,78 FF C5 10 FE 00 F4 02,
2720,70E,85,77 FF C5 0F FE FE F3 02,
2721,70E,85,77 FF C5 0E FD FF F3 02,
2722,70E,85,76 FE C5 0E FE FF F2 02,
2723,70E,85,77 FF 00 0F FE FF F3 02,
2724,74B,11,FF FD FD 3A 6B 6E,
2725,74B,11,FF BD FD 3A 6B 6E,
2726,74B,11,FF FD FD 3A 67 6E,
2727,74B,11,DA FD FD 3A 6B EE,
2728,74B,11,FF 02 FD 3A 6B 6E,
2729,74B,11,00 FD FD 3A 6B 91,
2730,74B,11,FF FD 02 3A 94 6E,
2731,74B,11,FF FD FD 3B 6B 6E,
2732,74B,11,FF FD FD 3A 6C 6F,
2733,74B,11,FF FD FF 3B 6B 6F,
2734,74B,11,FF FD FD 39 6B 6E,
2735,74B,11,FF FC FC 3A 6B 6E,
2736,74B,11,FE FD FC 3A 6B 6C,
2737,74B,11,FF FD FD 00 6B 6E,
2738,74B,11,FF FF FD 3A 6B 6E,
2739,70E,85,89 3C 73 18 24 3A ED 81 FC 6B,
2740,70E,85,89 3C 73 18 24 3B ED 81 FC 6B,
2741,70E,85,89 3C 13 18 24 3A ED 81 FC 6B,
2742,70E,85,09 19 73 18 24 3A ED 81 FC 6B,
2743,70E,85,89 3C 73 18 24 3A ED 81 03 6B,
2744,70E,85,89 3C 73 18 24 3A ED 81 03 94,
2745,70E,85,89 3C 8C E7 24 C5 ED 81 03 6B,
2746,70E,85,89 3C 73 18 24 3A EE 81 FC 6B,
2747,70E,85,89 3D 74 18 24 3A ED 81 FC 6B,
2748,70E,85,89 3D 74 18 25 3A ED 82 FC 6B,
2749,70E,85,89 3C 72 18 24 3A ED 81 FC 6B,
2750,70E,85,89 3C 73 18 24 3A ED 80 FB 6B,
2751,70E,85,88 3C 73 17 24 3A ED 80 FB 6B,
2752,70E,85,89 3C 73 18 00 3A ED 81 FC 6B,
2753,70E,85,89 3C 73 18 24 3A ED 81 FC FF,
2754,74B,10,9E,
2755,74B,10,96,
2756,74B,10,1F,
2757,74B,10,C4,
2758,74B,10,61,
2759,74B,10,9F,
2760,74B,10,A0,
2761,74B,10,A2,
2762,74B,10,9D,
2763,74B,10,9C,
2764,74B,10,9A,
2765,74B,10,00,
2766,74B,10,FF,
2767,70E,3E,82 1F 90,
2768,70E,3E,82 17 90,
2769,70E,3E,B2 1F 90,
2770,70E,3E,82 1F 06,
2771,70E,3E,7D 1F 90,
2772,70E,3E,82 E0 6F,
2773,70E,3E,82 1F 91,
2774,70E,3E,83 20 90,
2775,70E,3E,83 1F 93,
2776,70E,3E,81 1F 90,
2777,70E,3E,81 1F 8F,
2778,70E,3E,81 1F 8D,
2779,70E,3E,82 1F 00,
2780,70E,3E,FF 1F 90,
2781,74B,10,10 FE 00 FF FE,
2782,74B,10,10 FE 00 7F FE,
2783,74B,10,13 FE 00 FF FE,
2784,74B,10,10 FE 60 F6 FE,
2785,74B,10,10 FE FF FF FE,
2786,74B,10,10 FE 00 00 01,
2787,74B,10,10 01 00 FF 01,
2788,74B,10,10 FF 00 FF FE,
2789,74B,10,10 FF 01 FF FE,
2790,74B,10,11 00 00 00 FE,
2791,74B,10,10 FD 00 FF FE,
2792,74B,10,10 FE 00 FE FD,
2793,74B,10,0F FE FF FD FE,
2794,74B,10,10 00 00 FF FE,
2795,74A,85,04 06 F0 7C 3D 12 04,
2796,74A,85,04 06 70 7C 3D 12 04,
2797,74A,85,04 06 F0 1C 3D 12 04,
2798,74A,85,04 06 F0 BC 2F 12 04,
2799,74A,85,04 06 F0 7C 3D ED 04,
2800,74A,85,04 06 F0 7C 3D ED FB,
2801,74A,85,FB 06 0F 7C 3D ED FB,
2802,74A,85,05 06 F0 7C 3D 12 04,
2803,74A,85,04 07 F1 7C 3D 12 04,
2804,74A,85,05 06 F1 7C 3D 13 05,
2805,74A,85,04 06 F0 7C 3C 12 04,
2806,74A,85,04 05 EF 7C 3D 12 04,
2807,74A,85,04 05 F0 7C 3C 11 03,
2808,74A,85,04 00 F0 7C 3D 12 04,
2809,74A,85,04 06 F0 FF 3D 12 04,
2810,70E,3E,46 44 90 00,
2811,70E,3E,46 C4 90 00,
2812,70E,3E,46 48 90 00,
2813,70E,3E,46 44 90 4B,
2814,70E,3E,46 44 90 FF,
2815,70E,3E,B9 44 90 FF,
2816,70E,3E,B9 BB 6F FF,
2817,70E,3E,46 44 91 00,
2818,70E,3E,47 45 90 00,
2819,70E,3E,47 45 91 01,
2820,70E,3E,46 44 8F 00,
2821,70E,3E,45 43 90 00,
2822,70E,3E,45 43 8F FF,
2823,74A,85,00 0F 99 FC B7 0C ED A0,
2824,74A,85,00 0F 9D FC B7 0C ED A0,
2825,74A,85,00 0F 99 FC AF 0C ED A0,
2826,74A,85,60 06 99 FC B7 0C ED A0,
2827,74A,85,00 0F 66 FC B7 0C ED A0,
2828,74A,85,00 0F 66 03 B7 0C ED A0,
2829,74A,85,00 F0 99 FC 48 0C 12 5F,
2830,74A,85,00 0F 9A FC B7 0C ED A0,
2831,74A,85,00 0F 99 FD B8 0C ED A0,
2832,74A,85,00 10 99 FD B8 0C EE A0,
2833,74A,85,00 0F 98 FC B7 0C ED A0,
2834,74A,85,00 0F 99 FB B6 0C ED A0,
2835,74A,85,00 0E 99 FC B6 0C EC 9F,
2836,74A,85,00 0F 00 FC B7 0C ED A0,
2837,74A,85,FF 0F 99 FC B7 0C ED A0,
2838,70E,3E,C0 41 6A,
2839,70E,3E,C0 43 6A,
2840,70E,3E,C0 21 6A,
2841,70E,3E,C4 41 DA,
2842,70E,3E,C0 BE 6A,
2843,70E,3E,C0 BE 95,
2844,70E,3E,3F 41 95,
2845,70E,3E,C1 41 6A,
2846,70E,3E,C1 42 6A,
2847,70E,3E,C3 42 6A,
2848,70E,3E,BF 41 6A,
2849,70E,3E,BF 40 6A,
2850,70E,3E,BF 41 67,
2851,70E,3E,C0 41 00,
2852,70E,3E,C0 41 FF,
2853,74A,85,6E,
2854,74A,85,66,
2855,74A,85,AE,
2856,74A,85,DA,
2857,74A,85,91,
2858,74A,85,6F,
2859,74A,85,70,
2860,74A,85,72,
2861,74A,85,6D,
2862,74A,85,6C,
2863,74A,85,6A,
2864,74A,85,00,
2865,74A,85,FF,
2866,70E,3E,45 4F F3 1E 7C 01,
2867,70E,3E,05 4F F3 1E 7C 01,
2868,70E,3E,45 4F F3 7E 7C 01,
2869,70E,3E,45 4F F3 32 7D 01,
2870,70E,3E,45 B0 F3 1E 7C 01,
2871,70E,3E,BA 4F F3 1E 7C FE,
2872,70E,3E,BA 4F 0C 1E 7C 01,
2873,70E,3E,45 4F F3 1E 7C 02,
2874,70E,3E,46 50 F3 1E 7C 01,
2875,70E,3E,45 50 F3 1E 7E 02,
2876,70E,3E,45 4F F3 1D 7C 01,
2877,70E,3E,44 4E F3 1E 7C 01,
2878,70E,3E,44 4F F3 1C 7B 01,
2879,70E,3E,00 4F F3 1E 7C 01,
2880,70E,3E,FF 4F F3 1E 7C 01,
2881,70E,3E,07 A3 68 33 FF,
2882,70E,3E,07 A3 68 73 FF,
2883,70E,3E,07 A3 64 33 FF,
2884,70E,3E,B7 A7 68 33 FF,
2885,70E,3E,F8 A3 68 33 FF,
2886,70E,3E,F8 5C 68 33 FF,
2887,70E,3E,F8 A3 97 33 FF,
2888,70E,3E,08 A3 68 33 FF,
2889,70E,3E,08 A3 68 33 00,
2890,70E,3E,08 A5 68 34 FF,
2891,70E,3E,06 A3 68 33 FF,
2892,70E,3E,06 A2 68 33 FF,
2893,70E,3E,05 A3 67 33 FE,
2894,70E,3E,07 A3 68 33 00,
2895,74A,3E,28 54 A4 F4 FF,
2896,74A,3E,28 50 A4 F4 FF,
2897,74A,3E,28 54 94 F4 FF,
2898,74A,3E,28 0C A6 F4 FF,
2899,74A,3E,28 54 A4 F4 00,
2900,74A,3E,28 54 A4 0B 00,
2901,74A,3E,28 54 5B F4 00,
2902,74A,3E,28 54 A5 F4 FF,
2903,74A,3E,28 55 A5 F4 FF,
2904,74A,3E,28 55 A4 F5 01,
2905,74A,3E,27 54 A4 F4 FF,
2906,74A,3E,27 54 A4 F4 FE,
2907,74A,3E,28 53 A2 F4 FE,
2908,74A,3E,FF 54 A4 F4 FF,
2909,70E,3E,47 A9 FF 56 07 00,
2910,70E,3E,47 A9 FD 56 07 00,
2911,70E,3E,4B A9 FF 56 07 00,
2912,70E,3E,47 A9 FF 56 4C 00,
2913,70E,3E,47 A9 00 56 07 00,
2914,70E,3E,47 A9 00 A9 07 00,
2915,70E,3E,B8 A9 FF 56 F8 00,
2916,70E,3E,48 A9 FF 56 07 00,
2917,70E,3E,47 AA 00 56 07 00,
2918,70E,3E,47 AA FF 56 09 01,
2919,70E,3E,46 A9 FF 56 07 00,
2920,70E,3E,46 A8 FF 56 07 00,
2921,70E,3E,47 A9 FD 55 07 FF,
2922,70E,3E,47 A9 FF 56 00 00,
2923,70E,3E,FF A9 FF 56 07 00,
2924,74A,3E,55 51 E0 8A 3C C5 1D 01 4A FF,
2925,74A,3E,55 51 E0 8A 3C C5 1D 05 4A FF,
2926,74A,3E,55 51 E0 8A 3C C5 1D 01 4C FF,
2927,74A,3E,55 51 E0 8A AA C5 1D 01 4A FF,
2928,74A,3E,55 51 E0 8A 3C C5 1D 01 B5 FF,
2929,74A,3E,55 51 E0 8A 3C 3A E2 01 4A FF,
2930,74A,3E,55 51 1F 8A 3C C5 E2 FE 4A 00,
2931,74A,3E,55 51 E0 8A 3C C5 1D 01 4A 00,
2932,74A,3E,55 51 E1 8B 3C C5 1D 01 4A FF,
2933,74A,3E,56 52 E0 8B 3C C5 1E 01 4A FF,
2934,74A,3E,55 51 E0 89 3C C5 1D 01 4A FF,
2935,74A,3E,55 51 E0 8A 3C C5 1D 01 49 FE,
2936,74A,3E,55 51 DF 8A 3C C5 1C 00 4A FE,
2937,74A,3E,55 51 E0 00 3C C5 1D 01 4A FF,
2938,74A,3E,55 51 FF 8A 3C C5 1D 01 4A FF,
2939,70E,3E,9B BB 05 7D 00 1C D4 2C 0B FE,
2940,70E,3E,9B BB 05 7D 00 5C D4 2C 0B FE,
2941,70E,3E,9B 8B 05 7D 00 1C D4 2C 0B FE,
2942,70E,3E,9B BB 05 7D 00 AC D0 2C 0B FE,
2943,70E,3E,9B BB 05 7D 00 1C D4 2C 0B 01,
2944,70E,3E,64 BB 05 7D 00 1C D4 2C 0B 01,
2945,70E,3E,9B 44 05 7D 00 E3 2B 2C F4 FE,
2946,70E,3E,9B BB 06 7D 00 1C D4 2C 0B FE,
2947,70E,3E,9B BB 05 7E 01 1C D4 2C 0B FE,
2948,70E,3E,9B BB 05 7E 01 1C D5 2C 0B FF,
2949,70E,3E,9B BA 05 7D 00 1C D4 2C 0B FE,
2950,70E,3E,9B BB 04 7C 00 1C D4 2C 0B FE,
2951,70E,3E,9B BB 04 7C 00 1B D4 2C 0A FE,
2952,70E,3E,9B BB 05 00 00 1C D4 2C 0B FE,
2953,70E,3E,9B BB FF 7D 00 1C D4 2C 0B FE,
2954,74A,3E,FD F6 E5 00,
2955,74A,3E,FD B6 E5 00,
2956,74A,3E,FD F6 E5 18,
2957,74A,3E,FD F6 C9 01,
2958,74A,3E,FD F6 E5 FF,
2959,74A,3E,02 F6 E5 FF,
2960,74A,3E,02 09 1A FF,
2961,74A,3E,FD F6 E5 01,
2962,74A,3E,FE F7 E5 00,
2963,74A,3E,FE F7 E6 01,
2964,74A,3E,FD F5 E4 00,
2965,74A,3E,FC F5 E4 FF,
2966,74A,3E,00 F6 E5 00,
2967,74A,3E,FF F6 E5 00,
2968,70E,31,1C E9,
2969,70E,31,1C EB,
2970,70E,31,1F E9,
2971,70E,31,18 59,
2972,70E,31,E3 E9,
2973,70E,31,E3 16,
2974,70E,31,1D E9,
2975,70E,31,1D EA,
2976,70E,31,1E EB,
2977,70E,31,1B E9,
2978,70E,31,1B E8,
2979,70E,31,1A E7,
2980,70E,31,00 E9,
2981,70E,31,1C FF,
2982,74A,3E,FF,
2983,74A,3E,EF,
2984,74A,3E,7E,
2985,74A,3E,4B,
2986,74A,3E,00,
2987,74A,3E,01,
2988,74A,3E,03,
2989,74A,3E,FE,
2990,74A,3E,FD,
2991,74A,3E,FB,
2992,70E,31,FF FA AB,
2993,70E,31,FF F8 AB,
2994,70E,31,FF FA AD,
2995,70E,31,A7 F8 AB,
2996,70E,31,FF 05 AB,
2997,70E,31,00 05 AB,
2998,70E,31,00 FA 54,
2999,70E,31,FF FB AB,
3000,70E,31,00 FB AB,
3001,70E,31,00 FA AE,
3002,70E,31,FE FA AB,
3003,70E,31,FE FA AA,
3004,70E,31,FE FA A8,
3005,70E,31,00 FA AB,
3006,70E,31,FF FA FF,
3007,74A,3D,ED EA 5A 41 50 3F 18,
3008,74A,3D,ED AA 5A 41 50 3F 18,
3009,74A,3D,ED EA 5A 41 30 3F 18,
3010,74A,3D,7B EA 5A 41 50 3F 18,
3011,74A,3D,ED EA 5A BE 50 3F 18,
3012,74A,3D,ED EA 5A BE AF 3F 18,
3013,74A,3D,ED 15 5A 41 AF C0 E7,
3014,74A,3D,EE EA 5A 41 50 3F 18,
3015,74A,3D,EE EA 5A 41 50 3F 19,
3016,74A,3D,EE EB 5A 42 50 3F 19,
3017,74A,3D,ED EA 5A 41 50 3F 17,
3018,74A,3D,EC EA 5A 41 50 3F 17,
3019,74A,3D,EC E9 5A 40 50 3F 17,
3020,74A,3D,ED EA 5A 00 50 3F 18,
3021,74A,3D,ED EA 5A 41 50 FF 18,
3022,70E,31,21,
3023,70E,31,31,
3024,70E,31,E1,
3025,70E,31,95,
3026,70E,31,DE,
3027,70E,31,22,
3028,70E,31,25,
3029,70E,31,20,
3030,70E,31,1F,
3031,70E,31,1D,
3032,74A,3D,B3,
3033,74A,3D,33,
3034,74A,3D,B0,
3035,74A,3D,F8,
3036,74A,3D,4C,
3037,74A,3D,B4,
3038,74A,3D,B5,
3039,74A,3D,B7,
3040,74A,3D,B2,
3041,74A,3D,B1,
3042,74A,3D,AF,
3043,74A,3D,66 0D 77 81,
3044,74A,3D,66 0C 77 81,
3045,74A,3D,66 0D 77 B1,
3046,74A,3D,66 0D E1 81,
3047,74A,3D,66 F2 77 81,
3048,74A,3D,66 F2 88 81,
3049,74A,3D,99 F2 88 7E,
3050,74A,3D,66 0D 78 81,
3051,74A,3D,67 0E 77 81,
3052,74A,3D,67 0E 78 82,
3053,74A,3D,65 0D 77 81,
3054,74A,3D,66 0C 76 81,
3055,74A,3D,65 0C 76 80,
3056,74A,3D,66 0D 00 81,
3057,74A,3D,FF 0D 77 81,
3058,70E,31,FF DD 0B D1,
3059,70E,31,FF DF 0B D1,
3060,70E,31,7F DC 0B D1,
3061,70E,31,A7 DF 0B D1,
3062,70E,31,FF DD 0B 2E,
3063,70E,31,00 22 0B D1,
3064,70E,31,00 22 F4 2E,
3065,70E,31,FF DD 0B D2,
3066,70E,31,00 DD 0B D2,
3067,70E,31,00 DE 0C D2,
3068,70E,31,FF DD 0A D1,
3069,70E,31,FE DD 0B D0,
3070,70E,31,FE DC 0A D0,
3071,70E,31,00 DD 0B D1,
3072,70E,31,FF DD FF D1,
3073,74A,3D,A9,
3074,74A,3D,AB,
3075,74A,3D,28,
3076,74A,3D,7B,
3077,74A,3D,56,
3078,74A,3D,AA,
3079,74A,3D,AD,
3080,74A,3D,A8,
3081,74A,3D,A7,
3082,74A,3D,A5,
3083,70E,31,00 21 63 1F 94 7A AF 4F,
3084,70E,31,00 21 63 1F 84 7A AF 4F,
3085,70E,31,00 21 63 1F 94 79 AF 4F,
3086,70E,31,00 21 63 1F 94 31 AF 4F,
3087,70E,31,00 21 63 E0 94 7A AF 4F,
3088,70E,31,FF 21 63 1F 94 7A AF B0,
3089,70E,31,00 DE 63 1F 6B 7A 50 B0,
3090,70E,31,00 21 64 1F 94 7A AF 4F,
3091,70E,31,00 21 63 20 95 7A AF 4F,
3092,70E,31,01 22 63 20 94 7A B0 4F,
3093,70E,31,00 21 63 1F 94 7A AE 4F,
3094,70E,31,00 21 63 1F 94 7A AE 4E,
3095,70E,31,FF 21 62 1F 94 79 AF 4E,
3096,70E,31,00 21 63 1F 94 7A 00 4F,
3097,70E,31,00 21 63 FF 94 7A AF 4F,
3098,74A,37,FC 23 94 0A,
3099,74A,37,F8 23 94 0A,
3100,74A,37,E4 23 94 0A,
3101,74A,37,FC 23 DF 0A,
3102,74A,37,FC 23 6B 0A,
3103,74A,37,FC 23 6B F5,
3104,74A,37,03 DC 6B F5,
3105,74A,37,FC 23 94 0B,
3106,74A,37,FC 23 95 0B,
3107,74A,37,FD 24 95 0B,
3108,74A,37,FC 22 94 0A,
3109,74A,37,FC 23 93 09,
3110,74A,37,FB 22 93 09,
3111,74A,37,FC 23 94 00,
3112,74A,37,FC 23 FF 0A,
3113,70E,2F,86 D4 47 AB,
3114,70E,2F,86 54 47 AB,
3115,70E,2F,86 D8 47 AB,
3116,70E,2F,84 D4 47 F3,
3117,70E,2F,86 D4 B8 AB,
3118,70E,2F,79 2B 47 AB,
3119,70E,2F,79 2B B8 54,
3120,70E,2F,86 D4 48 AB,
3121,70E,2F,86 D5 48 AB,
3122,70E,2F,87 D5 48 AC,
3123,70E,2F,86 D4 46 AB,
3124,70E,2F,86 D3 46 AB,
3125,70E,2F,85 D3 46 AA,
3126,70E,2F,86 D4 00 AB,
3127,70E,2F,86 D4 FF AB,
3128,74A,37,A6 22 09,
3129,74A,37,A6 26 09,
3130,74A,37,A6 22 39,
3131,74A,37,A6 A2 2C,
3132,74A,37,59 22 09,
3133,74A,37,A6 DD F6,
3134,74A,37,59 DD 09,
3135,74A,37,A7 22 09,
3136,74A,37,A7 23 09,
3137,74A,37,A7 22 0C,
3138,74A,37,A5 22 09,
3139,74A,37,A5 22 08,
3140,74A,37,A6 1F 08,
3141,74A,37,A6 22 00,
3142,74A,37,A6 22 FF,
3143,70E,2F,35,
3144,70E,2F,75,
3145,70E,2F,33,
3146,70E,2F,7E,
3147,70E,2F,CA,
3148,70E,2F,36,
3149,70E,2F,37,
3150,70E,2F,39,
3151,70E,2F,34,
3152,70E,2F,31,
3153,74A,37,DE FE FE 15 7E,
3154,74A,37,DE FE FE 14 7E,
3155,74A,37,DE FE FE 15 78,
3156,74A,37,DF FE FE 15 52,
3157,74A,37,DE FE FE EA 7E,
3158,74A,37,DE FE 01 EA 7E,
3159,74A,37,DE 01 FE EA 7E,
3160,74A,37,DE FE FF 15 7E,
3161,74A,37,DE FE FF 16 7E,
3162,74A,37,DE FF FE 16 80,
3163,74A,37,DD FD FE 15 7E,
3164,74A,37,DC FE FD 15 7D,
3165,74A,37,DE FE 00 15 7E,
3166,70E,2F,A0 CE FF 00 C0,
3167,70E,2F,A0 CF FF 00 C0,
3168,70E,2F,A0 CE FF 00 A0,
3169,70E,2F,A0 CE 7F 25 C0,
3170,70E,2F,A0 31 FF 00 C0,
3171,70E,2F,A0 31 00 00 C0,
3172,70E,2F,A0 CE 00 00 3F,
3173,70E,2F,A0 CE FF 00 C1,
3174,70E,2F,A0 CE 00 01 C0,
3175,70E,2F,A0 CF FF 01 C2,
3176,70E,2F,A0 CE FE 00 C0,
3177,70E,2F,A0 CE FF FF BF,
3178,70E,2F,9E CE FE 00 BF,
3179,70E,2F,FF CE FF 00 C0,
3180,74A,37,DD,
3181,74A,37,FD,
3182,74A,37,DB,
3183,74A,37,B4,
3184,74A,37,22,
3185,74A,37,DE,
3186,74A,37,DF,
3187,74A,37,E1,
3188,74A,37,DC,
3189,74A,37,D9,
3190,74A,37,00,
3191,74A,37,FF,
3192,70E,2F,FF D1 00 FF,
3193,70E,2F,FF 51 00 FF,
3194,70E,2F,FF D1 60 FF,
3195,70E,2F,4F D5 00 FF,
3196,70E,2F,FF D1 FF FF,
3197,70E,2F,FF 2E FF FF,
3198,70E,2F,00 2E FF 00,
3199,70E,2F,00 D1 00 FF,
3200,70E,2F,00 D2 00 FF,
3201,70E,2F,00 D2 01 00,
3202,70E,2F,FE D1 00 FF,
3203,70E,2F,FE D0 00 FF,
3204,70E,2F,FE D0 FF FE,
3205,74A,36,9F,
3206,74A,36,9B,
3207,74A,36,1E,
3208,74A,36,B2,
3209,74A,36,60,
3210,74A,36,A0,
3211,74A,36,A1,
3212,74A,36,A3,
3213,74A,36,9E,
3214,74A,36,9D,
3215,74A,36,00,
3216,74A,36,FF,
3217,70E,2F,0D 0A 00 01 FF ED,
3218,70E,2F,0D 1A 00 01 FF ED,
3219,70E,2F,0D 3A 00 01 FF ED,
3220,70E,2F,0D 0A 00 01 9F E4,
3221,70E,2F,F2 0A 00 01 FF ED,
3222,70E,2F,F2 0A 00 01 FF 12,
3223,70E,2F,0D F5 00 01 FF 12,
3224,70E,2F,0D 0A 00 02 FF ED,
3225,70E,2F,0E 0B 00 01 FF ED,
3226,70E,2F,0D 0C 01 01 00 ED,
3227,70E,2F,0D 0A FF 01 FF ED,
3228,70E,2F,0D 0A 00 00 FE ED,
3229,70E,2F,0D 08 FF 01 FE ED,
3230,70E,2F,00 0A 00 01 FF ED,
3231,74A,36,8D FD,
3232,74A,36,8D F9,
3233,74A,36,8D 3D,
3234,74A,36,8D B6,
3235,74A,36,72 FD,
3236,74A,36,72 02,
3237,74A,36,8E FD,
3238,74A,36,8E FE,
3239,74A,36,8F FF,
3240,74A,36,8D FC,
3241,74A,36,8C FC,
3242,74A,36,8B FB,
3243,74A,36,00 FD,
3244,74A,36,8D FF,
3245,70E,2F,FF 0C FE 2F F0 C8 26 FF 00 00,
3246,70E,2F,FF 0C FE 2F F0 C8 26 FF 00 80,
3247,70E,2F,FF 0C FE 2C F0 C8 26 FF 00 00,
3248,70E,2F,FF 0C FE 2F F0 48 03 FF 00 00,
3249,70E,2F,FF 0C FE 2F 0F C8 26 FF 00 00,
3250,70E,2F,FF 0C FE D0 0F C8 26 FF 00 00,
3251,70E,2F,00 0C 01 2F F0 37 26 FF 00 FF,
3252,70E,2F,FF 0C FE 30 F0 C8 26 FF 00 00,
3253,70E,2F,00 0D FE 2F F0 C8 26 FF 00 00,
3254,70E,2F,00 0C FE 30 F0 C8 26 00 01 00,
3255,70E,2F,FF 0C FE 2F F0 C8 25 FF 00 00,
3256,70E,2F,FF 0C FE 2E EF C8 26 FF 00 00,
3257,70E,2F,FF 0B FE 2F F0 C7 25 FF FF 00,
3258,70E,2F,FF 0C FE 00 F0 C8 26 FF 00 00,
3259,70E,2F,FF 0C FE 2F F0 C8 26 FF FF 00,
3260,70E,2F,E2 E5 37 E0 9F FB 16 FF,
3261,70E,2F,E2 E5 37 E0 9E FB 16 FF,
3262,70E,2F,E2 E5 37 EC 9F FB 16 FF,
3263,70E,2F,E2 E5 37 E0 1F DE 16 FF,
3264,70E,2F,E2 E5 37 E0 9F 04 16 FF,
3265,70E,2F,E2 E5 37 E0 9F FB E9 00,
3266,70E,2F,E2 1A 37 E0 60 FB E9 00,
3267,70E,2F,E2 E6 37 E0 9F FB 16 FF,
3268,70E,2F,E2 E5 38 E1 9F FB 16 FF,
3269,70E,2F,E3 E5 38 E0 9F FC 16 00,
3270,70E,2F,E2 E4 37 E0 9F FB 16 FF,
3271,70E,2F,E2 E5 37 E0 9F FB 15 FE,
3272,70E,2F,E2 E5 36 E0 9E FA 16 FE,
3273,70E,2F,E2 E5 37 E0 9F FB 00 FF,
3274,70E,2F,E2 E5 37 E0 FF FB 16 FF,
3275,74A,36,16,
3276,74A,36,12,
3277,74A,36,15,
3278,74A,36,B3,
3279,74A,36,E9,
3280,74A,36,17,
3281,74A,36,18,
3282,74A,36,1A,
3283,74A,36,14,
3284,70E,2F,00 09 96 FF FF 3B FF,
3285,70E,2F,00 09 96 FD FF 3B FF,
3286,70E,2F,00 39 96 FF FF 3B FF,
3287,70E,2F,00 09 DD FF FF 3B FF,
3288,70E,2F,FF 09 96 FF FF 3B FF,
3289,70E,2F,FF 09 96 FF FF 3B 00,
3290,70E,2F,00 09 69 00 00 3B 00,
3291,70E,2F,00 0A 96 FF FF 3B FF,
3292,70E,2F,01 09 96 FF FF 3B 00,
3293,70E,2F,00 0A 96 FF 00 3C 00,
3294,70E,2F,00 09 96 FF FF 3A FF,
3295,70E,2F,00 09 96 FE FE 3B FF,
3296,70E,2F,FF 08 96 FE FF 3B FE,
3297,70E,2F,00 09 00 FF FF 3B FF,
3298,74A,35,84 81 64 F6 00 88 00 58 E4 FF,
3299,74A,35,04 81 64 F6 00 88 00 58 E4 FF,
3300,74A,35,84 81 64 F6 00 88 00 58 E4 9F,
3301,74A,35,04 A4 64 F6 00 88 00 58 E4 FF,
3302,74A,35,84 81 64 F6 00 88 FF 58 E4 FF,
3303,74A,35,84 81 64 09 FF 88 00 58 E4 FF,
3304,74A,35,7B 7E 64 09 00 88 FF 58 E4 FF,
3305,74A,35,84 81 64 F6 00 88 00 58 E5 FF,
3306,74A,35,84 81 65 F7 00 88 00 58 E4 FF,
3307,74A,35,85 81 64 F7 00 88 00 59 E5 FF,
3308,74A,35,83 81 64 F6 00 88 00 58 E4 FF,
3309,74A,35,84 81 64 F6 FF 87 00 58 E4 FF,
3310,74A,35,83 81 63 F6 00 87 00 58 E4 FE,
3311,74A,35,84 81 64 F6 00 88 00 00 E4 FF,
3312,74A,35,84 81 64 FF 00 88 00 58 E4 FF,
3313,70E,2E,06 EB 87 CB A6,
3314,70E,2E,06 EB 87 CB B6,
3315,70E,2E,06 EB 9F CB A6,
3316,70E,2E,0F EB 87 CB C6,
3317,70E,2E,06 EB 87 34 A6,
3318,70E,2E,F9 14 87 CB A6,
3319,70E,2E,06 14 87 34 A6,
3320,70E,2E,06 EC 87 CB A6,
3321,70E,2E,07 EC 87 CB A6,
3322,70E,2E,08 EB 88 CB A7,
3323,70E,2E,06 EA 87 CB A6,
3324,70E,2E,05 EA 87 CB A6,
3325,70E,2E,05 E9 87 CA A6,
3326,70E,2E,06 EB 00 CB A6,
3327,70E,2E,06 EB FF CB A6,
3328,74A,35,23 FE AC 01 29 F7 FF,
3329,74A,35,23 FE AC 81 29 F7 FF,
3330,74A,35,23 F8 AC 01 29 F7 FF,
3331,74A,35,23 FE AC 4A 29 F7 FF,
3332,74A,35,23 FE 53 01 29 F7 FF,
3333,74A,35,23 FE 53 FE 29 F7 FF,
3334,74A,35,DC FE AC FE D6 08 FF,
3335,74A,35,23 FF AC 01 29 F7 FF,
3336,74A,35,23 FE AC 02 2A F7 FF,
3337,74A,35,24 FE AC 02 2A F8 FF,
3338,74A,35,22 FE AC 01 29 F7 FF,
3339,74A,35,23 FE AB 00 29 F7 FF,
3340,74A,35,22 FD AC 00 29 F7 FE,
3341,74A,35,23 FE AC 01 29 00 FF,
3342,70E,2E,B7,
3343,70E,2E,A7,
3344,70E,2E,36,
3345,70E,2E,ED,
3346,70E,2E,48,
3347,70E,2E,B8,
3348,70E,2E,B9,
3349,70E,2E,BB,
3350,70E,2E,B6,
3351,70E,2E,B5,
3352,70E,2E,B3,
3353,74A,35,FF 01 00 9E,
3354,74A,35,FE 01 00 9E,
3355,74A,35,7F 00 00 9E,
3356,74A,35,4F 05 00 9E,
3357,74A,35,FF 01 FF 9E,
3358,74A,35,FF 01 FF 61,
3359,74A,35,00 FE FF 61,
3360,74A,35,FF 02 00 9E,
3361,74A,35,00 01 00 9F,
3362,74A,35,00 02 01 9F,
3363,74A,35,FE 00 00 9E,
3364,74A,35,FE 00 FF 9D,
3365,70E,2E,05 00 A4,
3366,70E,2E,05 00 E4,
3367,70E,2E,65 00 A4,
3368,70E,2E,29 01 A4,
3369,70E,2E,FA 00 A4,
3370,70E,2E,FA 00 5B,
3371,70E,2E,FA FF A4,
3372,70E,2E,05 01 A4,
3373,70E,2E,06 00 A5,
3374,70E,2E,05 03 A5,
3375,70E,2E,04 00 A4,
3376,70E,2E,05 FF A3,
3377,70E,2E,02 FF A4,
3378,70E,2E,FF 00 A4,
3379,70E,2E,83,
3380,70E,2E,87,
3381,70E,2E,AE,
3382,70E,2E,7C,
3383,70E,2E,85,
3384,70E,2E,82,
3385,70E,2E,81,
3386,70E,2E,7F,
3387,74A,34,5B FF 06 FA,
3388,74A,34,5B FF 06 7A,
3389,74A,34,5B FF 06 3A,
3390,74A,34,7E FF 06 7A,
3391,74A,34,A4 FF 06 FA,
3392,74A,34,5B 00 F9 FA,
3393,74A,34,A4 00 F9 05,
3394,74A,34,5B 00 06 FA,
3395,74A,34,5B FF 07 FB,
3396,74A,34,5C 00 07 FB,
3397,74A,34,5B FF 05 FA,
3398,74A,34,5B FF 05 F9,
3399,74A,34,5A FE 05 F9,
3400,74A,34,5B FF 06 00,
3401,70E,2E,12 D6 12 09,
3402,70E,2E,12 D6 12 19,
3403,70E,2E,72 D6 12 09,
3404,70E,2E,12 D6 4A 0B,
3405,70E,2E,12 29 12 09,
3406,70E,2E,12 29 ED 09,
3407,70E,2E,ED 29 ED F6,
3408,70E,2E,13 D6 12 09,
3409,70E,2E,12 D6 13 0A,
3410,70E,2E,13 D7 13 0A,
3411,70E,2E,12 D5 12 09,
3412,70E,2E,12 D6 11 08,
3413,70E,2E,11 D5 11 08,
3414,70E,2E,12 D6 00 09,
3415,70E,2E,FF D6 12 09,
3416,74A,34,5C 57 28 B2,
3417,74A,34,5C 57 28 B3,
3418,74A,34,5C 54 28 B2,
3419,74A,34,70 56 28 B2,
3420,74A,34,5C 57 D7 B2,
3421,74A,34,5C 57 D7 4D,
3422,74A,34,A3 A8 D7 4D,
3423,74A,34,5D 57 28 B2,
3424,74A,34,5C 57 29 B3,
3425,74A,34,5D 58 29 B3,
3426,74A,34,5C 57 28 B1,
3427,74A,34,5C 56 27 B2,
3428,74A,34,5B 56 27 B1,
3429,74A,34,5C 00 28 B2,
3430,74A,34,5C 57 28 FF,
3431,70E,2E,16 2C 36 51 A7 A4 00 9B,
3432,70E,2E,16 2C 36 51 A7 A4 00 DB,
3433,70E,2E,16 4C 36 51 A7 A4 00 9B,
3434,70E,2E,16 2C 36 51 27 81 00 9B,
3435,70E,2E,16 2C 36 AE A7 A4 00 9B,
3436,70E,2E,16 D3 C9 51 A7 A4 00 9B,
3437,70E,2E,E9 2C C9 51 A7 5B 00 64,
3438,70E,2E,16 2C 36 51 A7 A5 00 9B,
3439,70E,2E,16 2D 37 51 A7 A4 00 9B,
3440,70E,2E,17 2C 37 52 A7 A5 00 9B,
3441,70E,2E,16 2B 36 51 A7 A4 00 9B,
3442,70E,2E,16 2B 35 51 A7 A4 00 9B,
3443,70E,2E,16 2B 36 51 A6 A4 FF 9A,
3444,70E,2E,16 2C FF 51 A7 A4 00 9B,
3445,74A,34,DE,
3446,74A,34,CE,
3447,74A,34,1E,
3448,74A,34,95,
3449,74A,34,21,
3450,74A,34,DF,
3451,74A,34,E0,
3452,74A,34,E2,
3453,74A,34,DD,
3454,74A,34,DC,
3455,74A,34,DA,
3456,74A,34,00,
3457,74A,34,FF,
3458,70E,2E,73 33 E9 00,
3459,70E,2E,73 33 69 00,
3460,70E,2E,73 33 69 01,
3461,70E,2E,13 3A E9 00,
3462,70E,2E,73 CC E9 00,
3463,70E,2E,8C CC E9 00,
3464,70E,2E,8C CC 16 FF,
3465,70E,2E,74 33 E9 00,
3466,70E,2E,73 33 EA 01,
3467,70E,2E,74 34 EA 01,
3468,70E,2E,73 33 E8 00,
3469,70E,2E,73 32 E8 00,
3470,70E,2E,72 32 E8 FF,
3471,70E,2E,00 33 E9 00,
3472,70E,2E,73 FF E9 00,
3473,74A,34,0E E3 1D 0C 5B 00,
3474,74A,34,0E E3 1D 08 5B 00,
3475,74A,34,0E E3 1D 0C 9B 00,
3476,74A,34,56 E1 1D 0C 5B 00,
3477,74A,34,F1 E3 1D 0C 5B 00,
3478,74A,34,F1 E3 1D 0C 5B FF,
3479,74A,34,F1 E3 E2 0C 5B 00,
3480,74A,34,0E E3 1D 0C 5B 01,
3481,74A,34,0F E4 1D 0C 5B 00,
3482,74A,34,0E E3 1F 0D 5B 01,
3483,74A,34,0D E3 1D 0C 5B 00,
3484,74A,34,0E E2 1C 0C 5B 00,
3485,74A,34,0E E1 1C 0C 5A 00,
3486,74A,34,00 E3 1D 0C 5B 00,
3487,74A,34,0E E3 FF 0C 5B 00,
3488,70E,2E,8B E6 67 A3,
3489,70E,2E,8B E6 63 A3,
3490,70E,2E,8D E6 67 A3,
3491,70E,2E,8B BE 65 A3,
3492,70E,2E,8B 19 67 A3,
3493,70E,2E,8B E6 98 5C,
3494,70E,2E,74 19 98 5C,
3495,70E,2E,8B E6 68 A3,
3496,70E,2E,8C E7 67 A3,
3497,70E,2E,8C E7 68 A4,
3498,70E,2E,8A E6 67 A3,
3499,70E,2E,8B E5 66 A3,
3500,70E,2E,8A E5 66 A2,
3501,70E,2E,8B E6 00 A3,
3502,70E,2E,8B E6 FF A3,
3503,74A,31,1F 00 0D 33 3C,
3504,74A,31,1F 20 0D 33 3C,
3505,74A,31,1F 00 0B 33 3C,
3506,74A,31,47 02 0D 33 3C,
3507,74A,31,1F 00 0D 33 C3,
3508,74A,31,1F 00 0D CC C3,
3509,74A,31,1F FF 0D 33 C3,
3510,74A,31,1F 00 0D 33 3D,
3511,74A,31,1F 00 0E 34 3C,
3512,74A,31,20 00 0E 35 3C,
3513,74A,31,1E 00 0D 33 3C,
3514,74A,31,1F FF 0C 33 3C,
3515,74A,31,1E 00 0C 31 3C,
3516,74A,31,1F 00 0D 33 00,
3517,74A,31,1F 00 0D FF 3C,
3518,70E,28,FC,
3519,70E,28,FE,
3520,70E,28,FA,
3521,70E,28,6A,
3522,70E,28,03,
3523,70E,28,FD,
3524,70E,28,FB,
3525,74A,31,3D,
3526,74A,31,2D,
3527,74A,31,0D,
3528,74A,31,54,
3529,74A,31,C2,
3530,74A,31,3E,
3531,74A,31,3F,
3532,74A,31,41,
3533,74A,31,3C,
3534,74A,31,3B,
3535,74A,31,39,
3536,74A,31,00,
3537,74A,31,FF,
3538,74A,31,8F,
3539,74A,31,87,
3540,74A,31,89,
3541,74A,31,D5,
3542,74A,31,70,
3543,74A,31,90,
3544,74A,31,91,
3545,74A,31,93,
3546,74A,31,8E,
3547,74A,31,8D,
3548,74A,31,8B,
3549,70E,28,FF 00,
3550,70E,28,FE 00,
3551,70E,28,FF 60,
3552,70E,28,ED C0,
3553,70E,28,FF FF,
3554,70E,28,00 FF,
3555,70E,28,00 01,
3556,70E,28,01 02,
3557,70E,28,FE FF,
3558,70E,28,FD FE,
3559,74A,31,00 80 1A,
3560,74A,31,00 A0 1A,
3561,74A,31,80 81 1A,
3562,74A,31,96 80 1A,
3563,74A,31,00 7F 1A,
3564,74A,31,FF 7F 1A,
3565,74A,31,FF 80 E5,
3566,74A,31,00 81 1A,
3567,74A,31,01 81 1A,
3568,74A,31,03 81 1A,
3569,74A,31,00 80 19,
3570,74A,31,00 7F 19,
3571,74A,31,FD 7F 1A,
3572,74A,31,00 80 00,
3573,74A,31,00 FF 1A,
3574,70E,28,92,
3575,70E,28,12,
3576,70E,28,13,
3577,70E,28,6D,
3578,70E,28,93,
3579,70E,28,94,
3580,70E,28,96,
3581,70E,28,91,
3582,70E,28,90,
3583,70E,28,8E,
3584,74A,2F,FE FF EC 79 01 F2,
3585,74A,2F,DE FF EC 79 01 F2,
3586,74A,2F,FE 9F EC 79 01 F2,
3587,74A,2F,FE FF 5C 7D 01 F2,
3588,74A,2F,FE 00 EC 79 01 F2,
3589,74A,2F,01 00 EC 79 01 F2,
3590,74A,2F,01 FF EC 79 FE F2,
3591,74A,2F,FF FF EC 79 01 F2,
3592,74A,2F,FF 00 EC 79 01 F2,
3593,74A,2F,FE 00 EC 79 03 F3,
3594,74A,2F,FE FF EC 79 00 F2,
3595,74A,2F,FE FF EB 78 01 F2,
3596,74A,2F,FD FF EC 77 00 F2,
3597,70E,28,00 EA FF 00 52,
3598,70E,28,00 EA DF 00 52,
3599,70E,28,C0 EA FF 00 52,
3600,70E,28,B0 EE FF 00 52,
3601,70E,28,00 EA FF 00 AD,
3602,70E,28,00 EA 00 FF 52,
3603,70E,28,00 15 FF 00 AD,
3604,70E,28,00 EA FF 01 52,
3605,70E,28,01 EA FF 00 53,
3606,70E,28,01 EC FF 01 52,
3607,70E,28,00 EA FE 00 52,
3608,70E,28,00 E9 FE 00 52,
3609,70E,28,00 E9 FD 00 51,
3610,70E,28,00 EA FF 00 00,
3611,70E,28,00 EA FF FF 52,
3612,74A,2F,00 FF FF 0D,
3613,74A,2F,00 FF FF 4D,
3614,74A,2F,00 9F FF 0D,
3615,74A,2F,00 4F FB 0D,
3616,74A,2F,FF FF FF 0D,
3617,74A,2F,FF FF FF F2,
3618,74A,2F,FF 00 00 F2,
3619,74A,2F,00 FF FF 0E,
3620,74A,2F,01 FF FF 0E,
3621,74A,2F,01 00 00 0E,
3622,74A,2F,FF FE FF 0D,
3623,74A,2F,FF FE FE 0C,
3624,74A,2F,00 00 FF 0D,
3625,70E,28,8C,
3626,70E,28,84,
3627,70E,28,EC,
3628,70E,28,38,
3629,70E,28,73,
3630,70E,28,8D,
3631,70E,28,8B,
3632,70E,28,8A,
3633,70E,28,88,
3634,74A,2F,66,
3635,74A,2F,6E,
3636,74A,2F,65,
3637,74A,2F,2D,
3638,74A,2F,99,
3639,74A,2F,67,
3640,74A,2F,68,
3641,74A,2F,6A,
3642,74A,2F,64,
3643,74A,2F,62,
3644,74A,2F,00,
3645,74A,2F,FF,
3646,70E,28,02 03 00 A9 F3 24 E4 7F,
3647,70E,28,02 13 00 A9 F3 24 E4 7F,
3648,70E,28,02 03 60 A9 F3 24 E4 7F,
3649,70E,28,94 03 00 A9 F3 24 E4 7F,
3650,70E,28,FD 03 00 A9 F3 24 E4 7F,
3651,70E,28,02 03 00 56 0C 24 E4 7F,
3652,70E,28,FD 03 FF A9 F3 DB E4 80,
3653,70E,28,02 03 00 A9 F4 24 E4 7F,
3654,70E,28,02 03 00 A9 F3 24 E5 80,
3655,70E,28,03 03 00 AA F3 25 E5 7F,
3656,70E,28,02 03 FF A9 F3 24 E4 7F,
3657,70E,28,02 03 00 A9 F3 23 E3 7F,
3658,70E,28,02 02 00 A9 F2 24 E3 7E,
3659,70E,28,02 03 00 A9 F3 24 E4 00,
3660,74A,2F,3E 05 82 FF,
3661,74A,2F,3E 05 92 FF,
3662,74A,2F,3F 05 82 7F,
3663,74A,2F,3E 4E 82 FF,
3664,74A,2F,C1 05 82 FF,
3665,74A,2F,3E FA 7D FF,
3666,74A,2F,C1 FA 7D 00,
3667,74A,2F,3E 06 82 FF,
3668,74A,2F,3E 06 83 FF,
3669,74A,2F,3F 06 83 00,
3670,74A,2F,3E 05 82 FE,
3671,74A,2F,3D 05 82 FE,
3672,74A,2F,3D 04 81 FE,
3673,74A,2F,00 05 82 FF,
3674,74A,2F,3E FF 82 FF,
3675,70E,28,02 1A B3,
3676,70E,28,02 1E B3,
3677,70E,28,02 19 B3,
3678,70E,28,62 13 B3,
3679,70E,28,FD 1A B3,
3680,70E,28,02 E5 4C,
3681,70E,28,FD 1A 4C,
3682,70E,28,03 1A B3,
3683,70E,28,03 1B B3,
3684,70E,28,05 1B B3,
3685,70E,28,01 1A B3,
3686,70E,28,01 19 B3,
3687,70E,28,01 1A B0,
3688,70E,28,02 1A 00,
3689,70E,28,02 1A FF,
3690,74A,2E,FC 5E 67 FF,
3691,74A,2E,FC 56 67 FF,
3692,74A,2E,FC 9E 67 FF,
3693,74A,2E,D9 5E 67 7F,
3694,74A,2E,03 5E 67 FF,
3695,74A,2E,FC A1 98 FF,
3696,74A,2E,03 A1 98 00,
3697,74A,2E,FC 5E 68 FF,
3698,74A,2E,FC 5F 68 FF,
3699,74A,2E,FD 5F 68 00,
3700,74A,2E,FC 5E 66 FF,
3701,74A,2E,FC 5E 66 FE,
3702,74A,2E,FB 5D 66 FE,
3703,74A,2E,00 5E 67 FF,
3704,74A,2E,FC FF 67 FF,
3705,70E,27,69 3C 54,
3706,70E,27,69 34 54,
3707,70E,27,69 3C 4C,
3708,70E,27,69 FC 46,
3709,70E,27,69 3C AB,
3710,70E,27,96 C3 54,
3711,70E,27,69 C3 AB,
3712,70E,27,69 3D 54,
3713,70E,27,6A 3D 54,
3714,70E,27,6C 3D 54,
3715,70E,27,69 3C 53,
3716,70E,27,69 3B 53,
3717,70E,27,69 39 53,
3718,70E,27,69 3C 00,
3719,70E,27,FF 3C 54,
3720,74A,2E,73 FF CA 9C 31 77 D6,
3721,74A,2E,73 FF CA 9C 31 67 D6,
3722,74A,2E,73 FF CA 9C 29 77 D6,
3723,74A,2E,73 FF CA B0 30 77 D6,
3724,74A,2E,73 FF CA 63 31 77 D6,
3725,74A,2E,73 00 35 9C 31 77 D6,
3726,74A,2E,73 FF 35 63 CE 77 29,
3727,74A,2E,73 00 CA 9C 31 77 D6,
3728,74A,2E,73 FF CA 9C 31 78 D7,
3729,74A,2E,74 FF CA 9D 32 78 D6,
3730,74A,2E,73 FE CA 9C 31 77 D6,
3731,74A,2E,73 FF CA 9C 31 76 D5,
3732,74A,2E,73 FF C9 9B 30 77 D5,
3733,74A,2E,73 FF CA 00 31 77 D6,
3734,74A,2E,73 FF FF 9C 31 77 D6,
3735,70E,27,DB 78 00,
3736,70E,27,DB 58 00,
3737,70E,27,EB 78 00,
3738,70E,27,C9 78 C0,
3739,70E,27,DB 87 00,
3740,70E,27,24 87 00,
3741,70E,27,DB 78 01,
3742,70E,27,DB 79 01,
3743,70E,27,DC 78 03,
3744,70E,27,DB 77 00,
3745,70E,27,DA 77 00,
3746,70E,27,DA 78 FD,
3747,70E,27,DB FF 00,
3748,74A,2E,EA FF,
3749,74A,2E,EA F7,
3750,74A,2E,DA FF,
3751,74A,2E,EB D3,
3752,74A,2E,15 FF,
3753,74A,2E,15 00,
3754,74A,2E,EA 00,
3755,74A,2E,EB 00,
3756,74A,2E,EC 01,
3757,74A,2E,E9 FF,
3758,74A,2E,E9 FE,
3759,74A,2E,E8 FD,
3760,74A,2E,FF FF,
3761,70E,27,FF 00 E0 8C F9 01,
3762,70E,27,FF 00 E0 8E F9 01,
3763,70E,27,FF 00 E0 4C F9 01,
3764,70E,27,FF 2C E1 8C F9 01,
3765,70E,27,FF 00 E0 8C F9 FE,
3766,70E,27,FF 00 E0 73 06 01,
3767,70E,27,FF FF E0 73 F9 01,
3768,70E,27,00 00 E0 8C F9 01,
3769,70E,27,00 00 E0 8C F9 02,
3770,70E,27,FF 02 E1 8C FA 01,
3771,70E,27,FF 00 E0 8C F8 01,
3772,70E,27,FF 00 E0 8B F8 01,
3773,70E,27,FD FF E0 8B F9 01,
3774,70E,27,FF 00 00 8C F9 01,
3775,70E,27,FF FF E0 8C F9 01,
3776,74A,2E,58 E9 00 A1 0A,
3777,74A,2E,58 EB 00 A1 0A,
3778,74A,2E,58 29 00 A1 0A,
3779,74A,2E,58 E9 B0 A5 0A,
3780,74A,2E,58 E9 FF A1 0A,
3781,74A,2E,A7 16 00 A1 0A,
3782,74A,2E,58 E9 FF A1 F5,
3783,74A,2E,58 E9 01 A1 0A,
3784,74A,2E,58 EA 01 A1 0A,
3785,74A,2E,5A E9 01 A1 0B,
3786,74A,2E,58 E9 00 A0 0A,
3787,74A,2E,58 E9 00 A0 09,
3788,74A,2E,57 E7 00 A0 0A,
3789,74A,2E,58 00 00 A1 0A,
3790,70E,27,EE D4 1E 72 17 10 61,
3791,70E,27,EE D4 1E 72 17 14 61,
3792,70E,27,EE D4 1D 72 17 10 61,
3793,70E,27,EE D4 1E 2A 15 10 61,
3794,70E,27,EE D4 1E 8D 17 10 61,
3795,70E,27,11 D4 1E 72 17 10 9E,
3796,70E,27,EE 2B 1E 72 E8 EF 9E,
3797,70E,27,EE D4 1E 73 17 10 61,
3798,70E,27,EE D4 1E 72 17 11 62,
3799,70E,27,EF D5 1E 73 17 10 62,
3800,70E,27,EE D4 1E 72 17 0F 61,
3801,70E,27,ED D3 1E 72 17 10 61,
3802,70E,27,EE D3 1E 72 16 0F 60,
3803,70E,27,EE D4 00 72 17 10 61,
3804,70E,27,EE FF 1E 72 17 10 61,
3805,70E,27,00 5C 91 1D 2C ED CB 85,
3806,70E,27,00 7C 91 1D 2C ED CB 85,
3807,70E,27,00 5C 91 1D 2C ED C7 85,
3808,70E,27,00 5C 91 1D 2C ED 7B 81,
3809,70E,27,00 A3 91 1D 2C ED CB 85,
3810,70E,27,FF A3 91 1D 2C ED CB 85,
3811,70E,27,00 A3 91 1D D3 ED 34 7A,
3812,70E,27,00 5C 92 1D 2C ED CB 85,
3813,70E,27,00 5C 91 1E 2D ED CB 85,
3814,70E,27,01 5C 91 1E 2C EE CC 85,
3815,70E,27,00 5C 90 1D 2C ED CB 85,
3816,70E,27,00 5C 91 1D 2B EC CB 85,
3817,70E,27,00 5B 91 1C 2B ED CA 85,
3818,70E,27,00 5C 91 1D 2C 00 CB 85,
3819,70E,27,00 5C 91 FF 2C ED CB 85,
3820,74A,28,E4 C0 7A,
3821,74A,28,E0 C0 7A,
3822,74A,28,24 C0 7A,
3823,74A,28,E6 C0 22,
3824,74A,28,E4 C0 85,
3825,74A,28,E4 3F 85,
3826,74A,28,1B C0 85,
3827,74A,28,E4 C0 7B,
3828,74A,28,E4 C1 7B,
3829,74A,28,E7 C1 7A,
3830,74A,28,E4 C0 79,
3831,74A,28,E4 BF 79,
3832,74A,28,E1 BF 7A,
3833,74A,28,00 C0 7A,
3834,74A,28,E4 FF 7A,
3835,70E,27,DC 5C FF 00 12 0C 34 E5,
3836,70E,27,DC 5C 7F 00 12 0C 34 E5,
3837,70E,27,DC 5C FF 03 12 0C 34 E5,
3838,70E,27,DC 5C 9F 09 12 0C 34 E5,
3839,70E,27,DC 5C FF FF 12 0C 34 E5,
3840,70E,27,DC A3 00 00 12 0C 34 E5,
3841,70E,27,DC A3 00 00 ED 0C 34 1A,
3842,70E,27,DC 5C 00 00 12 0C 34 E5,
3843,70E,27,DC 5C FF 00 12 0C 35 E6,
3844,70E,27,DC 5D FF 00 13 0C 35 E6,
3845,70E,27,DC 5C FF 00 12 0B 34 E5,
3846,70E,27,DB 5C FF 00 12 0C 34 E4,
3847,70E,27,DC 5B FF 00 11 0C 33 E4,
3848,70E,27,DC 00 FF 00 12 0C 34 E5,
3849,70E,27,FF 5C FF 00 12 0C 34 E5,
3850,74A,28,B0 00 01 FF,
3851,74A,28,B0 00 21 FF,
3852,74A,28,B0 0C 01 FF,
3853,74A,28,A2 00 01 3F,
3854,74A,28,B0 00 01 00,
3855,74A,28,4F FF 01 FF,
3856,74A,28,4F FF FE 00,
3857,74A,28,B0 00 02 FF,
3858,74A,28,B1 01 01 FF,
3859,74A,28,B1 01 02 00,
3860,74A,28,B0 00 00 FF,
3861,74A,28,AF FF 01 FF,
3862,74A,28,AF FF 00 FE,
3863,70E,22,BF FF D4,
3864,70E,22,BF FF F4,
3865,70E,22,B3 FF D4,
3866,70E,22,BF 3F C6,
3867,70E,22,40 FF D4,
3868,70E,22,40 00 D4,
3869,70E,22,BF 00 2B,
3870,70E,22,BF FF D5,
3871,70E,22,BF 00 D5,
3872,70E,22,BF 02 D5,
3873,70E,22,BE FF D4,
3874,70E,22,BF FE D3,
3875,70E,22,BE FF D1,
3876,70E,22,BF 00 D4,
3877,70E,22,BF FF FF,
3878,74A,28,FF 00 FF CB FF,
3879,74A,28,FF 00 FD CB FF,
3880,74A,28,FF 00 3F CB FF,
3881,74A,28,7F 25 FF CB FF,
3882,74A,28,FF FF FF CB FF,
3883,74A,28,00 FF FF CB FF,
3884,74A,28,FF FF FF 34 FF,
3885,74A,28,FF 00 FF CB 00,
3886,74A,28,FF 00 00 CC FF,
3887,74A,28,FF 01 FF CC 01,
3888,74A,28,FF 00 FF CB FE,
3889,74A,28,FF FF FE CB FF,
3890,74A,28,FE 00 FE C9 FF,
3891,74A,28,00 00 FF CB FF,
3892,70E,22,FF 00 D0 0A F9 76 24,
3893,70E,22,FF 00 D0 0A E9 76 24,
3894,70E,22,FF 00 D6 0A F9 76 24,
3895,70E,22,FF 00 D0 41 F9 76 24,
3896,70E,22,00 00 D0 0A F9 76 24,
3897,70E,22,00 00 D0 0A F9 76 DB,
3898,70E,22,FF FF D0 0A 06 89 DB,
3899,70E,22,FF 00 D0 0A F9 77 24,
3900,70E,22,00 01 D0 0A F9 76 24,
3901,70E,22,00 00 D0 0B FA 77 24,
3902,70E,22,FF 00 D0 0A F9 76 23,
3903,70E,22,FE FF D0 0A F9 76 24,
3904,70E,22,FF FF D0 0A F8 75 23,
3905,70E,22,FF 00 D0 0A F9 00 24,
3906,70E,22,FF 00 D0 FF F9 76 24,
3907,74A,27,AD 31 AA FF,
3908,74A,27,AD 21 AA FF,
3909,74A,27,AD 31 CA FF,
3910,74A,27,AD 31 AA 69,
3911,74A,27,AD 31 AA 00,
3912,74A,27,AD 31 55 00,
3913,74A,27,52 CE 55 00,
3914,74A,27,AE 32 AA FF,
3915,74A,27,AE 32 AB 00,
3916,74A,27,AD 31 AA FE,
3917,74A,27,AD 30 A9 FF,
3918,74A,27,AC 30 A9 FE,
3919,74A,27,AD 31 00 FF,
3920,74A,27,AD FF AA FF,
3921,70E,22,CC,
3922,70E,22,C4,
3923,70E,22,4D,
3924,70E,22,87,
3925,70E,22,33,
3926,70E,22,CD,
3927,70E,22,CE,
3928,70E,22,D0,
3929,70E,22,CB,
3930,70E,22,CA,
3931,70E,22,C8,
3932,70E,22,00,
3933,70E,22,FF,
3934,74A,27,5C FF 67 08 7E,
3935,74A,27,5C FB 67 08 7E,
3936,74A,27,5C F9 67 08 7E,
3937,74A,27,CA FF 67 08 7E,
3938,74A,27,A3 FF 67 08 7E,
3939,74A,27,5C 00 98 08 7E,
3940,74A,27,A3 FF 67 F7 7E,
3941,74A,27,5C FF 67 08 7F,
3942,74A,27,5C FF 68 09 7E,
3943,74A,27,5E FF 68 08 7F,
3944,74A,27,5B FF 67 08 7E,
3945,74A,27,5B FF 67 08 7D,
3946,74A,27,5A FF 66 08 7D,
3947,74A,27,5C FF 00 08 7E,
3948,74A,27,FF FF 67 08 7E,
3949,70E,22,B3,
3950,70E,22,B2,
3951,70E,22,73,
3952,70E,22,9E,
3953,70E,22,4C,
3954,70E,22,B4,
3955,70E,22,B5,
3956,70E,22,B7,
3957,70E,22,B1,
3958,70E,22,AF,
3959,74A,27,29 0C 0E 00,
3960,74A,27,A9 0C 0E 00,
3961,74A,27,29 0C 3E 00,
3962,74A,27,29 0C 45 00,
3963,74A,27,D6 0C 0E 00,
3964,74A,27,D6 0C 0E FF,
3965,74A,27,D6 F3 F1 FF,
3966,74A,27,29 0C 0E 01,
3967,74A,27,2A 0C 0E 01,
3968,74A,27,2A 0D 0F 01,
3969,74A,27,28 0C 0E 00,
3970,74A,27,29 0B 0D 00,
3971,74A,27,28 0B 0D FF,
3972,74A,27,29 00 0E 00,
3973,74A,27,29 0C 0E FF,
3974,70E,22,96 70,
3975,70E,22,9E 70,
3976,70E,22,95 70,
3977,70E,22,BA 71,
3978,70E,22,69 70,
3979,70E,22,69 8F,
3980,70E,22,96 71,
3981,70E,22,97 71,
3982,70E,22,98 72,
3983,70E,22,96 6F,
3984,70E,22,95 6F,
3985,70E,22,94 6E,
3986,70E,22,96 00,
3987,70E,22,FF 70,
3988,70E,22,26 FA 98 EE,
3989,70E,22,27 FA 98 EE,
3990,70E,22,26 FA 98 DE,
3991,70E,22,6D FA 98 EE,
3992,70E,22,26 FA 98 11,
3993,70E,22,26 05 67 EE,
3994,70E,22,D9 05 67 11,
3995,70E,22,26 FB 99 EE,
3996,70E,22,27 FB 99 EF,
3997,70E,22,26 F9 98 EE,
3998,70E,22,26 F9 97 EE,
3999,70E,22,25 F9 97 ED,
4000,70E,22,00 FA 98 EE,
4001,70E,22,FF FA 98 EE,
4002,74A,23,47 F4 F6 02 2A,
4003,74A,23,47 F4 F6 12 2A,
4004,74A,23,47 F4 F6 1A 2A,
4005,74A,23,47 D8 F7 02 2A,
4006,74A,23,47 F4 F6 02 D5,
4007,74A,23,B8 0B F6 02 2A,
4008,74A,23,B8 F4 F6 FD 2A,
4009,74A,23,47 F4 F7 02 2A,
4010,74A,23,47 F4 F7 03 2A,
4011,74A,23,47 F5 F6 03 2C,
4012,74A,23,47 F3 F6 02 2A,
4013,74A,23,47 F3 F5 02 2A,
4014,74A,23,46 F2 F6 01 2A,
4015,74A,23,47 F4 F6 02 00,
4016,74A,23,47 F4 F6 FF 2A,
4017,70E,22,B6 00 5E 3F 0F,
4018,70E,22,B6 08 5E 3F 0F,
4019,70E,22,B6 00 5E 5F 0F,
4020,70E,22,FD 00 5E 3F 0F,
4021,70E,22,B6 00 5E C0 0F,
4022,70E,22,B6 00 5E C0 F0,
4023,70E,22,B6 FF 5E 3F F0,
4024,70E,22,B6 00 5F 3F 0F,
4025,70E,22,B6 00 5F 40 0F,
4026,70E,22,B7 00 5F 41 0F,
4027,70E,22,B6 00 5E 3E 0F,
4028,70E,22,B6 FF 5D 3F 0F,
4029,70E,22,B5 00 5D 3D 0F,
4030,70E,22,B6 00 5E 00 0F,
4031,70E,22,B6 00 FF 3F 0F,
4032,74A,23,D7 2B 0E 45,
4033,74A,23,D7 2B 0E 05,
4034,74A,23,D7 2B 0E 25,
4035,74A,23,17 39 0E 45,
4036,74A,23,D7 2B 0E BA,
4037,74A,23,D7 D4 F1 45,
4038,74A,23,28 D4 F1 BA,
4039,74A,23,D7 2B 0F 45,
4040,74A,23,D7 2B 0F 46,
4041,74A,23,D8 2C 0F 46,
4042,74A,23,D7 2B 0E 44,
4043,74A,23,D7 2A 0D 45,
4044,74A,23,D6 2A 0D 44,
4045,74A,23,D7 2B 0E 00,
4046,74A,23,D7 2B 0E FF,
4047,70E,22,89 00 FF 80,
4048,70E,22,89 10 FF 80,
4049,70E,22,89 00 CF 80,
4050,70E,22,39 04 FF 80,
4051,70E,22,89 00 00 80,
4052,70E,22,76 00 FF 7F,
4053,70E,22,76 FF 00 7F,
4054,70E,22,89 01 00 80,
4055,70E,22,8A 01 00 81,
4056,70E,22,88 00 FF 80,
4057,70E,22,88 00 FF 7F,
4058,70E,22,88 FF FE 7F,
4059,70E,22,89 00 FF 00,
4060,74A,23,CB 5D 00,
4061,74A,23,CB 5C 00,
4062,74A,23,D3 5D 00,
4063,74A,23,93 5F 00,
4064,74A,23,CB A2 00,
4065,74A,23,34 A2 00,
4066,74A,23,CC 5D 00,
4067,74A,23,CB 5E 01,
4068,74A,23,CB 60 01,
4069,74A,23,CB 5C FF,
4070,74A,23,C8 5C 00,
4071,74A,23,00 5D 00,
4072,74A,23,CB FF 00,
4073,70E,19,EE EF 1E F4 DC FF,
4074,70E,19,E6 EF 1E F4 DC FF,
4075,70E,19,8E EF 1E F4 DC FF,
4076,70E,19,EC EF 1E F4 DC A7,
4077,70E,19,EE EF E1 F4 DC FF,
4078,70E,19,EE EF E1 0B DC FF,
4079,70E,19,EE EF E1 F4 23 FF,
4080,70E,19,EF EF 1E F4 DC FF,
4081,70E,19,EE EF 1F F5 DC FF,
4082,70E,19,EE F0 1E F4 DE 00,
4083,70E,19,EE EF 1E F3 DC FF,
4084,70E,19,EE EE 1D F4 DC FF,
4085,70E,19,EE EF 1C F3 DC FE,
4086,70E,19,EE EF 00 F4 DC FF,
4087,70E,19,EE FF 1E F4 DC FF,
4088,74A,23,4D 09 00,
4089,74A,23,5D 09 00,
4090,74A,23,4D 09 C0,
4091,74A,23,4D 25 01,
4092,74A,23,B2 09 00,
4093,74A,23,4D F6 FF,
4094,74A,23,B2 09 FF,
4095,74A,23,4D 0A 00,
4096,74A,23,4E 09 01,
4097,74A,23,4E 09 03,
4098,74A,23,4D 09 FF,
4099,74A,23,4C 09 FF,
4100,74A,23,4A 08 00,
4101,74A,23,00 09 00,
4102,74A,23,4D FF 00,
4103,70E,19,E9,
4104,70E,19,E1,
4105,70E,19,89,
4106,70E,19,B3,
4107,70E,19,16,
4108,70E,19,E7,
4109,70E,19,E5,
4110,74A,22,7F,
4111,74A,22,3F,
4112,74A,22,1F,
4113,74A,22,25,
4114,74A,22,81,
4115,74A,22,83,
4116,74A,22,7E,
4117,74A,22,7D,
4118,74A,22,7B,
4119,70E,19,4C 00 45 6D,
4120,70E,19,4C 00 45 7D,
4121,70E,19,4C 00 45 AD,
4122,70E,19,4C 00 F5 69,
4123,70E,19,4C 00 BA 6D,
4124,70E,19,B3 FF 45 6D,
4125,70E,19,B3 FF BA 92,
4126,70E,19,4C 00 45 6E,
4127,70E,19,4D 00 45 6E,
4128,70E,19,4D 01 46 6E,
4129,70E,19,4C 00 44 6D,
4130,70E,19,4C FF 44 6D,
4131,70E,19,4B FF 44 6C,
4132,70E,19,4C 00 45 00,
4133,70E,19,4C 00 FF 6D,
4134,74A,22,88,
4135,74A,22,8A,
4136,74A,22,8B,
4137,74A,22,2D,
4138,74A,22,77,
4139,74A,22,89,
4140,74A,22,8C,
4141,74A,22,87,
4142,74A,22,86,
4143,74A,22,84,
4144,70E,19,FF 9D 29,
4145,70E,19,FF 8D 29,
4146,70E,19,FF AD 29,
4147,70E,19,DA 9D A9,
4148,70E,19,FF 62 29,
4149,70E,19,00 9D D6,
4150,70E,19,00 9D 29,
4151,70E,19,FF 9E 2A,
4152,70E,19,FF A0 2A,
4153,70E,19,FF 9C 29,
4154,70E,19,FE 9D 28,
4155,70E,19,FE 9D 26,
4156,70E,19,FF FF 29,
4157,74A,22,FE 30 FC BA 82 FF 5A F9,
4158,74A,22,BE 30 FC BA 82 FF 5A F9,
4159,74A,22,FE 33 FC BA 82 FF 5A F9,
4160,74A,22,FE 30 FC DA 8B FF 5A F9,
4161,74A,22,FE CF FC BA 82 FF 5A F9,
4162,74A,22,FE 30 FC BA 82 00 A5 F9,
4163,74A,22,01 30 03 BA 82 00 5A 06,
4164,74A,22,FE 30 FC BA 82 FF 5B F9,
4165,74A,22,FE 30 FC BA 82 FF 5B FA,
4166,74A,22,FE 31 FD BA 83 FF 5A FA,
4167,74A,22,FD 30 FC BA 82 FF 5A F9,
4168,74A,22,FD 2F FC BA 82 FF 5A F9,
4169,74A,22,FE 2F FC B9 81 FF 59 F9,
4170,74A,22,00 30 FC BA 82 FF 5A F9,
4171,74A,22,FE 30 FF BA 82 FF 5A F9,
4172,70E,19,74 FF,
4173,70E,19,7C FF,
4174,70E,19,74 E7,
4175,70E,19,76 A7,
4176,70E,19,74 00,
4177,70E,19,8B 00,
4178,70E,19,75 00,
4179,70E,19,76 01,
4180,70E,19,74 FE,
4181,70E,19,73 FE,
4182,70E,19,72 FD,
4183,74A,22,3B 93 87 23 7C 4F D8 B3 8C FF 5C FA,
4184,74A,22,3B 93 87 23 7C 4F D8 B3 8C DF 5C FA,
4185,74A,22,3B 93 87 23 7C 7F D8 B3 8C FF 5C FA,
4186,74A,22,3A 93 87 23 7C 4F D8 B3 8C FF 5C D6,
4187,74A,22,C4 93 87 23 7C 4F D8 B3 8C FF 5C FA,
4188,74A,22,3B 93 87 23 7C 4F D8 B3 8C 00 A3 FA,
4189,74A,22,3B 93 87 23 7C B0 27 B3 73 FF 5C 05,
4190,74A,22,3B 93 87 23 7C 4F D8 B4 8C FF 5C FA,
4191,74A,22,3B 93 87 23 7C 50 D9 B3 8C FF 5C FA,
4192,74A,22,3C 93 87 24 7C 4F D8 B3 8C 00 5D FA,
4193,74A,22,3B 93 87 23 7B 4F D8 B3 8C FF 5C FA,
4194,74A,22,3B 93 87 23 7C 4F D8 B3 8C FE 5B FA,
4195,74A,22,3B 93 86 22 7C 4E D8 B3 8B FF 5C FA,
4196,74A,22,3B 93 87 23 7C 00 D8 B3 8C FF 5C FA,
4197,74A,22,3B 93 87 23 7C 4F D8 B3 8C FF FF FA,
4198,70E,19,05,
4199,70E,19,25,
4200,70E,19,65,
4201,70E,19,93,
4202,70E,19,FA,
4203,70E,19,06,
4204,70E,19,07,
4205,70E,19,09,
4206,70E,19,04,
4207,70E,19,03,
4208,70E,19,01,
4209,74A,19,2A 01,
4210,74A,19,6A 01,
4211,74A,19,2A 02,
4212,74A,19,2B 2D,
4213,74A,19,D5 01,
4214,74A,19,D5 FE,
4215,74A,19,2B 02,
4216,74A,19,2C 03,
4217,74A,19,29 01,
4218,74A,19,29 00,
4219,74A,19,28 FF,
4220,74A,19,2A 00,
4221,74A,19,2A FF,
4222,70E,14,00 43 01,
4223,70E,14,00 43 00,
4224,70E,14,C0 43 01,
4225,70E,14,58 41 01,
4226,70E,14,00 BC 01,
4227,70E,14,FF 43 FE,
4228,70E,14,FF BC 01,
4229,70E,14,01 43 01,
4230,70E,14,01 43 02,
4231,70E,14,01 43 04,
4232,70E,14,00 42 01,
4233,70E,14,FF 42 01,
4234,70E,14,00 40 00,
4235,70E,14,00 00 01,
4236,70E,14,00 43 FF,
4237,74A,19,24 01 0F AB BC 7C,
4238,74A,19,24 00 0F AB BC 7C,
4239,74A,19,24 01 0F AB B0 7C,
4240,74A,19,24 2D 0E AB BC 7C,
4241,74A,19,24 01 0F 54 BC 7C,
4242,74A,19,24 01 F0 54 BC 7C,
4243,74A,19,24 FE 0F AB BC 83,
4244,74A,19,24 01 0F AB BC 7D,
4245,74A,19,24 02 10 AB BC 7C,
4246,74A,19,24 02 0F AB BE 7D,
4247,74A,19,24 01 0F AA BC 7C,
4248,74A,19,24 01 0F AA BB 7C,
4249,74A,19,23 01 0F A9 BB 7C,
4250,74A,19,24 01 00 AB BC 7C,
4251,74A,19,24 FF 0F AB BC 7C,
4252,70E,14,E0 43 41 E0 89 B5 FF,
4253,70E,14,E0 C3 41 E0 89 B5 FF,
4254,70E,14,E0 43 41 80 89 B5 FF,
4255,70E,14,E0 43 C1 C5 89 B5 FF,
4256,70E,14,E0 BC 41 E0 89 B5 FF,
4257,70E,14,E0 43 41 E0 89 4A 00,
4258,70E,14,1F 43 41 1F 76 4A FF,
4259,70E,14,E0 44 41 E0 89 B5 FF,
4260,70E,14,E1 43 41 E0 89 B5 00,
4261,70E,14,E1 44 41 E1 89 B5 00,
4262,70E,14,E0 43 41 DF 89 B5 FF,
4263,70E,14,E0 42 40 E0 89 B5 FF,
4264,70E,14,E0 42 41 E0 88 B4 FE,
4265,70E,14,E0 00 41 E0 89 B5 FF,
4266,70E,14,E0 43 FF E0 89 B5 FF,
4267,70E,14,E7 33 0F 14 FF,
4268,70E,14,E7 33 0F 14 F7,
4269,70E,14,E7 33 CF 14 FF,
4270,70E,14,AC 33 0F 14 FF,
4271,70E,14,E7 33 0F 14 00,
4272,70E,14,18 33 0F 14 00,
4273,70E,14,E7 CC 0F 14 00,
4274,70E,14,E8 33 0F 14 FF,
4275,70E,14,E8 33 0F 14 00,
4276,70E,14,E9 33 10 14 00,
4277,70E,14,E7 32 0F 14 FF,
4278,70E,14,E7 33 0E 13 FF,
4279,70E,14,E7 32 0F 13 FD,
4280,70E,14,E7 33 00 14 FF,
4281,70E,14,E7 33 0F FF FF,
4282,74A,19,AD,
4283,74A,19,2D,
4284,74A,19,2C,
4285,74A,19,3B,
4286,74A,19,AE,
4287,74A,19,AF,
4288,74A,19,AC,
4289,74A,19,AB,
4290,74A,19,A9,
4291,70E,14,57 54 80 64 D3 E2,
4292,70E,14,56 54 80 64 D3 E2,
4293,70E,14,57 54 80 64 DF E2,
4294,70E,14,37 5D 80 64 D3 E2,
4295,70E,14,57 AB 80 64 D3 E2,
4296,70E,14,57 54 7F 9B D3 E2,
4297,70E,14,57 AB 80 9B D3 E2,
4298,70E,14,57 54 80 65 D3 E2,
4299,70E,14,57 55 81 64 D3 E2,
4300,70E,14,57 54 82 65 D3 E3,
4301,70E,14,57 54 80 64 D2 E2,
4302,70E,14,57 53 7F 64 D3 E2,
4303,70E,14,55 53 80 63 D3 E2,
4304,70E,14,57 54 80 64 D3 00,
4305,70E,14,57 54 80 FF D3 E2,
4306,74A,14,02 57 65 FF 41 1F 14 90 69 FE 54 C6,
4307,74A,14,02 57 E5 FF 41 1F 14 90 69 FE 54 C6,
4308,74A,14,02 57 55 FF 41 1F 14 90 69 FE 54 C6,
4309,74A,14,02 57 65 FF 41 1F 14 90 45 FF 54 C6,
4310,74A,14,02 A8 65 FF 41 1F 14 90 69 FE 54 C6,
4311,74A,14,02 57 65 FF 41 1F EB 6F 69 FE 54 C6,
4312,74A,14,FD A8 65 00 41 1F EB 90 69 FE 54 C6,
4313,74A,14,02 57 65 FF 42 1F 14 90 69 FE 54 C6,
4314,74A,14,02 57 65 FF 42 20 14 90 69 FE 54 C6,
4315,74A,14,02 57 65 FF 41 20 15 90 6A FE 54 C7,
4316,74A,14,02 57 65 FF 41 1F 14 90 69 FD 54 C6,
4317,74A,14,02 57 65 FF 41 1F 14 90 69 FD 53 C6,
4318,74A,14,02 56 65 FF 41 1F 14 8F 68 FE 53 C6,
4319,74A,14,02 57 65 FF 41 1F 14 90 69 00 54 C6,
4320,74A,14,02 57 65 FF 41 1F FF 90 69 FE 54 C6,
4321,70E,14,0A FB FF 00 BE 20 73 E5 1D C9,
4322,70E,14,0A FB FF 01 BE 20 73 E5 1D C9,
4323,70E,14,0A FB CF 00 BE 20 73 E5 1D C9,
4324,70E,14,0A FB FF 00 BE 20 73 E5 56 C9,
4325,70E,14,0A FB FF 00 BE 20 73 E5 E2 C9,
4326,70E,14,0A FB 00 FF BE 20 73 E5 1D C9,
4327,70E,14,F5 FB FF 00 41 DF 73 1A 1D C9,
4328,70E,14,0A FB FF 00 BF 20 73 E5 1D C9,
4329,70E,14,0A FB FF 00 BE 20 73 E5 1E CA,
4330,70E,14,0A FB 00 01 BE 21 73 E5 1E C9,
4331,70E,14,0A FB FF 00 BD 20 73 E5 1D C9,
4332,70E,14,0A FB FF FF BD 20 73 E5 1D C9,
4333,70E,14,09 FA FF FF BE 20 72 E5 1D C9,
4334,70E,14,00 FB FF 00 BE 20 73 E5 1D C9,
4335,70E,14,0A FF FF 00 BE 20 73 E5 1D C9,
4336,74A,14,DA 93 DD 97 02 D7 C6,
4337,74A,14,DA 93 DD 97 06 D7 C6,
4338,74A,14,DA 93 DD 97 02 D7 DE,
4339,74A,14,DA 93 DD 97 02 D7 50,
4340,74A,14,25 93 DD 97 02 D7 C6,
4341,74A,14,DA 93 22 68 02 D7 C6,
4342,74A,14,DA 93 22 68 FD D7 39,
4343,74A,14,DA 93 DD 97 02 D8 C6,
4344,74A,14,DB 93 DD 97 02 D7 C7,
4345,74A,14,DB 93 DE 97 02 D8 C7,
4346,74A,14,D9 93 DD 97 02 D7 C6,
4347,74A,14,DA 93 DD 97 01 D6 C6,
4348,74A,14,D9 93 DD 96 01 D6 C6,
4349,74A,14,DA 93 DD 97 02 00 C6,
4350,74A,14,DA 93 DD 97 02 FF C6,
4351,70E,14,00 FF 1E 44 E5 CB,
4352,70E,14,00 FF 1E 54 E5 CB,
4353,70E,14,00 FF 1D 44 E5 CB,
4354,70E,14,00 69 1E 44 E5 CB,
4355,70E,14,00 00 1E 44 E5 CB,
4356,70E,14,FF 00 1E 44 E5 CB,
4357,70E,14,00 FF 1E BB E5 34,
4358,70E,14,00 FF 1E 45 E5 CB,
4359,70E,14,00 FF 1E 44 E6 CC,
4360,70E,14,00 00 1E 44 E7 CC,
4361,70E,14,00 FF 1E 44 E5 CA,
4362,70E,14,00 FE 1D 44 E5 CB,
4363,70E,14,FF FF 1D 44 E5 C9,
4364,70E,14,00 FF 1E 44 E5 FF,
4365,74A,14,07 FD FF 01,
4366,74A,14,17 FD FF 01,
4367,74A,14,67 FD FF 01,
4368,74A,14,22 FD FF 81,
4369,74A,14,07 FD FF FE,
4370,74A,14,F8 02 FF 01,
4371,74A,14,F8 02 00 FE,
4372,74A,14,07 FD 00 01,
4373,74A,14,07 FE 00 01,
4374,74A,14,08 FE 00 02,
4375,74A,14,07 FC FF 01,
4376,74A,14,06 FC FF 01,
4377,74A,14,06 FC FE 00,
4378,74A,14,00 FD FF 01,
4379,74A,14,07 FF FF 01,
4380,70E,14,20 F8 00 02 8C E9 B3 6A FF,
4381,70E,14,20 F8 00 02 8C E9 B3 6A 7F,
4382,70E,14,20 F8 00 C2 8C E9 B3 6A FF,
4383,70E,14,20 F8 00 B2 88 E9 B3 6A FF,
4384,70E,14,20 F8 00 02 8C E9 B3 95 FF,
4385,70E,14,20 F8 00 02 8C 16 4C 6A FF,
4386,70E,14,DF F8 00 FD 8C E9 4C 95 FF,
4387,70E,14,20 F8 00 02 8C EA B3 6A FF,
4388,70E,14,21 F8 00 02 8C E9 B3 6A 00,
4389,70E,14,20 F9 00 02 8D E9 B3 6B 00,
4390,70E,14,20 F7 00 02 8C E9 B3 6A FF,
4391,70E,14,20 F8 00 02 8B E8 B3 6A FF,
4392,70E,14,20 F8 FF 01 8C E8 B3 6A FE,
4393,70E,14,20 F8 00 02 00 E9 B3 6A FF,
4394,70E,14,20 F8 FF 02 8C E9 B3 6A FF,
4395,74A,14,7F 34 FF FF,
4396,74A,14,7F 34 DF FF,
4397,74A,14,7F 34 FC FF,
4398,74A,14,E9 34 FF FF,
4399,74A,14,7F CB FF FF,
4400,74A,14,80 34 FF 00,
4401,74A,14,80 CB 00 00,
4402,74A,14,80 34 FF FF,
4403,74A,14,80 35 FF FF,
4404,74A,14,80 35 00 00,
4405,74A,14,7F 34 FF FE,
4406,74A,14,7E 34 FF FE,
4407,74A,14,7E 33 FE FE,
4408,74A,14,7F 34 00 FF,
4409,74A,14,7F FF FF FF,
4410,70E,14,ED 07 BE 08 03,
4411,70E,14,6D 07 BE 08 03,
4412,70E,14,ED C7 BE 08 03,
4413,70E,14,ED 87 9B 08 03,
4414,70E,14,ED 07 BE 08 FC,
4415,70E,14,12 F8 BE 08 03,
4416,70E,14,ED F8 BE 08 FC,
4417,70E,14,ED 08 BE 08 03,
4418,70E,14,ED 07 BF 09 03,
4419,70E,14,EF 07 BF 08 04,
4420,70E,14,ED 07 BE 07 03,
4421,70E,14,ED 07 BE 07 02,
4422,70E,14,EC 07 BD 06 03,
4423,70E,14,ED 00 BE 08 03,
4424,70E,14,ED 07 FF 08 03,
4425,74A,11,2A 9D 5F,
4426,74A,11,2A 9D DF,
4427,74A,11,2A 9B 5F,
4428,74A,11,4A 94 5F,
4429,74A,11,D5 9D 5F,
4430,74A,11,D5 62 5F,
4431,74A,11,D5 9D A0,
4432,74A,11,2B 9D 5F,
4433,74A,11,2A 9E 60,
4434,74A,11,2B 9D 62,
4435,74A,11,29 9D 5F,
4436,74A,11,2A 9C 5E,
4437,74A,11,29 9D 5C,
4438,74A,11,00 9D 5F,
4439,74A,11,2A FF 5F,
4440,70E,11,FE E1 00,
4441,70E,11,FE E1 20,
4442,70E,11,F8 E1 00,
4443,70E,11,4E E5 00,
4444,70E,11,FE E1 FF,
4445,70E,11,01 E1 FF,
4446,70E,11,FE 1E FF,
4447,70E,11,FF E1 00,
4448,70E,11,FF E1 01,
4449,70E,11,01 E2 00,
4450,70E,11,FE E0 00,
4451,70E,11,FE E0 FF,
4452,70E,11,FE DE FF,
4453,70E,11,00 E1 00,
4454,74A,11,45 F6 FB,
4455,74A,11,45 F6 FA,
4456,74A,11,C5 F7 FB,
4457,74A,11,C5 D3 FB,
4458,74A,11,BA F6 FB,
4459,74A,11,BA 09 FB,
4460,74A,11,45 09 04,
4461,74A,11,46 F6 FB,
4462,74A,11,45 F7 FC,
4463,74A,11,46 F6 FE,
4464,74A,11,45 F5 FB,
4465,74A,11,45 F5 FA,
4466,74A,11,45 F3 FA,
4467,74A,11,45 00 FB,
4468,74A,11,45 FF FB,
4469,70E,11,00 00 A8 54,
4470,70E,11,20 00 A8 54,
4471,70E,11,00 00 28 55,
4472,70E,11,00 4B A8 54,
4473,70E,11,FF 00 A8 54,
4474,70E,11,FF FF A8 54,
4475,70E,11,FF FF 57 AB,
4476,70E,11,01 00 A8 54,
4477,70E,11,01 01 A8 54,
4478,70E,11,01 01 A9 55,
4479,70E,11,00 00 A8 53,
4480,70E,11,FF FF A7 53,
4481,70E,11,00 00 A8 00,
4482,74A,11,FC 00,
4483,74A,11,FC 04,
4484,74A,11,F0 00,
4485,74A,11,9C 09,
4486,74A,11,FC FF,
4487,74A,11,03 FF,
4488,74A,11,FC 01,
4489,74A,11,FD 01,
4490,74A,11,FE 02,
4491,74A,11,FB 00,
4492,74A,11,FB FF,
4493,74A,11,FA FE,
4494,70E,11,DD,
4495,70E,11,9D,
4496,70E,11,DB,
4497,70E,11,78,
4498,70E,11,22,
4499,70E,11,DE,
4500,70E,11,DF,
4501,70E,11,E1,
4502,70E,11,DC,
4503,70E,11,D9,
4504,70E,11,00,
4505,70E,11,FF,
4506,74A,11,AA E5 32,
4507,74A,11,A2 E5 32,
4508,74A,11,AA D5 32,
4509,74A,11,CA EC 32,
4510,74A,11,AA E5 CD,
4511,74A,11,55 E5 CD,
4512,74A,11,AA 1A CD,
4513,74A,11,AB E5 32,
4514,74A,11,AB E6 32,
4515,74A,11,AA E8 33,
4516,74A,11,AA E5 31,
4517,74A,11,A9 E5 31,
4518,74A,11,A7 E4 32,
4519,74A,11,AA 00 32,
4520,74A,11,FF E5 32,
4521,70E,11,8C 76 FF 55,
4522,70E,11,8C 76 FE 55,
4523,70E,11,8C 76 F9 55,
4524,70E,11,8C 3D FF 55,
4525,70E,11,8C 76 00 55,
4526,70E,11,73 89 FF 55,
4527,70E,11,73 89 00 AA,
4528,70E,11,8D 77 FF 55,
4529,70E,11,8D 77 00 56,
4530,70E,11,8C 75 FF 55,
4531,70E,11,8B 76 FF 54,
4532,70E,11,8B 75 FE 54,
4533,70E,11,8C 00 FF 55,
4534,70E,11,8C FF FF 55,
4535,74A,10,95 40 1C 17 EB,
4536,74A,10,95 C0 1C 17 EB,
4537,74A,10,55 40 1C 17 EB,
4538,74A,10,15 65 1C 17 EB,
4539,74A,10,95 40 E3 17 EB,
4540,74A,10,6A 40 1C 17 14,
4541,74A,10,6A 40 1C E8 EB,
4542,74A,10,96 40 1C 17 EB,
4543,74A,10,95 40 1C 18 EC,
4544,74A,10,96 42 1C 18 EB,
4545,74A,10,95 40 1B 17 EB,
4546,74A,10,94 40 1C 17 EA,
4547,74A,10,94 40 1B 15 EB,
4548,74A,10,95 40 00 17 EB,
4549,74A,10,95 40 1C 17 FF,
4550,70E,11,AF 25,
4551,70E,11,AB 25,
4552,70E,11,CF 25,
4553,70E,11,AD 7D,
4554,70E,11,AF DA,
4555,70E,11,50 DA,
4556,70E,11,AF 26,
4557,70E,11,B0 26,
4558,70E,11,B1 27,
4559,70E,11,AF 24,
4560,70E,11,AE 24,
4561,70E,11,AD 23,
4562,70E,11,AF 00,
4563,70E,11,FF 25,
4564,74A,10,85 E4 DF E9 FF 01,
4565,74A,10,85 E4 DF E9 FF 03,
4566,74A,10,85 64 DE E9 FF 01,
4567,74A,10,85 72 DF E9 FF 01,
4568,74A,10,85 E4 DF E9 FF FE,
4569,74A,10,7A E4 DF E9 FF FE,
4570,74A,10,7A E4 20 E9 FF 01,
4571,74A,10,86 E4 DF E9 FF 01,
4572,74A,10,85 E5 E0 E9 FF 01,
4573,74A,10,85 E6 E0 E9 00 01,
4574,74A,10,85 E3 DF E9 FF 01,
4575,74A,10,85 E4 DF E9 FE 00,
4576,74A,10,84 E4 DF E7 FE 01,
4577,74A,10,85 00 DF E9 FF 01,
4578,74A,10,FF E4 DF E9 FF 01,
4579,70E,11,D4 00,
4580,70E,11,D4 01,
4581,70E,11,D2 00,
4582,70E,11,14 12,
4583,70E,11,D4 FF,
4584,70E,11,2B FF,
4585,70E,11,D5 00,
4586,70E,11,D5 01,
4587,70E,11,D6 02,
4588,70E,11,D3 00,
4589,70E,11,D3 FF,
4590,70E,11,D2 FE,
4591,74A,10,FF 88 FE E7,
4592,74A,10,FE 88 FE E7,
4593,74A,10,FF 90 FE E7,
4594,74A,10,FD 88 FE BF,
4595,74A,10,FF 88 01 E7,
4596,74A,10,FF 77 01 E7,
4597,74A,10,00 77 01 18,
4598,74A,10,FF 88 FF E7,
4599,74A,10,FF 88 FF E8,
4600,74A,10,00 89 FF E8,
4601,74A,10,FF 87 FE E7,
4602,74A,10,FE 88 FE E6,
4603,74A,10,FE 87 FD E6,
4604,74A,10,FF 88 FE 00,
4605,70E,11,BE 10 34 FF 0C,
4606,70E,11,BE 10 34 FF 0E,
4607,70E,11,BE 08 34 FF 0C,
4608,70E,11,28 10 34 FF 0C,
4609,70E,11,BE EF 34 FF 0C,
4610,70E,11,BE EF CB FF 0C,
4611,70E,11,BE EF 34 FF F3,
4612,70E,11,BF 10 34 FF 0C,
4613,70E,11,BF 10 34 FF 0D,
4614,70E,11,BF 10 35 01 0C,
4615,70E,11,BE 10 33 FF 0C,
4616,70E,11,BD 10 34 FF 0B,
4617,70E,11,BE 0F 32 FF 0B,
4618,70E,11,BE 10 00 FF 0C,
4619,70E,11,BE 10 34 FF FF,
4620,74A,10,5A FC BB DF 03 7E 02 E7,
4621,74A,10,5A FC BB DB 03 7E 02 E7,
4622,74A,10,5A FC BB 1F 03 7E 02 E7,
4623,74A,10,5A FC E3 DD 03 7E 02 E7,
4624,74A,10,5A FC BB DF 03 7E 02 18,
4625,74A,10,5A FC BB 20 FC 7E 02 E7,
4626,74A,10,A5 FC BB 20 03 81 FD E7,
4627,74A,10,5A FC BB DF 03 7F 02 E7,
4628,74A,10,5B FC BB DF 03 7E 02 E8,
4629,74A,10,5B FC BC E0 03 7F 02 E7,
4630,74A,10,5A FC BB DE 03 7E 02 E7,
4631,74A,10,59 FC BB DF 03 7E 02 E6,
4632,74A,10,59 FB BB DE 03 7E 01 E7,
4633,74A,10,5A FC BB DF 00 7E 02 E7,
4634,74A,10,5A FC FF DF 03 7E 02 E7,
4635,70E,11,0B 8F 00 4D,
4636,70E,11,0B 8F 40 4D,
4637,70E,11,0B 8F 00 4E,
4638,70E,11,0B D7 02 4D,
4639,70E,11,0B 8F FF 4D,
4640,70E,11,F4 8F 00 B2,
4641,70E,11,F4 70 FF B2,
4642,70E,11,0B 90 00 4D,
4643,70E,11,0B 90 01 4D,
4644,70E,11,0C 90 01 4E,
4645,70E,11,0A 8F 00 4D,
4646,70E,11,0B 8E FF 4D,
4647,70E,11,0A 8E FF 4C,
4648,70E,11,0B 8F 00 00,
4649,70E,11,FF 8F 00 4D,
4650,74B,85,DD 2D E0 8E,
4651,74B,85,D5 2D E0 8E,
4652,74B,85,DD AD E1 8E,
4653,74B,85,5D 08 E0 8E,
4654,74B,85,DD 2D 1F 8E,
4655,74B,85,DD 2D 1F 71,
4656,74B,85,22 D2 1F 71,
4657,74B,85,DD 2D E0 8F,
4658,74B,85,DE 2D E0 8F,
4659,74B,85,DE 2E E1 8F,
4660,74B,85,DD 2D E0 8D,
4661,74B,85,DC 2D E0 8D,
4662,74B,85,DC 2C DF 8D,
4663,74B,85,00 2D E0 8E,
4664,74B,85,DD 2D E0 FF,
4665,70E,10,6E,
4666,70E,10,6F,
4667,70E,10,6D,
4668,70E,10,25,
4669,70E,10,91,
4670,70E,10,70,
4671,70E,10,72,
4672,70E,10,6C,
4673,70E,10,6A,
4674,70E,10,00,
4675,70E,10,FF,
4676,74B,85,84 4C B7,
4677,74B,85,84 4C 97,
4678,74B,85,82 4C B7,
4679,74B,85,A8 4D B7,
4680,74B,85,84 B3 B7,
4681,74B,85,84 B3 48,
4682,74B,85,7B B3 B7,
4683,74B,85,85 4C B7,
4684,74B,85,84 4D B8,
4685,74B,85,87 4D B7,
4686,74B,85,84 4C B6,
4687,74B,85,84 4B B6,
4688,74B,85,84 49 B6,
4689,74B,85,84 00 B7,
4690,74B,85,84 4C FF,
4691,70E,10,6D 89 00 15 FF,
4692,70E,10,6C 89 00 15 FF,
4693,70E,10,ED 88 00 15 FF,
4694,70E,10,6D 89 00 83 FF,
4695,70E,10,6D 89 00 15 00,
4696,70E,10,92 76 00 15 FF,
4697,70E,10,92 89 FF 15 FF,
4698,70E,10,6D 8A 00 15 FF,
4699,70E,10,6E 89 00 15 00,
4700,70E,10,6F 89 01 15 00,
4701,70E,10,6D 89 00 15 FE,
4702,70E,10,6D 89 00 14 FE,
4703,70E,10,6D 88 FE 15 FE,
4704,70E,10,6D 89 00 00 FF,
4705,74B,85,FF BB 00 31,
4706,74B,85,FF FB 00 31,
4707,74B,85,FF BD 00 31,
4708,74B,85,FF 97 01 31,
4709,74B,85,00 BB 00 31,
4710,74B,85,00 BB 00 CE,
4711,74B,85,00 44 FF CE,
4712,74B,85,FF BB 01 32,
4713,74B,85,00 BC 01 32,
4714,74B,85,FF BB 00 30,
4715,74B,85,FF BB FF 30,
4716,74B,85,FE BA FF 30,
4717,70E,10,22,
4718,70E,10,20,
4719,70E,10,E2,
4720,70E,10,78,
4721,70E,10,DD,
4722,70E,10,23,
4723,70E,10,24,
4724,70E,10,26,
4725,70E,10,21,
4726,70E,10,1E,
4727,74B,85,35 79 FD 47 48 06 D9 80,
4728,74B,85,35 79 FD 47 4A 06 D9 80,
4729,74B,85,35 79 7D 46 48 06 D9 80,
4730,74B,85,35 79 FD 47 64 07 D9 80,
4731,74B,85,35 79 FD 47 B7 06 D9 80,
4732,74B,85,CA 86 FD 47 48 06 D9 80,
4733,74B,85,CA 79 02 B8 48 F9 D9 80,
4734,74B,85,35 79 FD 47 48 06 DA 80,
4735,74B,85,35 7A FE 47 48 06 D9 80,
4736,74B,85,35 7A FD 48 49 06 DA 80,
4737,74B,85,35 79 FD 47 48 06 D9 7F,
4738,74B,85,34 79 FD 47 48 06 D9 7F,
4739,74B,85,35 79 FC 47 47 05 D9 7F,
4740,74B,85,35 00 FD 47 48 06 D9 80,
4741,74B,85,35 79 FF 47 48 06 D9 80,
4742,70E,10,9B 35 15 E4 2B FA 7A,
4743,70E,10,9B 35 15 E4 29 FA 7A,
4744,70E,10,9B 35 15 E4 2B FA 1A,
4745,70E,10,9B 35 15 E4 07 FB 7A,
4746,70E,10,9B 35 15 E4 D4 FA 7A,
4747,70E,10,9B 35 15 E4 2B 05 85,
4748,70E,10,64 CA 15 1B 2B FA 85,
4749,70E,10,9B 35 15 E5 2B FA 7A,
4750,70E,10,9C 35 15 E4 2B FA 7B,
4751,70E,10,9C 35 15 E5 2C FB 7A,
4752,70E,10,9B 35 15 E4 2A FA 7A,
4753,70E,10,9B 35 15 E3 2A FA 7A,
4754,70E,10,9A 34 15 E3 2B FA 79,
4755,70E,10,9B 35 15 E4 2B FA 00,
4756,70E,10,9B 35 FF E4 2B FA 7A,
4757,74B,3E,D1 CB FF 58 C3 DC 08 00,
4758,74B,3E,D1 CB FF 58 C3 D8 08 00,
4759,74B,3E,D1 CB FF 58 C3 DC C8 00,
4760,74B,3E,D1 CB FF 38 CA DC 08 00,
4761,74B,3E,D1 CB FF 58 3C DC 08 00,
4762,74B,3E,D1 CB FF 58 C3 DC F7 FF,
4763,74B,3E,2E CB 00 A7 C3 23 08 00,
4764,74B,3E,D1 CB 00 58 C3 DC 08 00,
4765,74B,3E,D1 CB FF 59 C4 DC 08 00,
4766,74B,3E,D2 CB FF 59 C3 DD 09 00,
4767,74B,3E,D1 CB FF 58 C3 DC 07 00,
4768,74B,3E,D1 CB FF 58 C2 DB 08 00,
4769,74B,3E,D0 CB FE 58 C3 DB 08 FF,
4770,74B,3E,D1 00 FF 58 C3 DC 08 00,
4771,74B,3E,D1 CB FF 58 C3 DC FF 00,
4772,70E,10,00 EB 2B BE F6 CE FF FF,
4773,70E,10,20 EB 2B BE F6 CE FF FF,
4774,70E,10,00 EB 2B BE F6 CE E7 FF,
4775,70E,10,00 EB 2B BE 36 DC FF FF,
4776,70E,10,00 EB 2B BE F6 CE 00 FF,
4777,70E,10,FF EB 2B BE F6 CE FF 00,
4778,70E,10,00 14 2B 41 09 CE 00 FF,
4779,70E,10,00 EB 2B BE F6 CF FF FF,
4780,70E,10,00 EB 2B BE F6 CE 00 00,
4781,70E,10,00 EB 2C BE F7 CF FF 00,
4782,70E,10,00 EB 2B BE F6 CE FF FE,
4783,70E,10,FF EB 2B BE F6 CE FF FE,
4784,70E,10,00 EB 2A BE F5 CD FF FE,
4785,70E,10,00 EB 2B FF F6 CE FF FF,
4786,74B,3E,DC 00 C0 15,
4787,74B,3E,DC 00 C4 15,
4788,74B,3E,DC 00 CC 15,
4789,74B,3E,DD 00 C0 39,
4790,74B,3E,DC 00 3F 15,
4791,74B,3E,DC 00 3F EA,
4792,74B,3E,23 FF 3F EA,
4793,74B,3E,DD 00 C0 15,
4794,74B,3E,DD 00 C0 16,
4795,74B,3E,DD 01 C1 16,
4796,74B,3E,DB 00 C0 15,
4797,74B,3E,DC 00 BF 14,
4798,74B,3E,DB FF BF 14,
4799,74B,3E,DC 00 C0 00,
4800,74B,3E,DC FF C0 15,
4801,70E,10,2D FF FE 60,
4802,70E,10,2D EF FE 60,
4803,70E,10,2E FF FE 60,
4804,70E,10,2D FF FE 2B,
4805,70E,10,2D FF 01 60,
4806,70E,10,2D 00 01 60,
4807,70E,10,D2 00 01 9F,
4808,70E,10,2D 00 FE 60,
4809,70E,10,2E FF FE 61,
4810,70E,10,2E 00 FF 61,
4811,70E,10,2D FF FE 5F,
4812,70E,10,2C FF FE 5F,
4813,70E,10,2C FE FD 5F,
4814,70E,10,00 FF FE 60,
4815,70E,10,2D FF FF 60,
4816,74B,3E,FF FD,
4817,74B,3E,FF ED,
4818,74B,3E,FF F1,
4819,74B,3E,B4 FD,
4820,74B,3E,FF 02,
4821,74B,3E,00 02,
4822,74B,3E,FF FE,
4823,74B,3E,00 FE,
4824,74B,3E,01 FF,
4825,74B,3E,FE FD,
4826,74B,3E,FE FC,
4827,74B,3E,FD FB,
4828,74B,3E,00 FD,
4829,74B,3E,FF FF,
4830,70E,10,73 F5 C5 89 FF,
4831,70E,10,71 F5 C5 89 FF,
4832,70E,10,73 75 C4 89 FF,
4833,70E,10,2B F7 C5 89 FF,
4834,70E,10,73 F5 3A 89 FF,
4835,70E,10,8C F5 C5 89 00,
4836,70E,10,8C F5 C5 76 FF,
4837,70E,10,73 F5 C5 89 00,
4838,70E,10,74 F6 C5 89 FF,
4839,70E,10,74 F5 C6 8B FF,
4840,70E,10,73 F5 C4 89 FF,
4841,70E,10,72 F4 C5 89 FF,
4842,70E,10,73 F4 C3 89 FE,
4843,70E,10,00 F5 C5 89 FF,
4844,70E,10,FF F5 C5 89 FF,
4845,74B,3E,95 1F 72 DF 09,
4846,74B,3E,95 1F 72 DF 29,
4847,74B,3E,55 1F 72 DF 09,
4848,74B,3E,95 1F 72 DF 42,
4849,74B,3E,95 1F 72 DF F6,
4850,74B,3E,6A 1F 72 DF F6,
4851,74B,3E,6A 1F 8D DF 09,
4852,74B,3E,96 1F 72 DF 09,
4853,74B,3E,95 1F 73 E0 09,
4854,74B,3E,96 21 72 E0 09,
4855,74B,3E,95 1E 72 DF 09,
4856,74B,3E,95 1F 72 DE 08,
4857,74B,3E,94 1D 72 DE 09,
4858,74B,3E,95 1F 00 DF 09,
4859,74B,3E,FF 1F 72 DF 09,
4860,70E,10,EA 09,
4861,70E,10,E2 09,
4862,70E,10,E9 09,
4863,70E,10,6A 2C,
4864,70E,10,15 09,
4865,70E,10,15 F6,
4866,70E,10,EB 09,
4867,70E,10,EB 0A,
4868,70E,10,EC 0B,
4869,70E,10,E9 08,
4870,70E,10,E8 07,
4871,70E,10,EA 00,
4872,70E,10,FF 09,
4873,74B,3D,08 FD FA 13,
4874,74B,3D,08 FD FA 1B,
4875,74B,3D,08 FD 9A 13,
4876,74B,3D,08 FD B1 13,
4877,74B,3D,F7 FD FA 13,
4878,74B,3D,F7 02 FA 13,
4879,74B,3D,F7 02 05 EC,
4880,74B,3D,08 FE FA 13,
4881,74B,3D,08 FD FB 14,
4882,74B,3D,09 FE FB 14,
4883,74B,3D,07 FD FA 13,
4884,74B,3D,08 FC F9 13,
4885,74B,3D,07 FC F9 12,
4886,74B,3D,00 FD FA 13,
4887,74B,3D,08 FD FA FF,
4888,70E,86,29,
4889,70E,86,8C,
4890,70E,86,D6,
4891,70E,86,2A,
4892,70E,86,2B,
4893,70E,86,2D,
4894,70E,86,27,
4895,70E,86,25,
4896,74B,3D,5D 02 E4 D9 62,
4897,74B,3D,55 02 E4 D9 62,
4898,74B,3D,5D 02 E4 D9 7A,
4899,74B,3D,5D C2 F6 D9 62,
4900,74B,3D,5D FD E4 D9 62,
4901,74B,3D,5D 02 E4 26 9D,
4902,74B,3D,5D 02 1B D9 9D,
4903,74B,3D,5D 02 E5 D9 62,
4904,74B,3D,5E 02 E4 D9 63,
4905,74B,3D,5E 04 E4 DA 62,
4906,74B,3D,5D 02 E3 D9 62,
4907,74B,3D,5C 02 E4 D9 61,
4908,74B,3D,5B 02 E3 D9 61,
4909,74B,3D,5D 02 00 D9 62,
4910,74B,3D,FF 02 E4 D9 62,
4911,74B,3D,00 12 01 FF,
4912,74B,3D,00 12 00 FF,
4913,74B,3D,00 92 00 FF,
4914,74B,3D,25 12 01 7F,
4915,74B,3D,00 12 FE FF,
4916,74B,3D,FF ED 01 FF,
4917,74B,3D,FF ED FE 00,
4918,74B,3D,00 13 01 FF,
4919,74B,3D,00 13 02 FF,
4920,74B,3D,01 13 02 00,
4921,74B,3D,00 12 01 FE,
4922,74B,3D,00 12 00 FE,
4923,74B,3D,FF 11 00 FE,
4924,74B,3D,00 12 01 00,
4925,74B,3D,00 12 FF FF,
4926,70E,86,0D 88 2F 22 FB A3 91 E3 FD F1,
4927,70E,86,0D 88 2F 22 FB A3 91 F3 FD F1,
4928,70E,86,0D 88 2F 22 FB A3 91 63 FC F1,
4929,70E,86,0D 38 2B 22 FB A3 91 E3 FD F1,
4930,70E,86,0D 88 2F 22 FB A3 91 1C FD F1,
4931,70E,86,0D 88 2F 22 04 5C 91 E3 FD F1,
4932,70E,86,0D 88 D0 22 FB A3 6E 1C FD 0E,
4933,70E,86,0E 88 2F 22 FB A3 91 E3 FD F1,
4934,70E,86,0D 88 2F 22 FB A4 92 E3 FD F1,
4935,70E,86,0D 89 2F 22 FB A4 92 E3 FE F1,
4936,70E,86,0C 88 2F 22 FB A3 91 E3 FD F1,
4937,70E,86,0C 88 2F 22 FB A3 91 E3 FD F0,
4938,70E,86,0C 87 2F 21 FB A3 90 E3 FD F1,
4939,70E,86,0D 88 2F 22 FB 00 91 E3 FD F1,
4940,70E,86,FF 88 2F 22 FB A3 91 E3 FD F1,
4941,74B,3D,AE FF FE 00,
4942,74B,3D,AE FF FE 01,
4943,74B,3D,AE F3 FE 00,
4944,74B,3D,AC FF FE 58,
4945,74B,3D,AE FF 01 00,
4946,74B,3D,51 00 FE 00,
4947,74B,3D,51 00 01 FF,
4948,74B,3D,AE 00 FE 00,
4949,74B,3D,AE 00 FF 00,
4950,74B,3D,AF 00 FF 01,
4951,74B,3D,AE FF FE FF,
4952,74B,3D,AE FE FD 00,
4953,74B,3D,AD FE FD FF,
4954,70E,86,B6 5C E4 32 0F,
4955,70E,86,B6 5C E4 B2 0F,
4956,70E,86,B6 5C E4 32 6F,
4957,70E,86,B6 04 E6 32 0F,
4958,70E,86,B6 5C 1B 32 0F,
4959,70E,86,B6 A3 1B 32 0F,
4960,70E,86,B6 A3 E4 32 F0,
4961,70E,86,B6 5C E5 32 0F,
4962,70E,86,B7 5D E4 32 0F,
4963,70E,86,B8 5C E5 32 10,
4964,70E,86,B6 5B E4 32 0F,
4965,70E,86,B5 5B E4 32 0F,
4966,70E,86,B4 5C E3 32 0E,
4967,70E,86,B6 5C 00 32 0F,
4968,70E,86,B6 FF E4 32 0F,
4969,74B,37,00 D3 FF,
4970,74B,37,00 D2 FF,
4971,74B,37,00 D3 F3,
4972,74B,37,25 D3 7F,
4973,74B,37,00 D3 00,
4974,74B,37,FF D3 00,
4975,74B,37,01 D3 FF,
4976,74B,37,01 D4 FF,
4977,74B,37,01 D3 02,
4978,74B,37,FF D2 FF,
4979,74B,37,FF D3 FC,
4980,74B,37,00 00 FF,
4981,74B,37,00 FF FF,
4982,70E,86,5F E7 02,
4983,70E,86,5D E7 02,
4984,70E,86,5F E7 01,
4985,70E,86,5F 71 02,
4986,70E,86,5F 18 02,
4987,70E,86,A0 18 02,
4988,70E,86,A0 E7 FD,
4989,70E,86,5F E7 03,
4990,70E,86,60 E8 02,
4991,70E,86,62 E8 02,
4992,70E,86,5E E7 01,
4993,70E,86,5E E7 FF,
4994,70E,86,5F 00 02,
4995,70E,86,5F E7 FF,
4996,74B,37,C7 F0 8F 78 A2,
4997,74B,37,C7 F0 87 78 A2,
4998,74B,37,C7 F0 0F 79 A2,
4999,74B,37,C7 F0 8F EE A2,
5000,74B,37,C7 F0 70 78 A2,
5001,74B,37,38 F0 8F 78 5D,
5002,74B,37,38 F0 8F 87 A2,
5003,74B,37,C7 F0 8F 78 A3,
5004,74B,37,C7 F1 90 78 A2,
5005,74B,37,C8 F0 90 7A A2,
5006,74B,37,C7 F0 8F 77 A2,
5007,74B,37,C6 EF 8F 78 A2,
5008,74B,37,C6 F0 8E 76 A2,
5009,74B,37,00 F0 8F 78 A2,
5010,74B,37,C7 F0 8F FF A2,
5011,70E,86,60,
5012,70E,86,64,
5013,70E,86,C5,
5014,70E,86,9F,
5015,70E,86,61,
5016,70E,86,62,
5017,70E,86,5F,
5018,70E,86,5E,
5019,70E,86,5C,
5020,74B,37,F9 65 4E 99 FD 00,
5021,74B,37,F9 65 CE 99 FD 00,
5022,74B,37,39 65 4E 99 FD 00,
5023,74B,37,F9 2E 4E 99 FD 00,
5024,74B,37,F9 65 4E 66 FD 00,
5025,74B,37,F9 65 4E 99 02 FF,
5026,74B,37,F9 65 4E 66 FD FF,
5027,74B,37,F9 65 4F 99 FD 00,
5028,74B,37,FA 66 4E 99 FD 00,
5029,74B,37,F9 67 4F 99 FE 00,
5030,74B,37,F9 65 4E 99 FD FF,
5031,74B,37,F8 65 4E 99 FD FF,
5032,74B,37,F9 65 4C 98 FD FF,
5033,74B,37,00 65 4E 99 FD 00,
5034,74B,37,FF 65 4E 99 FD 00,
5035,70E,86,EB FF 00 5A 6C 6B F3,
5036,70E,86,EB BF 00 5A 6C 6B F3,
5037,70E,86,EB FF 00 5A 6C 6D F3,
5038,70E,86,EB FF 00 EA 68 6B F3,
5039,70E,86,14 FF 00 5A 6C 6B F3,
5040,70E,86,EB FF 00 5A 6C 94 0C,
5041,70E,86,EB 00 00 5A 93 94 0C,
5042,70E,86,EB FF 00 5A 6C 6C F3,
5043,70E,86,EB 00 01 5A 6C 6B F3,
5044,70E,86,EB FF 01 5B 6D 6B F4,
5045,70E,86,EB FE 00 5A 6C 6B F3,
5046,70E,86,EB FF FF 59 6C 6B F3,
5047,70E,86,EA FF FF 5A 6C 6A F2,
5048,70E,86,00 FF 00 5A 6C 6B F3,
5049,70E,86,FF FF 00 5A 6C 6B F3,
5050,74B,37,46 5C FC,
5051,74B,37,46 5C F4,
5052,74B,37,46 9C FC,
5053,74B,37,46 EC F8,
5054,74B,37,46 A3 FC,
5055,74B,37,B9 A3 FC,
5056,74B,37,46 A3 03,
5057,74B,37,47 5C FC,
5058,74B,37,46 5D FD,
5059,74B,37,47 5C FF,
5060,74B,37,46 5B FC,
5061,74B,37,45 5C FB,
5062,74B,37,43 5B FC,
5063,74B,37,46 00 FC,
5064,74B,37,46 5C FF,
5065,70E,86,32 20 13,
5066,70E,86,32 20 53,
5067,70E,86,31 20 13,
5068,70E,86,20 20 D3,
5069,70E,86,32 20 EC,
5070,70E,86,CD DF 13,
5071,70E,86,CD 20 EC,
5072,70E,86,32 20 14,
5073,70E,86,33 21 13,
5074,70E,86,32 23 14,
5075,70E,86,32 1F 13,
5076,70E,86,32 1F 12,
5077,70E,86,32 1D 12,
5078,70E,86,32 20 00,
5079,70E,86,32 20 FF,
5080,74B,36,C0 94 6E DD 70 BA BA D7 11 98 FF,
5081,74B,36,C0 94 6E DD 70 BA BA D7 11 9C FF,
5082,74B,36,C3 94 6E DD 70 BA BA D7 11 98 FF,
5083,74B,36,C0 94 6E DD 70 3A 9F D7 11 98 FF,
5084,74B,36,C0 94 6E DD 70 45 BA D7 11 98 FF,
5085,74B,36,C0 94 6E DD 70 BA BA 28 EE 98 FF,
5086,74B,36,C0 6B 6E DD 70 BA 45 28 11 67 FF,
5087,74B,36,C0 94 6E DD 70 BA BA D8 11 98 FF,
5088,74B,36,C1 95 6E DD 70 BA BA D7 11 98 FF,
5089,74B,36,C0 94 6F DD 70 BA BA D8 12 98 00,
5090,74B,36,C0 93 6E DD 70 BA BA D7 11 98 FF,
5091,74B,36,C0 94 6D DC 70 BA BA D7 11 98 FF,
5092,74B,36,C0 94 6E DC 6F BA B9 D7 11 97 FF,
5093,74B,36,C0 94 6E 00 70 BA BA D7 11 98 FF,
5094,74B,36,C0 94 6E DD 70 BA FF D7 11 98 FF,
5095,70E,86,4A D2 8E E9,
5096,70E,86,4A D2 8E E1,
5097,70E,86,4A D2 8E E5,
5098,70E,86,4A FE 8F E9,
5099,70E,86,B5 D2 8E E9,
5100,70E,86,4A 2D 71 E9,
5101,70E,86,B5 2D 71 16,
5102,70E,86,4A D2 8F E9,
5103,70E,86,4A D3 8F E9,
5104,70E,86,4B D3 8F EA,
5105,70E,86,4A D2 8D E9,
5106,70E,86,49 D2 8E E8,
5107,70E,86,49 D1 8D E8,
5108,70E,86,4A D2 00 E9,
5109,70E,86,FF D2 8E E9,
5110,74B,36,22 76 0F 68 FF,
5111,74B,36,22 76 0F 68 F7,
5112,74B,36,22 7A 0F 68 FF,
5113,74B,36,22 76 0F 68 69,
5114,74B,36,22 76 F0 68 FF,
5115,74B,36,22 76 0F 97 00,
5116,74B,36,22 89 0F 68 00,
5117,74B,36,22 77 0F 68 FF,
5118,74B,36,22 76 10 69 FF,
5119,74B,36,23 78 0F 69 FF,
5120,74B,36,22 76 0E 68 FF,
5121,74B,36,21 76 0F 68 FE,
5122,74B,36,21 76 0E 66 FF,
5123,74B,36,22 00 0F 68 FF,
5124,74B,36,FF 76 0F 68 FF,
5125,70E,86,FE FE 11 CC E1 EA B4 FF 90 0E,
5126,70E,86,FE FE 11 CC E1 EA B4 FF 92 0E,
5127,70E,86,FE FE 11 CC E1 EA B8 FF 90 0E,
5128,70E,86,9E F7 11 CC E1 EA B4 FF 90 0E,
5129,70E,86,FE FE 11 CC E1 15 B4 FF 90 0E,
5130,70E,86,FE FE 11 33 1E EA B4 FF 90 0E,
5131,70E,86,FE 01 11 CC 1E EA B4 FF 6F F1,
5132,70E,86,FF FE 11 CC E1 EA B4 FF 90 0E,
5133,70E,86,FE FE 11 CC E1 EA B4 00 91 0E,
5134,70E,86,FE FF 11 CC E2 EA B4 FF 91 0F,
5135,70E,86,FE FE 11 CB E1 EA B4 FF 90 0E,
5136,70E,86,FE FE 11 CC E1 EA B4 FF 8F 0D,
5137,70E,86,FE FD 10 CC E0 EA B4 FE 90 0E,
5138,70E,86,FE 00 11 CC E1 EA B4 FF 90 0E,
5139,70E,86,FE FE 11 CC E1 EA B4 FF FF 0E,
5140,74B,36,17 47 B4 CE FF 30,
5141,74B,36,57 47 B4 CE FF 30,
5142,74B,36,17 47 B4 4E FE 30,
5143,74B,36,17 47 04 CA FF 30,
5144,74B,36,17 B8 B4 CE FF 30,
5145,74B,36,17 47 B4 31 00 30,
5146,74B,36,E8 47 4B CE FF 30,
5147,74B,36,18 47 B4 CE FF 30,
5148,74B,36,17 48 B5 CE FF 30,
5149,74B,36,17 49 B5 CE 00 30,
5150,74B,36,17 46 B4 CE FF 30,
5151,74B,36,16 46 B4 CE FF 30,
5152,74B,36,17 46 B4 CE FD 2F,
5153,74B,36,17 47 B4 CE 00 30,
5154,70E,86,FF 07 07 FF E4 77 E7,
5155,70E,86,DF 07 07 FF E4 77 E7,
5156,70E,86,FF 07 07 E7 E4 77 E7,
5157,70E,86,FF 07 07 FF 84 7E E7,
5158,70E,86,FF 07 07 FF E4 77 18,
5159,70E,86,FF 07 07 FF E4 88 18,
5160,70E,86,FF F8 07 FF 1B 88 18,
5161,70E,86,FF 07 07 FF E4 78 E7,
5162,70E,86,FF 07 07 FF E5 78 E7,
5163,70E,86,00 07 08 FF E4 78 E8,
5164,70E,86,FF 07 07 FF E3 77 E7,
5165,70E,86,FF 07 07 FE E3 77 E7,
5166,70E,86,FF 06 06 FE E4 76 E7,
5167,70E,86,FF 00 07 FF E4 77 E7,
5168,70E,86,FF 07 07 FF FF 77 E7,
5169,74B,36,BF,
5170,74B,36,FF,
5171,74B,36,A7,
5172,74B,36,6D,
5173,74B,36,40,
5174,74B,36,C0,
5175,74B,36,C1,
5176,74B,36,C3,
5177,74B,36,BE,
5178,74B,36,BD,
5179,74B,36,BB,
5180,74B,36,00,
5181,70E,86,FE 83 39 A2 66 9D 25 00 87 35,
5182,70E,86,FE A3 39 A2 66 9D 25 00 87 35,
5183,70E,86,7E 82 39 A2 66 9D 25 00 87 35,
5184,70E,86,FE 83 39 A2 F0 9D 25 00 87 35,
5185,70E,86,01 83 39 A2 66 9D 25 00 87 35,
5186,70E,86,01 83 39 A2 66 9D 25 00 87 CA,
5187,70E,86,FE 83 39 5D 99 9D DA 00 87 CA,
5188,70E,86,FE 83 39 A2 66 9E 25 00 87 35,
5189,70E,86,FE 83 39 A2 66 9D 25 00 88 36,
5190,70E,86,FE 83 3A A3 66 9E 25 00 88 35,
5191,70E,86,FE 83 39 A2 66 9D 25 00 86 35,
5192,70E,86,FE 83 39 A2 66 9D 25 00 86 34,
5193,70E,86,FD 83 38 A2 66 9C 25 00 87 34,
5194,70E,86,FE 83 00 A2 66 9D 25 00 87 35,
5195,70E,86,FF 83 39 A2 66 9D 25 00 87 35,
5196,74B,35,72 FD 67 00,
5197,74B,35,62 FD 67 00,
5198,74B,35,12 FD 67 00,
5199,74B,35,72 FD 3F 02,
5200,74B,35,72 FD 98 00,
5201,74B,35,8D 02 67 00,
5202,74B,35,8D 02 98 FF,
5203,74B,35,72 FD 67 01,
5204,74B,35,73 FE 67 00,
5205,74B,35,73 FE 68 01,
5206,74B,35,71 FD 67 00,
5207,74B,35,71 FD 67 FF,
5208,74B,35,71 FC 66 FF,
5209,74B,35,72 FD 00 00,
5210,74B,35,72 FD FF 00,
5211,70E,86,00 FF 81 00 30 38 86,
5212,70E,86,00 FF 01 00 30 38 86,
5213,70E,86,00 FF 81 06 30 38 86,
5214,70E,86,00 FF 81 00 30 14 87,
5215,70E,86,00 FF 7E 00 30 38 86,
5216,70E,86,FF FF 81 00 30 38 79,
5217,70E,86,00 00 7E FF 30 C7 86,
5218,70E,86,00 FF 81 00 30 39 86,
5219,70E,86,00 FF 81 01 31 38 86,
5220,70E,86,01 FF 81 01 31 39 86,
5221,70E,86,FF FF 81 00 30 38 86,
5222,70E,86,00 FF 80 FF 30 38 86,
5223,70E,86,FF FE 80 00 2F 38 86,
5224,70E,86,00 FF 81 00 30 38 00,
5225,70E,86,00 FF 81 FF 30 38 86,
5226,74B,35,2F 97 00,
5227,74B,35,2F 93 00,
5228,74B,35,4F 97 00,
5229,74B,35,03 96 00,
5230,74B,35,2F 97 FF,
5231,74B,35,D0 68 00,
5232,74B,35,2F 68 FF,
5233,74B,35,2F 97 01,
5234,74B,35,2F 98 01,
5235,74B,35,2F 9A 01,
5236,74B,35,2E 96 00,
5237,74B,35,2F 94 FF,
5238,74B,35,00 97 00,
5239,74B,35,FF 97 00,
5240,70E,86,FE 7A 7D BB 33 59 00,
5241,70E,86,FE 7A 7D BB 33 59 02,
5242,70E,86,7E 7B 7D BB 33 59 00,
5243,70E,86,FE 7A 7D BB 33 D9 25,
5244,70E,86,FE 7A 82 BB 33 59 00,
5245,70E,86,FE 7A 7D BB CC A6 00,
5246,70E,86,FE 85 82 44 33 A6 00,
5247,70E,86,FE 7B 7D BB 33 59 00,
5248,70E,86,FF 7A 7D BB 33 59 01,
5249,70E,86,FE 7B 7E BC 33 5A 00,
5250,70E,86,FE 7A 7D BB 33 58 00,
5251,70E,86,FE 7A 7D BA 32 59 00,
5252,70E,86,FD 79 7D BA 33 59 FF,
5253,70E,86,00 7A 7D BB 33 59 00,
5254,70E,86,FE 7A 7D BB FF 59 00,
5255,74B,35,4F F0 FB,
5256,74B,35,4F F0 FF,
5257,74B,35,4F 30 FB,
5258,74B,35,46 F0 9B,
5259,74B,35,4F F0 04,
5260,74B,35,4F 0F 04,
5261,74B,35,B0 0F FB,
5262,74B,35,50 F0 FB,
5263,74B,35,4F F1 FC,
5264,74B,35,52 F1 FB,
5265,74B,35,4F EF FB,
5266,74B,35,4F EF FA,
5267,74B,35,4C EF FB,
5268,74B,35,00 F0 FB,
5269,70E,85,7E 8A FF 7C 65 6D 40 53,
5270,70E,85,7E 8A FF 7C 6D 6D 40 53,
5271,70E,85,7E 89 FF 7C 65 6D 40 53,
5272,70E,85,7E 3A FB 7C 65 6D 40 53,
5273,70E,85,7E 8A FF 7C 65 6D BF 53,
5274,70E,85,7E 75 00 7C 65 6D 40 53,
5275,70E,85,81 8A FF 83 65 92 BF 53,
5276,70E,85,7F 8A FF 7C 65 6D 40 53,
5277,70E,85,7E 8A 00 7D 65 6D 40 53,
5278,70E,85,7F 8B FF 7D 65 6D 41 53,
5279,70E,85,7E 8A FF 7B 65 6D 40 53,
5280,70E,85,7E 8A FF 7C 64 6C 40 53,
5281,70E,85,7E 89 FE 7C 64 6D 40 52,
5282,70E,85,7E 8A FF 7C 65 6D 40 00,
5283,70E,85,7E FF FF 7C 65 6D 40 53,
5284,74B,35,26 01 00 D4 EF,
5285,74B,35,26 03 00 D4 EF,
5286,74B,35,26 01 00 D7 EF,
5287,74B,35,26 01 96 D4 EF,
5288,74B,35,26 01 00 2B EF,
5289,74B,35,26 FE FF D4 EF,
5290,74B,35,D9 01 FF D4 EF,
5291,74B,35,26 01 01 D4 EF,
5292,74B,35,26 01 00 D5 F0,
5293,74B,35,27 01 01 D6 EF,
5294,74B,35,26 00 00 D4 EF,
5295,74B,35,26 01 00 D3 EE,
5296,74B,35,26 00 FE D4 EE,
5297,74B,35,26 01 00 D4 00,
5298,74B,35,26 01 00 FF EF,
5299,70E,85,FF 82 00 C4 9E F4 23 74 50 66 93 29 80,
5300,70E,85,FF 82 00 C4 9E F4 23 74 50 66 93 69 80,
5301,70E,85,FF 82 00 C4 9E F2 23 74 50 66 93 29 80,
5302,70E,85,FF 82 00 C4 9E F4 23 74 50 66 93 99 84,
5303,70E,85,FF 82 00 3B 9E F4 23 74 50 66 93 29 80,
5304,70E,85,FF 82 00 C4 9E F4 23 74 50 66 6C D6 80,
5305,70E,85,FF 82 00 C4 61 0B 23 8B 50 66 6C 29 80,
5306,70E,85,FF 82 00 C4 9F F4 23 74 50 66 93 29 80,
5307,70E,85,FF 82 00 C4 9E F4 23 74 50 66 93 2A 81,
5308,70E,85,00 82 00 C4 9E F4 23 75 51 66 94 29 80,
5309,70E,85,FE 82 00 C4 9E F4 23 74 50 66 93 29 80,
5310,70E,85,FF 82 00 C3 9D F4 23 74 50 66 93 29 80,
5311,70E,85,FF 82 00 C3 9D F4 22 74 50 65 93 29 80,
5312,70E,85,FF 82 00 C4 9E F4 23 74 50 66 93 FF 80,
5313,74B,34,01 C0 FF D2 80 E6 72 FF,
5314,74B,34,01 C0 FF D2 80 E6 72 F7,
5315,74B,34,01 C0 FF D2 80 E6 72 9F,
5316,74B,34,01 C0 69 D2 80 E6 72 FF,
5317,74B,34,01 C0 FF 2D 80 E6 72 FF,
5318,74B,34,01 3F 00 D2 80 E6 72 FF,
5319,74B,34,01 3F FF D2 7F E6 8D 00,
5320,74B,34,01 C0 FF D2 80 E6 73 FF,
5321,74B,34,02 C1 FF D2 80 E6 72 FF,
5322,74B,34,01 C0 00 D2 81 E7 72 00,
5323,74B,34,01 C0 FF D2 7F E6 72 FF,
5324,74B,34,00 BF FF D2 80 E6 72 FF,
5325,74B,34,01 C0 FE D2 7F E5 72 FE,
5326,74B,34,01 C0 FF 00 80 E6 72 FF,
5327,74B,34,FF C0 FF D2 80 E6 72 FF,
5328,70E,85,23 64 44 91 B4,
5329,70E,85,23 E4 44 91 B4,
5330,70E,85,23 64 24 91 B4,
5331,70E,85,B5 64 44 91 B4,
5332,70E,85,23 9B 44 91 B4,
5333,70E,85,DC 9B 44 91 B4,
5334,70E,85,23 9B 44 91 4B,
5335,70E,85,23 64 44 92 B4,
5336,70E,85,23 64 45 92 B4,
5337,70E,85,23 65 44 92 B6,
5338,70E,85,23 64 44 91 B3,
5339,70E,85,23 64 43 90 B4,
5340,70E,85,22 62 44 90 B4,
5341,70E,85,23 00 44 91 B4,
5342,70E,85,23 64 44 91 FF,
5343,74B,34,FF F7 7B 39 43 00 46,
5344,74B,34,FF F5 7B 39 43 00 46,
5345,74B,34,FF F7 BB 39 43 00 46,
5346,74B,34,FF BC 7B 39 43 00 46,
5347,74B,34,FF F7 7B 39 43 00 B9,
5348,74B,34,FF 08 84 39 43 00 46,
5349,74B,34,FF 08 84 C6 43 FF 46,
5350,74B,34,FF F8 7B 39 43 00 46,
5351,74B,34,FF F7 7C 3A 43 00 46,
5352,74B,34,00 F7 7B 3A 44 01 46,
5353,74B,34,FF F7 7B 38 43 00 46,
5354,74B,34,FF F7 7A 38 43 00 46,
5355,74B,34,FE F7 7B 38 42 FF 46,
5356,74B,34,FF F7 7B 39 00 00 46,
5357,74B,34,FF F7 FF 39 43 00 46,
5358,70E,85,23 B9 A2 72 EA 6C 3E,
5359,70E,85,23 B9 A2 7A EA 6C 3E,
5360,70E,85,23 BA A2 72 EA 6C 3E,
5361,70E,85,23 B9 22 57 EA 6C 3E,
5362,70E,85,23 46 A2 72 EA 6C 3E,
5363,70E,85,DC 46 A2 72 EA 6C 3E,
5364,70E,85,DC B9 5D 72 EA 93 C1,
5365,70E,85,23 B9 A2 72 EA 6D 3E,
5366,70E,85,23 B9 A2 73 EB 6C 3E,
5367,70E,85,24 B9 A2 73 EB 6D 3E,
5368,70E,85,23 B8 A2 72 EA 6C 3E,
5369,70E,85,23 B9 A2 72 EA 6B 3D,
5370,70E,85,23 B8 A2 72 E9 6B 3D,
5371,70E,85,23 B9 00 72 EA 6C 3E,
5372,70E,85,FF B9 A2 72 EA 6C 3E,
5373,74B,34,FF 00 0D 78,
5374,74B,34,7F 00 0D 78,
5375,74B,34,FF 00 0D 7E,
5376,74B,34,FF 58 0F 78,
5377,74B,34,FF 00 0D 87,
5378,74B,34,00 FF 0D 78,
5379,74B,34,00 FF F2 87,
5380,74B,34,FF 01 0D 78,
5381,74B,34,00 01 0D 78,
5382,74B,34,00 01 0E 79,
5383,74B,34,FF 00 0C 78,
5384,74B,34,FF 00 0C 77,
5385,74B,34,FE FF 0C 77,
5386,74B,34,FF 00 0D 00,
5387,74B,34,FF 00 FF 78,
5388,70E,85,00 00 57 EB 02,
5389,70E,85,00 04 57 EB 02,
5390,70E,85,C0 00 57 EB 02,
5391,70E,85,2C 01 57 EB 02,
5392,70E,85,00 00 57 14 02,
5393,70E,85,00 00 57 14 FD,
5394,70E,85,FF 00 57 14 02,
5395,70E,85,00 00 58 EB 02,
5396,70E,85,00 01 58 EB 02,
5397,70E,85,00 01 57 EC 04,
5398,70E,85,00 00 57 EA 02,
5399,70E,85,00 FF 56 EB 02,
5400,70E,85,FF 00 56 E9 02,
5401,70E,85,00 00 00 EB 02,
5402,70E,85,00 00 FF EB 02,
5403,74B,34,2D 45 B8 FC B4 A5 83,
5404,74B,34,2C 45 B8 FC B4 A5 83,
5405,74B,34,2D 45 B8 CC B4 A5 83,
5406,74B,34,2D 45 B8 FC B4 25 A6,
5407,74B,34,2D 45 B8 FC B4 A5 7C,
5408,74B,34,2D 45 B8 03 4B A5 83,
5409,74B,34,D2 BA 47 FC 4B A5 83,
5410,74B,34,2D 45 B8 FC B4 A5 84,
5411,74B,34,2D 45 B9 FD B4 A5 83,
5412,74B,34,2D 46 B8 FC B5 A6 84,
5413,74B,34,2C 44 B8 FC B4 A5 83,
5414,74B,34,2D 44 B8 FC B3 A4 82,
5415,74B,34,2D 45 B8 00 B4 A5 83,
5416,74B,34,2D 45 B8 FC B4 A5 FF,
5417,70E,85,FF FF,
5418,70E,85,EF FF,
5419,70E,85,F3 FF,
5420,70E,85,7F DA,
5421,70E,85,FF 00,
5422,70E,85,00 00,
5423,70E,85,00 FF,
5424,70E,85,01 01,
5425,70E,85,FF FE,
5426,70E,85,FE FE,
5427,70E,85,FD FD,
5428,74B,31,29,
5429,74B,31,28,
5430,74B,31,25,
5431,74B,31,04,
5432,74B,31,D6,
5433,74B,31,2A,
5434,74B,31,2B,
5435,74B,31,2D,
5436,74B,31,27,
5437,70E,85,FF 00 78 62 27 BE 9A 12 44 FF,
5438,70E,85,FF 00 7A 62 27 BE 9A 12 44 FF,
5439,70E,85,9F 00 78 62 27 BE 9A 12 44 FF,
5440,70E,85,FF 00 B8 70 27 BE 9A 12 44 FF,
5441,70E,85,FF 00 78 62 27 BE 9A 12 BB FF,
5442,70E,85,FF 00 87 9D 27 BE 9A 12 44 FF,
5443,70E,85,00 00 87 62 27 41 9A 12 44 00,
5444,70E,85,FF 00 78 62 27 BE 9A 13 44 FF,
5445,70E,85,00 00 78 62 27 BE 9A 12 44 00,
5446,70E,85,00 00 79 62 27 BF 9A 12 44 00,
5447,70E,85,FF 00 78 61 27 BE 9A 12 44 FF,
5448,70E,85,FF 00 78 62 27 BE 9A 12 43 FE,
5449,70E,85,FF 00 77 62 27 BE 99 11 44 FE,
5450,70E,85,FF 00 78 00 27 BE 9A 12 44 FF,
5451,70E,85,FF 00 FF 62 27 BE 9A 12 44 FF,
5452,74B,31,20,
5453,74B,31,A0,
5454,74B,31,38,
5455,74B,31,94,
5456,74B,31,DF,
5457,74B,31,21,
5458,74B,31,22,
5459,74B,31,24,
5460,74B,31,1F,
5461,74B,31,1E,
5462,74B,31,1C,
5463,70E,85,00 00 22 8D 2F F9 E7 EC FF,
5464,70E,85,00 04 22 8D 2F F9 E7 EC FF,
5465,70E,85,00 80 23 8D 2F F9 E7 EC FF,
5466,70E,85,02 00 22 8D 2F F9 E7 EC A7,
5467,70E,85,00 00 22 8D 2F F9 E7 13 FF,
5468,70E,85,00 00 DD 72 2F F9 E7 EC FF,
5469,70E,85,FF 00 22 72 2F F9 18 13 FF,
5470,70E,85,00 00 22 8D 2F F9 E8 EC FF,
5471,70E,85,00 01 23 8D 2F F9 E7 EC FF,
5472,70E,85,01 00 23 8D 2F FA E7 EC 00,
5473,70E,85,00 00 22 8D 2F F9 E7 EB FF,
5474,70E,85,00 00 22 8D 2E F8 E7 EC FF,
5475,70E,85,00 FF 22 8D 2E F8 E7 EB FF,
5476,70E,85,00 00 22 8D 2F 00 E7 EC FF,
5477,70E,85,00 00 22 8D FF F9 E7 EC FF,
5478,70E,85,EE FF E7 17,
5479,70E,85,EE FF E7 16,
5480,70E,85,EE FF E7 14,
5481,70E,85,A5 FF E7 17,
5482,70E,85,EE FF E7 E8,
5483,70E,85,EE 00 18 17,
5484,70E,85,11 00 18 E8,
5485,70E,85,EE FF E8 17,
5486,70E,85,EE 00 E8 17,
5487,70E,85,EF 00 E8 18,
5488,70E,85,EE FF E6 17,
5489,70E,85,EE FF E6 16,
5490,70E,85,ED FE E6 16,
5491,70E,85,EE FF 00 17,
5492,70E,85,FF FF E7 17,
5493,74B,31,B4 4E AF,
5494,74B,31,B4 4F AF,
5495,74B,31,74 4E AF,
5496,74B,31,04 4A AF,
5497,74B,31,4B 4E AF,
5498,74B,31,B4 B1 50,
5499,74B,31,4B 4E 50,
5500,74B,31,B5 4E AF,
5501,74B,31,B5 4F AF,
5502,74B,31,B5 4E B2,
5503,74B,31,B4 4D AF,
5504,74B,31,B4 4D AE,
5505,74B,31,B3 4E AC,
5506,74B,31,00 4E AF,
5507,74B,31,B4 FF AF,
5508,70E,85,80 04 73 D8,
5509,70E,85,80 44 73 D8,
5510,70E,85,80 04 43 D8,
5511,70E,85,80 5C 71 D8,
5512,70E,85,7F 04 73 D8,
5513,70E,85,7F FB 73 D8,
5514,70E,85,7F FB 8C 27,
5515,70E,85,80 04 73 D9,
5516,70E,85,80 04 74 D9,
5517,70E,85,81 05 74 D9,
5518,70E,85,80 03 73 D8,
5519,70E,85,7F 03 73 D8,
5520,70E,85,7F 03 72 D7,
5521,70E,85,80 00 73 D8,
5522,70E,85,FF 04 73 D8,
5523,74B,2F,23,
5524,74B,2F,63,
5525,74B,2F,25,
5526,74B,2F,0E,
5527,74B,2F,DC,
5528,74B,2F,24,
5529,74B,2F,27,
5530,74B,2F,22,
5531,74B,2F,21,
5532,74B,2F,1F,
5533,74B,2F,00,
5534,74B,2F,FF,
5535,70E,85,2F 03 FC FF,
5536,70E,85,2F 03 FC FB,
5537,70E,85,2F 0F FC FF,
5538,70E,85,2F 63 F5 FF,
5539,70E,85,D0 03 FC FF,
5540,70E,85,D0 03 FC 00,
5541,70E,85,D0 FC 03 00,
5542,70E,85,2F 03 FC 00,
5543,70E,85,2F 04 FD FF,
5544,70E,85,30 04 FD 00,
5545,70E,85,2F 02 FC FF,
5546,70E,85,2F 02 FB FF,
5547,70E,85,2E 02 FB FE,
5548,70E,85,2F 00 FC FF,
5549,70E,85,FF 03 FC FF,
5550,74B,2F,EB 97,
5551,74B,2F,EB 87,
5552,74B,2F,ED 97,
5553,74B,2F,A0 97,
5554,74B,2F,14 97,
5555,74B,2F,14 68,
5556,74B,2F,EC 97,
5557,74B,2F,EC 98,
5558,74B,2F,ED 99,
5559,74B,2F,EB 96,
5560,74B,2F,EA 96,
5561,74B,2F,E9 95,
5562,74B,2F,00 97,
5563,74B,2F,EB FF,
5564,70E,85,41 DF FB 00,
5565,70E,85,41 DF FB 01,
5566,70E,85,41 DF 7B 01,
5567,70E,85,D7 DF FB 00,
5568,70E,85,41 DF FB FF,
5569,70E,85,41 20 04 00,
5570,70E,85,BE 20 04 FF,
5571,70E,85,41 DF FC 00,
5572,70E,85,41 E0 FC 00,
5573,70E,85,42 E0 FC 01,
5574,70E,85,40 DF FB 00,
5575,70E,85,40 DF FB FF,
5576,70E,85,40 DE FA FF,
5577,70E,85,41 DF 00 00,
5578,70E,85,41 FF FB 00,
5579,74B,2F,FF FE 6A 3A 4D E8 FF B3 F8,
5580,74B,2F,FF FE 6A 3A CD E8 FF B3 F8,
5581,74B,2F,FF FE 6A 3A 4D E8 FF B5 F8,
5582,74B,2F,D3 FF 6A 3A 4D E8 FF B3 F8,
5583,74B,2F,FF 01 6A 3A 4D E8 FF B3 F8,
5584,74B,2F,00 01 6A 3A 4D E8 FF B3 F8,
5585,74B,2F,FF 01 6A 3A B2 17 FF 4C F8,
5586,74B,2F,FF FF 6A 3A 4D E8 FF B3 F8,
5587,74B,2F,FF FE 6A 3A 4D E8 00 B4 F8,
5588,74B,2F,00 FF 6A 3B 4D E8 00 B3 F8,
5589,74B,2F,FF FE 6A 3A 4D E8 FF B2 F8,
5590,74B,2F,FF FE 6A 3A 4C E7 FF B3 F8,
5591,74B,2F,FE FE 69 3A 4D E7 FF B3 F7,
5592,74B,2F,FF FE 6A 3A 00 E8 FF B3 F8,
5593,74B,2F,FF FE 6A 3A FF E8 FF B3 F8,
5594,70E,85,8A FE 3B 10 01 FF 93 FE,
5595,70E,85,8A FE 3B 10 01 FF 93 BE,
5596,70E,85,8A FE 3B 10 01 FF A3 FE,
5597,70E,85,8A FE 3B 10 01 FF F3 F7,
5598,70E,85,8A FE 3B EF 01 FF 93 FE,
5599,70E,85,8A FE 3B 10 01 FF 6C 01,
5600,70E,85,75 FE C4 10 01 00 93 01,
5601,70E,85,8A FE 3B 10 01 FF 93 FF,
5602,70E,85,8A FE 3C 11 01 FF 93 FE,
5603,70E,85,8A FF 3B 10 02 FF 94 FF,
5604,70E,85,89 FE 3B 10 01 FF 93 FE,
5605,70E,85,8A FE 3B 10 00 FE 93 FE,
5606,70E,85,89 FE 3A 0F 01 FE 93 FE,
5607,70E,85,8A FE 3B 10 01 FF 00 FE,
5608,70E,85,8A FE 3B 10 01 FF FF FE,
5609,74B,2F,12 FF FF 4D FF,
5610,74B,2F,10 FF FF 4D FF,
5611,74B,2F,12 FF FF 4D F3,
5612,74B,2F,12 A7 FD 4D FF,
5613,74B,2F,12 FF FF B2 FF,
5614,74B,2F,12 FF FF B2 00,
5615,74B,2F,12 00 FF 4D 00,
5616,74B,2F,12 FF 00 4D FF,
5617,74B,2F,12 FF FF 4E 00,
5618,74B,2F,14 FF 00 4D 00,
5619,74B,2F,12 FE FF 4D FF,
5620,74B,2F,12 FF FE 4C FF,
5621,74B,2F,12 FE FD 4D FE,
5622,74B,2F,00 FF FF 4D FF,
5623,70E,85,42 00 FF F2 02,
5624,70E,85,42 00 7F F2 02,
5625,70E,85,42 80 FE F2 02,
5626,70E,85,42 00 FF F2 49,
5627,70E,85,42 FF FF F2 02,
5628,70E,85,42 FF 00 F2 02,
5629,70E,85,BD 00 00 F2 02,
5630,70E,85,42 00 FF F3 02,
5631,70E,85,42 01 00 F2 02,
5632,70E,85,42 01 01 F2 03,
5633,70E,85,42 00 FE F2 02,
5634,70E,85,41 FF FF F2 02,
5635,70E,85,42 FF FF F1 00,
5636,70E,85,42 00 FF F2 00,
5637,70E,85,FF 00 FF F2 02,
5638,74B,2E,FE 82 FF FE,
5639,74B,2E,EE 82 FF FE,
5640,74B,2E,FE 82 CF FE,
5641,74B,2E,F7 82 FF 9E,
5642,74B,2E,FE 82 00 FE,
5643,74B,2E,FE 82 00 01,
5644,74B,2E,01 7D 00 01,
5645,74B,2E,FF 82 FF FE,
5646,74B,2E,FE 83 00 FE,
5647,74B,2E,FF 83 00 FF,
5648,74B,2E,FD 82 FF FE,
5649,74B,2E,FE 82 FE FD,
5650,74B,2E,FD 81 FE FD,
5651,74B,2E,00 82 FF FE,
5652,70E,85,78 12 07 DB C3 73 E8 26 3B ED 6F FC 14,
5653,70E,85,78 12 07 DB C3 73 E8 26 3B ED 6F FC 16,
5654,70E,85,78 12 07 D7 C3 73 E8 26 3B ED 6F FC 14,
5655,70E,85,78 12 07 DB C3 73 E8 26 3B 5D 6B FC 14,
5656,70E,85,87 12 07 DB C3 73 E8 26 3B ED 6F FC 14,
5657,70E,85,78 12 07 DB C3 73 E8 26 3B ED 6F 03 EB,
5658,70E,85,87 12 F8 DB C3 8C E8 26 3B ED 6F FC EB,
5659,70E,85,78 12 07 DB C3 73 E8 26 3B ED 6F FC 15,
5660,70E,85,78 12 08 DC C3 73 E8 26 3B ED 6F FC 14,
5661,70E,85,78 12 07 DB C3 74 E9 26 3C ED 6F FD 14,
5662,70E,85,78 12 07 DA C3 73 E8 26 3B ED 6F FC 14,
5663,70E,85,78 12 07 DB C3 73 E8 25 3A ED 6F FC 14,
5664,70E,85,77 12 07 DA C3 73 E8 26 3B ED 6E FB 14,
5665,70E,85,78 12 07 DB 00 73 E8 26 3B ED 6F FC 14,
5666,70E,85,78 12 07 FF C3 73 E8 26 3B ED 6F FC 14,
5667,74B,2E,FF 83 70,
5668,74B,2E,FF 87 70,
5669,74B,2E,E7 83 70,
5670,74B,2E,69 83 70,
5671,74B,2E,00 83 70,
5672,74B,2E,00 7C 70,
5673,74B,2E,00 83 8F,
5674,74B,2E,FF 83 71,
5675,74B,2E,FF 84 71,
5676,74B,2E,00 83 73,
5677,74B,2E,FF 82 70,
5678,74B,2E,FE 83 6F,
5679,74B,2E,FF 80 6F,
5680,74B,2E,FF 00 70,
5681,70E,85,6F E3 FF F8 25 C6 00 95,
5682,70E,85,6F E3 FF F8 25 C4 00 95,
5683,70E,85,6F E3 FF 78 24 C6 00 95,
5684,70E,85,4A E3 FF F8 25 C6 00 15,
5685,70E,85,90 E3 FF F8 25 C6 00 95,
5686,70E,85,6F E3 FF 07 DA C6 00 95,
5687,70E,85,90 E3 00 07 25 39 00 95,
5688,70E,85,6F E3 FF F8 25 C7 00 95,
5689,70E,85,6F E4 00 F8 25 C6 00 95,
5690,70E,85,70 E3 FF F9 25 C7 01 95,
5691,70E,85,6E E3 FF F8 25 C6 00 95,
5692,70E,85,6F E3 FE F7 25 C6 00 95,
5693,70E,85,6E E2 FF F7 25 C6 FF 95,
5694,70E,85,6F E3 00 F8 25 C6 00 95,
5695,70E,85,6F FF FF F8 25 C6 00 95,
5696,74B,2E,9E,
5697,74B,2E,1E,
5698,74B,2E,5E,
5699,74B,2E,4C,
5700,74B,2E,61,
5701,74B,2E,9F,
5702,74B,2E,A0,
5703,74B,2E,A2,
5704,74B,2E,9D,
5705,74B,2E,9C,
5706,74B,2E,9A,
5707,70E,3E,00 12 E7 56 2A,
5708,70E,3E,00 12 E7 46 2A,
5709,70E,3E,00 12 E1 56 2A,
5710,70E,3E,00 A2 E3 56 2A,
5711,70E,3E,00 ED E7 56 2A,
5712,70E,3E,00 12 18 A9 2A,
5713,70E,3E,FF 12 18 56 2A,
5714,70E,3E,00 12 E7 56 2B,
5715,70E,3E,00 12 E8 57 2A,
5716,70E,3E,01 14 E7 57 2A,
5717,70E,3E,00 12 E7 56 29,
5718,70E,3E,00 12 E7 55 29,
5719,70E,3E,FF 12 E6 54 2A,
5720,70E,3E,00 00 E7 56 2A,
5721,70E,3E,00 12 FF 56 2A,
5722,70E,3E,00 84,
5723,70E,3E,80 84,
5724,70E,3E,01 04,
5725,70E,3E,B0 80,
5726,70E,3E,FF 84,
5727,70E,3E,FF 7B,
5728,70E,3E,00 85,
5729,70E,3E,01 85,
5730,70E,3E,02 86,
5731,70E,3E,00 83,
5732,70E,3E,FF 83,
5733,70E,3E,FE 82,
5734,74B,28,37 17 00,
5735,74B,28,37 57 00,
5736,74B,28,37 17 C0,
5737,74B,28,37 3B 01,
5738,74B,28,37 E8 00,
5739,74B,28,C8 17 FF,
5740,74B,28,C8 E8 00,
5741,74B,28,37 18 00,
5742,74B,28,38 17 01,
5743,74B,28,3A 18 00,
5744,74B,28,36 17 00,
5745,74B,28,37 16 FF,
5746,74B,28,37 14 FF,
5747,74B,28,37 00 00,
5748,74B,28,37 FF 00,
5749,70E,3E,31,
5750,70E,3E,71,
5751,70E,3E,CE,
5752,70E,3E,32,
5753,70E,3E,33,
5754,70E,3E,35,
5755,70E,3E,30,
5756,70E,3E,2F,
5757,70E,3E,2D,
5758,70E,3E,5A AE FF 00,
5759,70E,3E,5A AE FF 40,
5760,70E,3E,5A 6E FF 00,
5761,70E,3E,58 AE FF 58,
5762,70E,3E,5A 51 FF 00,
5763,70E,3E,A5 51 FF 00,
5764,70E,3E,A5 51 00 FF,
5765,70E,3E,5B AE FF 00,
5766,70E,3E,5B AE FF 01,
5767,70E,3E,5B AF 00 01,
5768,70E,3E,5A AD FF 00,
5769,70E,3E,59 AE FF FF,
5770,70E,3E,59 AD FE FF,
5771,70E,3E,FF AE FF 00,
5772,74B,28,F1 00 FF 5C C7 C5,
5773,74B,28,F5 00 FF 5C C7 C5,
5774,74B,28,F7 00 FF 5C C7 C5,
5775,74B,28,F1 00 FF 5C 47 E0,
5776,74B,28,0E 00 FF 5C C7 C5,
5777,74B,28,0E FF FF 5C C7 C5,
5778,74B,28,0E 00 00 5C C7 C5,
5779,74B,28,F1 00 FF 5C C8 C5,
5780,74B,28,F1 01 00 5C C7 C5,
5781,74B,28,F2 00 FF 5E C8 C5,
5782,74B,28,F1 00 FE 5C C7 C5,
5783,74B,28,F1 FF FE 5C C7 C5,
5784,74B,28,F1 00 FD 5B C7 C4,
5785,74B,28,F1 00 00 5C C7 C5,
5786,74B,28,FF 00 FF 5C C7 C5,
5787,70E,3E,3D 76 21 9D BD 96,
5788,70E,3E,3D 76 21 9D BD 86,
5789,70E,3E,3D 76 21 85 BD 96,
5790,70E,3E,3D 76 91 99 BD 96,
5791,70E,3E,3D 76 21 9D 42 96,
5792,70E,3E,3D 89 DE 9D BD 96,
5793,70E,3E,3D 89 21 62 BD 96,
5794,70E,3E,3D 77 21 9D BD 96,
5795,70E,3E,3D 76 21 9E BE 96,
5796,70E,3E,3D 78 22 9D BE 96,
5797,70E,3E,3D 76 21 9D BC 96,
5798,70E,3E,3D 76 21 9D BC 95,
5799,70E,3E,3B 75 21 9C BD 96,
5800,70E,3E,3D 00 21 9D BD 96,
5801,70E,3E,3D 76 FF 9D BD 96,
5802,74B,28,65 56 25 5F B0 00 58,
5803,74B,28,65 56 24 5F B0 00 58,
5804,74B,28,55 56 25 5F B0 00 58,
5805,74B,28,65 56 25 5F B0 2C 59,
5806,74B,28,9A 56 25 5F B0 00 58,
5807,74B,28,65 56 25 5F B0 FF A7,
5808,74B,28,65 56 DA A0 4F 00 A7,
5809,74B,28,65 56 26 5F B0 00 58,
5810,74B,28,66 56 25 5F B0 00 59,
5811,74B,28,65 57 25 5F B1 01 59,
5812,74B,28,65 56 25 5E B0 00 58,
5813,74B,28,65 56 24 5E B0 00 58,
5814,74B,28,65 55 25 5F AF FF 57,
5815,74B,28,00 56 25 5F B0 00 58,
5816,74B,28,FF 56 25 5F B0 00 58,
5817,74B,27,3F FF 67 FF,
5818,74B,27,3F F7 67 FF,
5819,74B,27,3F 7F 66 FF,
5820,74B,27,3F FF 2C FF,
5821,74B,27,C0 FF 67 FF,
5822,74B,27,3F 00 98 FF,
5823,74B,27,C0 00 98 00,
5824,74B,27,3F 00 67 FF,
5825,74B,27,40 00 67 FF,
5826,74B,27,40 00 68 00,
5827,74B,27,3F FE 67 FF,
5828,74B,27,3F FF 66 FE,
5829,74B,27,3E FE 66 FE,
5830,74B,27,00 FF 67 FF,
5831,70E,3E,44 4F F3,
5832,70E,3E,44 0F F3,
5833,70E,3E,44 49 F3,
5834,70E,3E,44 63 F2,
5835,70E,3E,44 B0 F3,
5836,70E,3E,44 B0 0C,
5837,70E,3E,BB 4F 0C,
5838,70E,3E,44 4F F4,
5839,70E,3E,45 4F F4,
5840,70E,3E,47 50 F3,
5841,70E,3E,44 4E F3,
5842,70E,3E,43 4F F2,
5843,70E,3E,44 4C F2,
5844,70E,3E,44 00 F3,
5845,70E,3E,44 4F FF,
5846,74B,27,00,
5847,74B,27,02,
5848,74B,27,18,
5849,74B,27,69,
5850,74B,27,FF,
5851,74B,27,01,
5852,74B,27,04,
5853,74B,27,FE,
5854,74B,27,FC,
5855,70E,3E,45 77,
5856,70E,3E,45 57,
5857,70E,3E,45 B7,
5858,70E,3E,47 2F,
5859,70E,3E,45 88,
5860,70E,3E,BA 88,
5861,70E,3E,45 78,
5862,70E,3E,46 78,
5863,70E,3E,47 79,
5864,70E,3E,45 76,
5865,70E,3E,44 76,
5866,70E,3E,43 75,
5867,70E,3E,00 77,
5868,70E,3E,FF 77,
5869,74B,27,A0 69 B3 A2 80 00 FF BE,
5870,74B,27,A0 69 B3 A2 80 40 FF BE,
5871,74B,27,A0 69 B3 AE 80 00 FF BE,
5872,74B,27,A0 69 F8 A2 80 00 FF BE,
5873,74B,27,A0 69 B3 A2 7F 00 FF BE,
5874,74B,27,A0 69 B3 A2 7F FF FF BE,
5875,74B,27,5F 69 4C 5D 80 FF FF BE,
5876,74B,27,A0 69 B3 A2 80 00 00 BE,
5877,74B,27,A1 6A B3 A2 80 00 FF BE,
5878,74B,27,A0 6A B4 A2 81 00 FF BF,
5879,74B,27,A0 68 B3 A2 80 00 FF BE,
5880,74B,27,9F 68 B3 A2 80 00 FF BE,
5881,74B,27,9F 69 B2 A2 80 FF FF BD,
5882,70E,3E,06 5B FF FF 01,
5883,70E,3E,06 5B FF DF 01,
5884,70E,3E,06 5B FF FF 31,
5885,70E,3E,06 5B 4F FB 01,
5886,70E,3E,06 5B 00 FF 01,
5887,70E,3E,06 5B FF 00 FE,
5888,70E,3E,06 5B 00 FF FE,
5889,70E,3E,07 5B FF FF 01,
5890,70E,3E,06 5B 00 00 01,
5891,70E,3E,06 5C FF 00 03,
5892,70E,3E,06 5B FE FF 01,
5893,70E,3E,05 5B FF FF 00,
5894,70E,3E,06 5A FF FE FF,
5895,70E,3E,06 00 FF FF 01,
5896,70E,3E,06 FF FF FF 01,
5897,74B,27,CB E3 00 1C 73,
5898,74B,27,CB E3 00 1C F3,
5899,74B,27,CB E3 18 1C 73,
5900,74B,27,CB E3 00 8A 73,
5901,74B,27,CB E3 00 E3 73,
5902,74B,27,CB E3 00 E3 8C,
5903,74B,27,34 E3 00 E3 73,
5904,74B,27,CB E3 01 1C 73,
5905,74B,27,CC E3 00 1C 74,
5906,74B,27,CB E4 02 1C 74,
5907,74B,27,CB E2 00 1C 73,
5908,74B,27,CB E3 00 1B 72,
5909,74B,27,C9 E3 FF 1C 72,
5910,74B,27,CB E3 00 1C 00,
5911,74B,27,CB E3 00 1C FF,
5912,70E,3E,CB FF,
5913,70E,3E,4B FF,
5914,70E,3E,4B FE,
5915,70E,3E,5D FF,
5916,70E,3E,CB 00,
5917,70E,3E,34 00,
5918,70E,3E,CC FF,
5919,70E,3E,CC 00,
5920,70E,3E,CD 01,
5921,70E,3E,CB FE,
5922,70E,3E,CA FE,
5923,70E,3E,C9 FD,
5924,74B,23,A4 FF 81 A8 FB B7,
5925,74B,23,84 FF 81 A8 FB B7,
5926,74B,23,A4 FF 81 68 FB B7,
5927,74B,23,A4 FF CA A8 FB B7,
5928,74B,23,5B FF 81 A8 FB B7,
5929,74B,23,5B FF 81 A8 FB 48,
5930,74B,23,5B FF 7E A8 FB B7,
5931,74B,23,A4 FF 82 A8 FB B7,
5932,74B,23,A5 00 81 A8 FB B7,
5933,74B,23,A4 FF 83 A9 FB B8,
5934,74B,23,A4 FF 81 A8 FB B6,
5935,74B,23,A4 FF 81 A7 FA B7,
5936,74B,23,A4 FF 7F A7 FB B6,
5937,74B,23,A4 FF 81 A8 FB 00,
5938,74B,23,A4 FF 81 A8 FF B7,
5939,70E,3E,47 56 FF A8 00 FF,
5940,70E,3E,C7 56 FF A8 00 FF,
5941,70E,3E,47 56 FF A8 00 FC,
5942,70E,3E,47 56 FF A8 96 FF,
5943,70E,3E,47 56 FF A8 00 00,
5944,70E,3E,47 56 FF 57 FF FF,
5945,70E,3E,B8 56 FF A8 FF FF,
5946,70E,3E,47 56 00 A8 00 FF,
5947,70E,3E,47 56 00 A9 00 FF,
5948,70E,3E,48 56 FF AA 01 FF,
5949,70E,3E,47 56 FF A8 00 FE,
5950,70E,3E,47 55 FE A8 00 FF,
5951,70E,3E,47 56 FD A7 00 FE,
5952,70E,3E,47 56 FF FF 00 FF,
5953,74B,23,01 FF B6,
5954,74B,23,21 FF B6,
5955,74B,23,01 FF BA,
5956,74B,23,97 FF B6,
5957,74B,23,01 FF 49,
5958,74B,23,FE 00 B6,
5959,74B,23,FE FF 49,
5960,74B,23,01 00 B6,
5961,74B,23,02 FF B7,
5962,74B,23,04 00 B6,
5963,74B,23,00 FF B6,
5964,74B,23,00 FE B6,
5965,74B,23,00 FF B3,
5966,74B,23,01 FF FF,
5967,70E,3E,47 A8 00,
5968,70E,3E,47 88 00,
5969,70E,3E,47 A8 06,
5970,70E,3E,47 F0 02,
5971,70E,3E,47 A8 FF,
5972,70E,3E,B8 A8 FF,
5973,70E,3E,B8 57 00,
5974,70E,3E,47 A9 00,
5975,70E,3E,48 A9 00,
5976,70E,3E,4A A9 00,
5977,70E,3E,47 A7 00,
5978,70E,3E,47 A7 FF,
5979,70E,3E,44 A7 00,
5980,70E,3E,00 A8 00,
5981,74B,23,DD 68 63 00,
5982,74B,23,DD 68 63 10,
5983,74B,23,DD 68 7B 00,
5984,74B,23,DD 68 63 4B,
5985,74B,23,DD 97 63 00,
5986,74B,23,DD 97 9C 00,
5987,74B,23,22 97 9C FF,
5988,74B,23,DD 69 63 00,
5989,74B,23,DE 68 63 01,
5990,74B,23,DE 69 64 01,
5991,74B,23,DD 68 62 00,
5992,74B,23,DC 68 63 FF,
5993,74B,23,DC 67 62 FF,
5994,74B,23,DD 68 63 FF,
5995,70E,3E,9B 44 D4 D4 13 FF,
5996,70E,3E,9B 44 D4 D4 13 FD,
5997,70E,3E,9B 44 CC D4 13 FF,
5998,70E,3E,9B 44 D4 64 17 FF,
5999,70E,3E,9B 44 2B D4 13 FF,
6000,70E,3E,64 44 D4 D4 13 00,
6001,70E,3E,64 44 D4 D4 EC FF,
6002,70E,3E,9B 44 D4 D5 13 FF,
6003,70E,3E,9B 44 D4 D5 14 FF,
6004,70E,3E,9B 46 D5 D4 14 FF,
6005,70E,3E,9A 44 D4 D4 13 FF,
6006,70E,3E,9A 43 D4 D4 13 FF,
6007,70E,3E,99 43 D4 D3 13 FF,
6008,70E,3E,00 44 D4 D4 13 FF,
6009,70E,3E,9B 44 D4 D4 FF FF,
6010,74B,23,CA 85 92 DD E3 2E,
6011,74B,23,CA 85 92 DD E3 6E,
6012,74B,23,CA 85 8A DD E3 2E,
6013,74B,23,CA 85 92 6D E7 2E,
6014,74B,23,CA 85 92 DD E3 D1,
6015,74B,23,CA 85 6D 22 E3 2E,
6016,74B,23,CA 7A 92 22 E3 2E,
6017,74B,23,CA 85 92 DD E3 2F,
6018,74B,23,CA 85 92 DD E4 2F,
6019,74B,23,CA 87 93 DD E4 2E,
6020,74B,23,CA 85 92 DD E2 2E,
6021,74B,23,C9 85 92 DD E3 2D,
6022,74B,23,CA 84 92 DD E1 2D,
6023,74B,23,CA 85 92 DD E3 00,
6024,74B,23,CA 85 92 DD E3 FF,
6025,70E,3E,64 42 84 7C FE 57 43 1C D3 D3 F4 00,
6026,70E,3E,64 42 84 7C FE 57 43 1C D3 93 F4 00,
6027,70E,3E,64 42 84 7C FE 57 43 10 D3 D3 F4 00,
6028,70E,3E,64 42 84 7C FE 57 23 15 D3 D3 F4 00,
6029,70E,3E,64 42 84 7C FE A8 43 1C D3 D3 F4 00,
6030,70E,3E,64 42 84 7C FE 57 BC E3 D3 D3 F4 00,
6031,70E,3E,64 42 84 7C 01 A8 43 E3 D3 D3 0B 00,
6032,70E,3E,65 42 84 7C FE 57 43 1C D3 D3 F4 00,
6033,70E,3E,64 42 84 7C FE 57 43 1C D4 D4 F4 00,
6034,70E,3E,64 42 84 7C FE 58 44 1C D4 D3 F4 01,
6035,70E,3E,64 42 84 7C FD 57 43 1C D3 D3 F4 00,
6036,70E,3E,64 42 84 7C FD 56 43 1C D3 D3 F4 00,
6037,70E,3E,64 42 83 7B FE 56 43 1C D2 D3 F4 00,
6038,70E,3E,64 42 84 7C FE 57 00 1C D3 D3 F4 00,
6039,70E,3E,64 42 84 7C FE 57 43 1C D3 D3 F4 FF,
6040,74B,22,7B 76 A2 F6 1D,
6041,74B,22,FB 76 A2 F6 1D,
6042,74B,22,7B 76 A4 F6 1D,
6043,74B,22,7B 76 FA F4 1D,
6044,74B,22,7B 89 A2 F6 1D,
6045,74B,22,7B 89 5D F6 1D,
6046,74B,22,84 76 A2 09 1D,
6047,74B,22,7C 76 A2 F6 1D,
6048,74B,22,7B 76 A3 F7 1D,
6049,74B,22,7B 77 A2 F7 1F,
6050,74B,22,7A 76 A2 F6 1D,
6051,74B,22,7B 75 A1 F6 1D,
6052,74B,22,7A 74 A2 F5 1D,
6053,74B,22,7B 00 A2 F6 1D,
6054,74B,22,7B 76 A2 FF 1D,
6055,70E,31,B1 08 4B 08 2A,
6056,70E,31,B1 08 4F 08 2A,
6057,70E,31,B1 08 4B 68 2A,
6058,70E,31,B1 08 4B C8 38,
6059,70E,31,B1 08 4B 08 D5,
6060,70E,31,B1 08 B4 F7 2A,
6061,70E,31,B1 F7 4B 08 D5,
6062,70E,31,B1 08 4C 08 2A,
6063,70E,31,B1 09 4C 08 2A,
6064,70E,31,B2 0A 4B 09 2A,
6065,70E,31,B1 07 4B 08 2A,
6066,70E,31,B1 08 4A 07 2A,
6067,70E,31,B1 07 49 08 29,
6068,70E,31,B1 00 4B 08 2A,
6069,70E,31,B1 08 4B FF 2A,
6070,74B,22,39 59 E7 F2 E0 35,
6071,74B,22,39 59 E7 F3 E0 35,
6072,74B,22,39 59 E7 F2 80 35,
6073,74B,22,39 39 EE F2 E0 35,
6074,74B,22,39 59 E7 F2 1F 35,
6075,74B,22,39 59 E7 F2 1F CA,
6076,74B,22,C6 59 18 F2 E0 35,
6077,74B,22,39 59 E7 F2 E1 35,
6078,74B,22,3A 59 E7 F2 E0 36,
6079,74B,22,3B 5A E7 F3 E0 35,
6080,74B,22,39 59 E7 F1 E0 35,
6081,74B,22,39 59 E7 F1 DF 35,
6082,74B,22,38 59 E7 F0 DF 35,
6083,74B,22,39 00 E7 F2 E0 35,
6084,74B,22,39 FF E7 F2 E0 35,
6085,74B,22,B2 FF,
6086,74B,22,B2 DF,
6087,74B,22,B2 F9,
6088,74B,22,F9 FF,
6089,74B,22,B2 00,
6090,74B,22,4D 00,
6091,74B,22,B3 00,
6092,74B,22,B4 01,
6093,74B,22,B2 FE,
6094,74B,22,B1 FE,
6095,74B,22,B0 FD,
6096,74B,22,00 FF,
6097,74B,22,FF FF,
6098,70E,31,88 63 72,
6099,70E,31,A8 63 72,
6100,70E,31,E8 63 72,
6101,70E,31,1E 63 72,
6102,70E,31,77 63 72,
6103,70E,31,88 9C 8D,
6104,70E,31,88 64 72,
6105,70E,31,89 63 73,
6106,70E,31,89 63 75,
6107,70E,31,87 63 72,
6108,70E,31,87 62 72,
6109,70E,31,85 62 72,
6110,70E,31,88 00 72,
6111,70E,31,88 63 FF,
6112,70E,31,54 00 73,
6113,70E,31,54 02 73,
6114,70E,31,54 00 70,
6115,70E,31,C2 00 73,
6116,70E,31,54 00 8C,
6117,70E,31,AB FF 73,
6118,70E,31,54 FF 8C,
6119,70E,31,54 01 73,
6120,70E,31,55 01 73,
6121,70E,31,57 01 73,
6122,70E,31,54 FF 73,
6123,70E,31,53 00 72,
6124,70E,31,51 FF 73,
6125,70E,31,54 00 00,
6126,70E,31,FF 00 73,
6127,70E,31,5C A7 FF,
6128,70E,31,5C E7 FF,
6129,70E,31,5C A7 9F,
6130,70E,31,5C 27 DA,
6131,70E,31,5C A7 00,
6132,70E,31,5C 58 00,
6133,70E,31,5D A8 FF,
6134,70E,31,5C AA 00,
6135,70E,31,5C A7 FE,
6136,70E,31,5B A6 FF,
6137,70E,31,59 A6 FF,
6138,70E,31,00 A7 FF,
6139,70E,31,FF A7 FF,
6140,74B,19,BD,
6141,74B,19,A5,
6142,74B,19,6F,
6143,74B,19,42,
6144,74B,19,BE,
6145,74B,19,BF,
6146,74B,19,C1,
6147,74B,19,BC,
6148,74B,19,BB,
6149,74B,19,B9,
6150,70E,31,FD 1C 22 18 A1,
6151,70E,31,FD 1C 22 18 E1,
6152,70E,31,FD 1C E2 18 A1,
6153,70E,31,D1 1D 22 18 A1,
6154,70E,31,FD 1C 22 E7 A1,
6155,70E,31,FD 1C 22 E7 5E,
6156,70E,31,02 1C 22 E7 A1,
6157,70E,31,FD 1C 22 19 A1,
6158,70E,31,FE 1D 22 18 A1,
6159,70E,31,FD 1D 22 19 A3,
6160,70E,31,FD 1C 22 18 A0,
6161,70E,31,FD 1B 21 18 A1,
6162,70E,31,FC 1A 22 17 A1,
6163,70E,31,FD 1C 22 18 00,
6164,70E,31,FD FF 22 18 A1,
6165,74B,19,D3 98 CC F0 A1 5F 67,
6166,74B,19,D7 98 CC F0 A1 5F 67,
6167,74B,19,D3 98 CC 90 A1 5F 67,
6168,74B,19,FF 99 CC F0 A1 5F 67,
6169,74B,19,D3 98 CC 0F A1 5F 67,
6170,74B,19,2C 67 CC F0 A1 5F 67,
6171,74B,19,D3 67 33 0F A1 A0 67,
6172,74B,19,D3 98 CC F1 A1 5F 67,
6173,74B,19,D3 98 CC F1 A2 5F 67,
6174,74B,19,D4 98 CC F1 A2 60 67,
6175,74B,19,D3 98 CC EF A1 5F 67,
6176,74B,19,D2 97 CC F0 A1 5F 67,
6177,74B,19,D2 98 CC EF A0 5E 67,
6178,74B,19,D3 98 CC F0 A1 5F 00,
6179,74B,19,D3 98 CC F0 A1 FF 67,
6180,70E,31,F2 BA 78 2F,
6181,70E,31,F2 BA 79 2F,
6182,70E,31,F2 BA 78 37,
6183,70E,31,72 9F 78 2F,
6184,70E,31,0D BA 78 2F,
6185,70E,31,F2 45 87 2F,
6186,70E,31,0D 45 87 D0,
6187,70E,31,F2 BA 78 30,
6188,70E,31,F3 BB 78 2F,
6189,70E,31,F3 BB 79 30,
6190,70E,31,F1 BA 78 2F,
6191,70E,31,F2 BA 77 2E,
6192,70E,31,F1 B9 77 2E,
6193,70E,31,F2 BA 00 2F,
6194,70E,31,F2 BA FF 2F,
6195,74B,19,54 4B E2,
6196,74B,19,54 4B E0,
6197,74B,19,54 CB E3,
6198,74B,19,0C 49 E2,
6199,74B,19,54 4B 1D,
6200,74B,19,54 B4 1D,
6201,74B,19,AB B4 E2,
6202,74B,19,54 4C E2,
6203,74B,19,54 4C E3,
6204,74B,19,54 4E E3,
6205,74B,19,54 4B E1,
6206,74B,19,53 4A E2,
6207,74B,19,51 4A E2,
6208,74B,19,54 00 E2,
6209,74B,19,54 FF E2,
6210,70E,31,C5 87 72 34 FF 22 4B 37,
6211,70E,31,C5 87 72 34 FF 22 4B 17,
6212,70E,31,C5 87 71 34 FF 22 4B 37,
6213,70E,31,53 87 72 34 FF 22 4B 37,
6214,70E,31,C5 87 8D 34 FF 22 4B 37,
6215,70E,31,C5 87 72 34 00 DD 4B 37,
6216,70E,31,3A 87 72 CB FF DD B4 37,
6217,70E,31,C5 87 72 34 00 22 4B 37,
6218,70E,31,C5 87 72 35 00 22 4B 37,
6219,70E,31,C5 88 72 34 00 22 4C 38,
6220,70E,31,C4 87 72 34 FF 22 4B 37,
6221,70E,31,C4 87 72 34 FF 22 4B 36,
6222,70E,31,C4 87 72 33 FF 21 4A 37,
6223,70E,31,C5 87 72 34 FF 22 00 37,
6224,70E,31,C5 87 FF 34 FF 22 4B 37,
6225,74B,14,FF EA AE 08,
6226,74B,14,FF EA AE 28,
6227,74B,14,FF EA 2E 09,
6228,74B,14,A7 E8 AE 08,
6229,74B,14,FF 15 AE 08,
6230,74B,14,00 EA AE F7,
6231,74B,14,00 15 51 F7,
6232,74B,14,FF EA AE 09,
6233,74B,14,FF EA AF 09,
6234,74B,14,00 EB AF 09,
6235,74B,14,FF E9 AE 08,
6236,74B,14,FE E9 AE 08,
6237,74B,14,FE E9 AD 07,
6238,74B,14,FF EA AE 00,
6239,70E,31,01 21 53 BC B8 77 AF 5E,
6240,70E,31,01 21 53 BC B8 77 AF 5F,
6241,70E,31,01 21 53 BC B4 77 AF 5E,
6242,70E,31,01 6A 53 BC B8 77 AF 5E,
6243,70E,31,01 21 53 BC B8 77 AF A1,
6244,70E,31,01 21 AC 43 B8 77 AF 5E,
6245,70E,31,FE 21 AC 43 B8 88 AF 5E,
6246,70E,31,01 21 53 BD B8 77 AF 5E,
6247,70E,31,01 22 54 BC B8 77 AF 5E,
6248,70E,31,01 22 53 BC B9 77 B0 5F,
6249,70E,31,01 21 52 BC B8 77 AF 5E,
6250,70E,31,01 21 53 BC B7 76 AF 5E,
6251,70E,31,01 20 53 BB B7 77 AE 5E,
6252,70E,31,01 00 53 BC B8 77 AF 5E,
6253,70E,31,FF 21 53 BC B8 77 AF 5E,
6254,74B,14,BF,
6255,74B,14,BE,
6256,74B,14,B9,
6257,74B,14,D6,
6258,74B,14,40,
6259,74B,14,C0,
6260,74B,14,C1,
6261,74B,14,C3,
6262,74B,14,BD,
6263,74B,14,BB,
6264,74B,14,00,
6265,74B,14,FF,
6266,70E,31,00 30 AF FF,
6267,70E,31,10 30 AF FF,
6268,70E,31,00 30 AF 9F,
6269,70E,31,00 A6 AF FF,
6270,70E,31,00 CF AF FF,
6271,70E,31,00 30 50 00,
6272,70E,31,FF CF 50 00,
6273,70E,31,00 31 AF FF,
6274,70E,31,01 30 AF 00,
6275,70E,31,01 31 B0 00,
6276,70E,31,FF 30 AF FF,
6277,70E,31,FF 30 AF FE,
6278,70E,31,FF 2F AE FE,
6279,70E,31,00 30 00 FF,
6280,74B,14,B1 83 D2 12,
6281,74B,14,B1 83 92 12,
6282,74B,14,31 82 D2 12,
6283,74B,14,B1 83 D2 59,
6284,74B,14,B1 83 2D 12,
6285,74B,14,4E 83 D2 ED,
6286,74B,14,4E 7C 2D ED,
6287,74B,14,B1 83 D3 12,
6288,74B,14,B1 83 D3 13,
6289,74B,14,B2 84 D3 13,
6290,74B,14,B1 83 D1 12,
6291,74B,14,B1 82 D1 12,
6292,74B,14,B0 82 D1 11,
6293,74B,14,00 83 D2 12,
6294,74B,14,B1 83 FF 12,
6295,70E,2F,48 CD,
6296,70E,2F,C8 CD,
6297,70E,2F,44 CD,
6298,70E,2F,03 CD,
6299,70E,2F,48 32,
6300,70E,2F,B7 32,
6301,70E,2F,48 CE,
6302,70E,2F,49 CE,
6303,70E,2F,4A CF,
6304,70E,2F,47 CD,
6305,70E,2F,47 CC,
6306,70E,2F,46 CB,
6307,70E,2F,00 CD,
6308,70E,2F,FF CD,
6309,74B,14,FE 00 6A,
6310,74B,14,FE 00 6E,
6311,74B,14,CE 00 6A,
6312,74B,14,FE 00 FC,
6313,74B,14,FE 00 95,
6314,74B,14,FE FF 95,
6315,74B,14,FE 01 6A,
6316,74B,14,FF 01 6A,
6317,74B,14,FE 03 6B,
6318,74B,14,FD 00 6A,
6319,74B,14,FD FF 6A,
6320,74B,14,FD 00 67,
6321,74B,14,00 00 6A,
6322,74B,14,FF 00 6A,
6323,70E,2F,D8 A2,
6324,70E,2F,D8 B2,
6325,70E,2F,DE A2,
6326,70E,2F,4E A2,
6327,70E,2F,27 A2,
6328,70E,2F,27 5D,
6329,70E,2F,D8 A3,
6330,70E,2F,D9 A3,
6331,70E,2F,DA A4,
6332,70E,2F,D8 A1,
6333,70E,2F,D7 A1,
6334,70E,2F,D6 A0,
6335,70E,2F,00 A2,
6336,70E,2F,FF A2,
6337,74B,11,FF FD,
6338,74B,11,FF F9,
6339,74B,11,FF E5,
6340,74B,11,FD A5,
6341,74B,11,00 FD,
6342,74B,11,00 02,
6343,74B,11,FF FE,
6344,74B,11,00 FE,
6345,74B,11,01 FF,
6346,74B,11,FE FD,
6347,74B,11,FE FC,
6348,74B,11,FD FB,
6349,74B,11,FF 00,
6350,74B,11,FF FF,
6351,70E,2F,92 5C BF 65,
6352,70E,2F,90 5C BF 65,
6353,70E,2F,F2 5C BF 65,
6354,70E,2F,92 5C 93 64,
6355,70E,2F,92 5C BF 9A,
6356,70E,2F,6D 5C BF 9A,
6357,70E,2F,6D A3 40 9A,
6358,70E,2F,93 5C BF 65,
6359,70E,2F,93 5C BF 66,
6360,70E,2F,93 5D C0 66,
6361,70E,2F,92 5C BE 65,
6362,70E,2F,91 5C BF 64,
6363,70E,2F,91 5B BE 64,
6364,70E,2F,92 00 BF 65,
6365,70E,2F,FF 5C BF 65,
6366,74B,11,FF 96 FD 95,
6367,74B,11,FF 96 FD D5,
6368,74B,11,FF 96 FD 93,
6369,74B,11,FF 96 6B 95,
6370,74B,11,00 96 FD 95,
6371,74B,11,00 96 FD 6A,
6372,74B,11,00 69 02 6A,
6373,74B,11,00 96 FD 96,
6374,74B,11,00 97 FE 96,
6375,74B,11,FF 96 FD 94,
6376,74B,11,FF 96 FC 94,
6377,74B,11,FE 95 FC 94,
6378,74B,11,FF 96 FD 00,
6379,74B,11,FF FF FD 95,
6380,70E,2F,7C,
6381,70E,2F,74,
6382,70E,2F,70,
6383,70E,2F,15,
6384,70E,2F,83,
6385,70E,2F,7D,
6386,70E,2F,80,
6387,70E,2F,7B,
6388,70E,2F,7A,
6389,70E,2F,78,
6390,74B,11,1E E1 5B 44 C9 AA BE 9D 6F,
6391,74B,11,1E 61 5B 44 C9 AA BE 9D 6F,
6392,74B,11,1E E2 5B 44 C9 AA BE 9D 6F,
6393,74B,11,3B E1 5B 44 C9 AA BE 9D EF,
6394,74B,11,1E E1 5B 44 C9 AA 41 9D 6F,
6395,74B,11,1E 1E A4 44 C9 AA BE 9D 6F,
6396,74B,11,1E 1E A4 44 36 AA BE 62 6F,
6397,74B,11,1E E1 5B 44 C9 AA BE 9D 70,
6398,74B,11,1E E1 5B 44 C9 AA BE 9E 70,
6399,74B,11,1E E2 5B 44 CA AB BE 9E 6F,
6400,74B,11,1E E1 5B 44 C9 AA BE 9D 6E,
6401,74B,11,1E E1 5B 44 C9 A9 BD 9D 6F,
6402,74B,11,1D E1 5A 44 C9 A9 BE 9D 6E,
6403,74B,11,1E E1 5B 44 C9 AA BE 9D 00,
6404,74B,11,1E E1 5B 44 C9 FF BE 9D 6F,
6405,70E,2F,61 41 CE 2D A2 34 00 00 40,
6406,70E,2F,61 41 CE 2D A2 36 00 00 40,
6407,70E,2F,61 41 CE 2D A4 34 00 00 40,
6408,70E,2F,61 41 CE 2D 22 11 00 00 40,
6409,70E,2F,61 41 31 2D A2 34 00 00 40,
6410,70E,2F,61 41 CE 2D A2 CB FF 00 40,
6411,70E,2F,9E 41 CE D2 A2 34 FF FF 40,
6412,70E,2F,61 41 CE 2D A2 35 00 00 40,
6413,70E,2F,61 41 CE 2D A3 35 00 00 40,
6414,70E,2F,61 42 CE 2D A3 34 00 01 41,
6415,70E,2F,61 41 CE 2C A2 34 00 00 40,
6416,70E,2F,61 41 CE 2D A2 33 FF 00 40,
6417,70E,2F,61 41 CD 2D A2 33 FF 00 3F,
6418,70E,2F,61 41 CE 2D A2 00 00 00 40,
6419,70E,2F,61 41 CE 2D A2 34 00 FF 40,
6420,74B,11,00 03 3A 6D 6F,
6421,74B,11,01 03 3A 6D 6F,
6422,74B,11,00 03 3A 6D 6C,
6423,74B,11,80 26 3A 6D 6F,
6424,74B,11,00 03 3A 6D 90,
6425,74B,11,00 03 3A 92 90,
6426,74B,11,FF 03 3A 92 6F,
6427,74B,11,00 04 3B 6D 6F,
6428,74B,11,01 03 3B 6F 6F,
6429,74B,11,00 03 3A 6D 6E,
6430,74B,11,00 03 39 6C 6F,
6431,74B,11,00 02 38 6D 6E,
6432,74B,11,00 00 3A 6D 6F,
6433,74B,11,00 FF 3A 6D 6F,
6434,70E,2F,5F 00 FC 02 BF,
6435,70E,2F,5D 00 FC 02 BF,
6436,70E,2F,6F 00 FC 02 BF,
6437,70E,2F,5F 58 FE 02 BF,
6438,70E,2F,5F 00 03 02 BF,
6439,70E,2F,A0 FF FC 02 BF,
6440,70E,2F,5F FF FC FD BF,
6441,70E,2F,5F 00 FD 02 BF,
6442,70E,2F,60 01 FC 02 BF,
6443,70E,2F,60 00 FD 04 BF,
6444,70E,2F,5F FF FC 02 BF,
6445,70E,2F,5F 00 FB 01 BF,
6446,70E,2F,5F FF FA 02 BE,
6447,70E,2F,5F 00 FC 02 00,
6448,70E,2F,5F 00 FC FF BF,
6449,74B,10,71,
6450,74B,10,70,
6451,74B,10,77,
6452,74B,10,2B,
6453,74B,10,8E,
6454,74B,10,72,
6455,74B,10,73,
6456,74B,10,75,
6457,74B,10,6F,
6458,74B,10,6D,
6459,70E,2F,4B FF,
6460,70E,2F,4A FF,
6461,70E,2F,4B 3F,
6462,70E,2F,00 FF,
6463,70E,2F,4B 00,
6464,70E,2F,B4 00,
6465,70E,2F,4C FF,
6466,70E,2F,4C 00,
6467,70E,2F,4D 01,
6468,70E,2F,4A FE,
6469,70E,2F,49 FD,
6470,70E,2F,FF FF,
6471,74B,10,20,
6472,74B,10,60,
6473,74B,10,26,
6474,74B,10,0D,
6475,74B,10,DF,
6476,74B,10,21,
6477,74B,10,22,
6478,74B,10,24,
6479,74B,10,1E,
6480,74B,10,1C,
6481,70E,2F,8F 58 58 1A EE CF C1,
6482,70E,2F,8F 58 58 1A EE 4F C1,
6483,70E,2F,8F 58 58 1A DE CF C1,
6484,70E,2F,0F 7D 58 1A EE CF C1,
6485,70E,2F,8F 58 58 E5 EE CF C1,
6486,70E,2F,8F 58 58 E5 11 CF C1,
6487,70E,2F,70 58 A7 1A EE 30 3E,
6488,70E,2F,8F 58 58 1A EE CF C2,
6489,70E,2F,8F 58 58 1A EF D0 C1,
6490,70E,2F,8F 59 59 1B EE D0 C1,
6491,70E,2F,8F 58 58 19 EE CF C1,
6492,70E,2F,8E 57 58 1A EE CF C1,
6493,70E,2F,8E 57 57 1A ED CF C1,
6494,70E,2F,00 58 58 1A EE CF C1,
6495,70E,2F,8F 58 FF 1A EE CF C1,
6496,74B,10,D6 36 53 68,
6497,74B,10,D6 26 53 68,
6498,74B,10,D0 36 53 68,
6499,74B,10,66 32 53 68,
6500,74B,10,29 36 53 68,
6501,74B,10,D6 36 AC 97,
6502,74B,10,29 C9 AC 97,
6503,74B,10,D7 36 53 68,
6504,74B,10,D6 37 54 68,
6505,74B,10,D7 37 54 69,
6506,74B,10,D5 36 53 68,
6507,74B,10,D5 36 53 67,
6508,74B,10,D5 35 52 67,
6509,74B,10,D6 36 00 68,
6510,74B,10,D6 FF 53 68,
6511,70E,2F,F3 0C 96 91 BD 00 FF D1,
6512,70E,2F,F3 0C 96 91 BD 00 FF 91,
6513,70E,2F,F3 0C 96 91 BD 0C FF D1,
6514,70E,2F,F7 0C 96 91 BD 00 FF 61,
6515,70E,2F,F3 F3 96 91 BD 00 FF D1,
6516,70E,2F,F3 0C 69 6E BD 00 FF D1,
6517,70E,2F,F3 F3 96 91 42 00 00 2E,
6518,70E,2F,F3 0D 96 91 BD 00 FF D1,
6519,70E,2F,F4 0C 96 91 BD 00 FF D2,
6520,70E,2F,F4 0C 97 92 BD 01 FF D1,
6521,70E,2F,F3 0C 96 91 BC 00 FF D1,
6522,70E,2F,F3 0C 96 91 BD FF FE D1,
6523,70E,2F,F2 0C 95 90 BD FF FF D1,
6524,70E,2F,F3 0C 96 91 BD 00 00 D1,
6525,70E,2F,F3 0C 96 91 BD 00 FF FF,
6526,74B,10,FC 1E BE 21 00 00 FF,
6527,74B,10,FC 1E BC 21 00 00 FF,
6528,74B,10,FC 1E BE 21 18 00 FF,
6529,74B,10,FC 1E BE 21 00 58 FD,
6530,74B,10,FC 1E 41 21 00 00 FF,
6531,74B,10,FC E1 41 21 00 00 FF,
6532,74B,10,03 1E BE DE FF FF FF,
6533,74B,10,FC 1E BE 21 00 01 FF,
6534,74B,10,FC 1E BE 22 01 00 FF,
6535,74B,10,FC 1E BF 22 01 00 00,
6536,74B,10,FB 1E BE 21 00 00 FF,
6537,74B,10,FC 1E BE 21 00 FF FE,
6538,74B,10,FC 1E BD 20 FF 00 FE,
6539,74B,10,FC 00 BE 21 00 00 FF,
6540,74B,10,FC FF BE 21 00 00 FF,
6541,70E,2F,13 0A A0 04 00 EE,
6542,70E,2F,13 0A A0 04 00 CE,
6543,70E,2F,13 12 A0 04 00 EE,
6544,70E,2F,13 0A A0 84 25 EE,
6545,70E,2F,13 F5 A0 04 00 EE,
6546,70E,2F,13 F5 5F 04 00 EE,
6547,70E,2F,13 F5 A0 FB 00 EE,
6548,70E,2F,13 0A A0 04 00 EF,
6549,70E,2F,13 0A A0 04 01 EF,
6550,70E,2F,13 0B A0 04 02 EF,
6551,70E,2F,12 0A A0 04 00 EE,
6552,70E,2F,13 0A 9F 03 00 EE,
6553,70E,2F,13 0A 9E 03 00 ED,
6554,70E,2F,00 0A A0 04 00 EE,
6555,70E,2F,13 0A A0 04 00 FF,
6556,74A,85,E8 F9 84 C3 81 0D,
6557,74A,85,E8 F9 84 C3 83 0D,
6558,74A,85,E8 F5 84 C3 81 0D,
6559,74A,85,E8 F9 84 C3 31 09,
6560,74A,85,E8 F9 7B C3 81 0D,
6561,74A,85,17 06 84 C3 81 0D,
6562,74A,85,17 F9 7B C3 81 0D,
6563,74A,85,E8 F9 85 C3 81 0D,
6564,74A,85,E8 F9 85 C4 81 0D,
6565,74A,85,E8 F9 86 C4 81 0E,
6566,74A,85,E8 F9 84 C3 81 0C,
6567,74A,85,E8 F8 83 C3 81 0D,
6568,74A,85,E8 F9 82 C2 81 0C,
6569,74A,85,00 F9 84 C3 81 0D,
6570,74A,85,E8 F9 FF C3 81 0D,
6571,70E,2F,00 F3 C6 30 53 32 D8 59 3E ED,
6572,70E,2F,00 F3 C6 30 57 32 D8 59 3E ED,
6573,70E,2F,00 F3 C6 30 53 31 D8 59 3E ED,
6574,70E,2F,00 F3 C6 7B 53 32 D8 59 3E ED,
6575,70E,2F,00 F3 39 30 53 32 D8 59 3E ED,
6576,70E,2F,00 F3 C6 30 53 32 D8 A6 C1 ED,
6577,70E,2F,00 F3 39 30 53 32 27 A6 3E 12,
6578,70E,2F,00 F3 C7 30 53 32 D8 59 3E ED,
6579,70E,2F,00 F3 C6 30 53 33 D9 59 3E ED,
6580,70E,2F,00 F4 C6 30 53 33 D9 59 3F ED,
6581,70E,2F,00 F3 C6 30 53 32 D8 58 3E ED,
6582,70E,2F,00 F3 C6 2F 52 32 D8 59 3E ED,
6583,70E,2F,FF F3 C6 30 52 31 D8 58 3E ED,
6584,70E,2F,00 00 C6 30 53 32 D8 59 3E ED,
6585,70E,2F,00 F3 C6 30 53 FF D8 59 3E ED,
6586,74A,85,FD 46 08 FD,
6587,74A,85,FD 42 08 FD,
6588,74A,85,3D 46 08 FD,
6589,74A,85,FD F6 0C FD,
6590,74A,85,FD B9 08 FD,
6591,74A,85,02 46 08 02,
6592,74A,85,02 B9 F7 02,
6593,74A,85,FD 46 09 FD,
6594,74A,85,FE 47 08 FD,
6595,74A,85,FE 47 09 FE,
6596,74A,85,FC 46 08 FD,
6597,74A,85,FC 45 08 FD,
6598,74A,85,FC 45 07 FC,
6599,74A,85,FD 00 08 FD,
6600,74A,85,FD 46 08 FF,
6601,70E,2F,89 0D FE D0 FF 98 67 67 00 01,
6602,70E,2F,89 0D FE D0 FF 98 65 67 00 01,
6603,70E,2F,89 0D FE E0 FF 98 67 67 00 01,
6604,70E,2F,39 09 FE D0 FF 98 67 67 00 01,
6605,70E,2F,89 0D FE D0 FF 98 67 67 00 FE,
6606,70E,2F,76 F2 FE D0 FF 98 67 67 00 01,
6607,70E,2F,76 0D FE D0 00 67 67 98 00 01,
6608,70E,2F,89 0D FE D0 00 98 67 67 00 01,
6609,70E,2F,89 0D FE D0 FF 98 67 68 01 01,
6610,70E,2F,89 0E FE D0 00 98 67 67 01 02,
6611,70E,2F,89 0D FD D0 FF 98 67 67 00 01,
6612,70E,2F,89 0D FE D0 FF 98 67 67 FF 00,
6613,70E,2F,89 0C FE D0 FE 98 67 67 FF 00,
6614,70E,2F,89 0D FE D0 FF 00 67 67 00 01,
6615,70E,2F,89 0D FF D0 FF 98 67 67 00 01,
6616,74A,85,00 67 0F 18 FC B7 0C EE FF,
6617,74A,85,00 67 0E 18 FC B7 0C EE FF,
6618,74A,85,00 67 03 18 FC B7 0C EE FF,
6619,74A,85,00 3F 0D 18 FC B7 0C EE FF,
6620,74A,85,00 67 0F 18 03 B7 0C EE FF,
6621,74A,85,00 67 F0 E7 FC B7 0C EE FF,
6622,74A,85,00 98 F0 18 03 B7 0C 11 FF,
6623,74A,85,00 67 0F 19 FC B7 0C EE FF,
6624,74A,85,00 67 10 19 FC B7 0C EE FF,
6625,74A,85,01 67 0F 19 FD B7 0D EE FF,
6626,74A,85,00 67 0F 18 FC B6 0C EE FF,
6627,74A,85,00 67 0F 18 FC B7 0B ED FF,
6628,74A,85,FF 66 0F 17 FC B7 0B EE FF,
6629,74A,85,00 67 0F 18 00 B7 0C EE FF,
6630,74A,85,00 67 0F 18 FF B7 0C EE FF,
6631,70E,2F,63 1B 37 00 9F FC ED,
6632,70E,2F,63 1B 37 00 9F F4 ED,
6633,70E,2F,63 1B 37 60 9F FC ED,
6634,70E,2F,6A 1B 37 00 9F FC 8D,
6635,70E,2F,63 1B 37 00 9F 03 ED,
6636,70E,2F,63 1B C8 FF 9F FC ED,
6637,70E,2F,63 1B C8 FF 60 FC 12,
6638,70E,2F,63 1B 37 00 9F FC EE,
6639,70E,2F,64 1C 37 00 9F FC ED,
6640,70E,2F,63 1C 38 01 9F FD ED,
6641,70E,2F,63 1A 37 00 9F FC ED,
6642,70E,2F,63 1B 37 00 9F FB EC,
6643,70E,2F,62 1A 37 FF 9F FC EC,
6644,70E,2F,63 1B 37 00 9F 00 ED,
6645,70E,2F,63 1B 37 00 9F FF ED,
6646,74A,85,FF EF 99 7D FF F4 E1 5E,
6647,74A,85,FF EF 99 7D FF F4 E1 1E,
6648,74A,85,FF EF 99 BD FF F4 E1 5E,
6649,74A,85,69 EF 99 7D FF F4 E1 5E,
6650,74A,85,00 EF 99 7D FF F4 E1 5E,
6651,74A,85,FF EF 66 82 FF F4 E1 5E,
6652,74A,85,00 10 99 82 FF F4 1E 5E,
6653,74A,85,FF F0 99 7D FF F4 E1 5E,
6654,74A,85,FF F0 9A 7D FF F4 E1 5E,
6655,74A,85,00 EF 9A 7E FF F5 E1 5E,
6656,74A,85,FF EF 98 7D FF F4 E1 5E,
6657,74A,85,FE EE 99 7D FF F4 E1 5E,
6658,74A,85,FE EF 98 7D FF F3 E1 5D,
6659,74A,85,FF EF 99 7D FF 00 E1 5E,
6660,74A,85,FF EF 99 FF FF F4 E1 5E,
6661,70E,2F,1D C2 E0 9F 04 FF 00,
6662,70E,2F,1D C2 E0 8F 04 FF 00,
6663,70E,2F,1D C2 20 9F 04 FF 00,
6664,70E,2F,14 C2 E0 9F 04 FF 60,
6665,70E,2F,1D C2 E0 9F 04 FF FF,
6666,70E,2F,E2 C2 E0 9F 04 FF FF,
6667,70E,2F,1D C2 1F 60 FB FF FF,
6668,70E,2F,1D C3 E0 9F 04 FF 00,
6669,70E,2F,1D C2 E0 9F 04 00 01,
6670,70E,2F,1E C3 E1 9F 05 FF 00,
6671,70E,2F,1D C2 E0 9F 04 FE 00,
6672,70E,2F,1D C2 E0 9F 03 FE 00,
6673,70E,2F,1C C1 DF 9F 03 FF 00,
6674,70E,2F,1D C2 E0 9F 00 FF 00,
6675,70E,2F,FF C2 E0 9F 04 FF 00,
6676,70E,2F,FF 0A 6A 00 FF 3A 3D 06,
6677,70E,2F,FF 1A 6A 00 FF 3A 3D 06,
6678,70E,2F,FF 0A 6A 00 FF 3A 3B 06,
6679,70E,2F,FF 0A 6A B0 FB 3A 3D 06,
6680,70E,2F,FF F5 6A 00 FF 3A 3D 06,
6681,70E,2F,FF 0A 6A 00 FF C5 C2 06,
6682,70E,2F,FF 0A 95 00 00 C5 3D F9,
6683,70E,2F,FF 0A 6A 00 FF 3B 3D 06,
6684,70E,2F,00 0B 6A 00 FF 3A 3D 06,
6685,70E,2F,FF 0B 6B 00 00 3A 3D 07,
6686,70E,2F,FF 0A 6A 00 FE 3A 3D 06,
6687,70E,2F,FF 0A 6A 00 FF 3A 3C 05,
6688,70E,2F,FE 0A 69 FF FF 39 3D 06,
6689,70E,2F,FF 00 6A 00 FF 3A 3D 06,
6690,70E,2F,FF 0A 6A 00 FF 3A FF 06,
6691,74A,85,6B 17 FF,
6692,74A,85,6B 17 7F,
6693,74A,85,6B D7 FF,
6694,74A,85,6B 97 DA,
6695,74A,85,6B E8 FF,
6696,74A,85,94 17 00,
6697,74A,85,6B E8 00,
6698,74A,85,6C 17 FF,
6699,74A,85,6C 18 FF,
6700,74A,85,6C 17 02,
6701,74A,85,6A 17 FF,
6702,74A,85,6A 16 FF,
6703,74A,85,68 16 FF,
6704,74A,85,00 17 FF,
6705,74A,85,6B FF FF,
6706,70E,2F,FF 31 FF 00 FA C4 00,
6707,70E,2F,FF 31 FF 00 FA CC 00,
6708,70E,2F,FF 31 FF 00 9A C4 00,
6709,70E,2F,FF 31 FF B0 FE C4 00,
6710,70E,2F,FF 31 FF 00 FA 3B 00,
6711,70E,2F,00 CE FF 00 FA C4 00,
6712,70E,2F,00 31 00 00 FA 3B FF,
6713,70E,2F,FF 31 FF 01 FA C4 00,
6714,70E,2F,FF 31 00 01 FA C4 00,
6715,70E,2F,FF 31 00 01 FB C4 01,
6716,70E,2F,FE 31 FF 00 FA C4 00,
6717,70E,2F,FE 30 FF 00 FA C4 00,
6718,70E,2F,FE 30 FF FF FA C4 FF,
6719,70E,2F,FF 31 FF 00 FA 00 00,
6720,70E,2F,FF FF FF 00 FA C4 00,
6721,74A,3E,2A FF A4 F2,
6722,74A,3E,2A FF A4 F3,
6723,74A,3E,2A FF C4 F2,
6724,74A,3E,EA ED A4 F2,
6725,74A,3E,2A FF A4 0D,
6726,74A,3E,D5 FF A4 0D,
6727,74A,3E,D5 00 5B 0D,
6728,74A,3E,2B FF A4 F2,
6729,74A,3E,2A 00 A5 F2,
6730,74A,3E,2B 00 A5 F3,
6731,74A,3E,2A FE A4 F2,
6732,74A,3E,2A FE A3 F2,
6733,74A,3E,29 FE A3 F1,
6734,74A,3E,00 FF A4 F2,
6735,74A,3E,2A FF FF F2,
6736,70E,2E,07 EA 88 A4 E5 45 A6,
6737,70E,2E,07 EA 88 A5 E5 45 A6,
6738,70E,2E,04 EA 88 A4 E5 45 A6,
6739,70E,2E,07 EA E8 AD E5 45 A6,
6740,70E,2E,07 EA 77 A4 E5 45 A6,
6741,70E,2E,07 EA 88 A4 1A BA A6,
6742,70E,2E,F8 15 88 5B E5 45 59,
6743,70E,2E,08 EA 88 A4 E5 45 A6,
6744,70E,2E,07 EA 88 A5 E6 45 A6,
6745,70E,2E,08 EB 89 A4 E6 45 A6,
6746,70E,2E,07 EA 88 A4 E4 45 A6,
6747,70E,2E,07 EA 88 A4 E5 44 A5,
6748,70E,2E,07 E9 87 A3 E5 44 A6,
6749,70E,2E,07 EA 88 A4 E5 45 00,
6750,70E,2E,07 EA FF A4 E5 45 A6,
6751,74A,3E,D5 BA CC 3F FF,
6752,74A,3E,D5 B8 CC 3F FF,
6753,74A,3E,D5 BA CC 39 FF,
6754,74A,3E,D5 BA 94 3D FF,
6755,74A,3E,2A BA CC 3F FF,
6756,74A,3E,D5 BA CC C0 00,
6757,74A,3E,D5 45 CC C0 FF,
6758,74A,3E,D5 BA CC 3F 00,
6759,74A,3E,D6 BA CC 3F 00,
6760,74A,3E,D7 BA CD 3F 00,
6761,74A,3E,D5 BA CC 3E FF,
6762,74A,3E,D4 BA CC 3F FE,
6763,74A,3E,D5 B9 CA 3F FE,
6764,74A,3E,D5 00 CC 3F FF,
6765,74A,3E,D5 FF CC 3F FF,
6766,70E,2E,00 48 B9 B3 A5,
6767,70E,2E,00 48 B8 B3 A5,
6768,70E,2E,00 48 B9 B3 95,
6769,70E,2E,00 48 B9 03 A1,
6770,70E,2E,FF 48 B9 B3 A5,
6771,70E,2E,00 48 B9 4C 5A,
6772,70E,2E,00 48 46 B3 5A,
6773,70E,2E,01 48 B9 B3 A5,
6774,70E,2E,00 48 BA B4 A5,
6775,70E,2E,02 48 BA B3 A6,
6776,70E,2E,00 48 B9 B2 A5,
6777,70E,2E,00 48 B9 B2 A4,
6778,70E,2E,00 47 B9 B2 A3,
6779,70E,2E,00 48 00 B3 A5,
6780,70E,2E,00 FF B9 B3 A5,
6781,74A,3E,51 E0 8A 3B C4 FC 31 01 FF,
6782,74A,3E,55 E0 8A 3B C4 FC 31 01 FF,
6783,74A,3E,51 E0 8A 3B C4 FC 37 01 FF,
6784,74A,3E,51 E0 8A 3B C4 FC F1 13 FF,
6785,74A,3E,51 1F 8A 3B C4 FC 31 01 FF,
6786,74A,3E,51 E0 8A C4 3B FC 31 01 FF,
6787,74A,3E,51 1F 8A 3B 3B 03 31 FE FF,
6788,74A,3E,51 E1 8A 3B C4 FC 31 01 FF,
6789,74A,3E,51 E1 8B 3B C4 FC 31 01 FF,
6790,74A,3E,51 E1 8A 3B C5 FC 31 02 00,
6791,74A,3E,51 E0 89 3B C4 FC 31 01 FF,
6792,74A,3E,51 E0 8A 3B C3 FB 31 01 FF,
6793,74A,3E,50 E0 8A 3A C3 FC 30 01 FF,
6794,74A,3E,51 E0 8A 3B 00 FC 31 01 FF,
6795,74A,3E,FF E0 8A 3B C4 FC 31 01 FF,
6796,70E,2E,DA 89 EB 22,
6797,70E,2E,CA 89 EB 22,
6798,70E,2E,D9 89 EB 22,
6799,70E,2E,DA 1F EB 22,
6800,70E,2E,25 89 EB 22,
6801,70E,2E,DA 89 14 DD,
6802,70E,2E,25 76 14 DD,
6803,70E,2E,DA 8A EB 22,
6804,70E,2E,DB 89 EB 23,
6805,70E,2E,DB 8A EC 23,
6806,70E,2E,DA 89 EA 22,
6807,70E,2E,DA 88 EA 22,
6808,70E,2E,D9 88 EA 21,
6809,70E,2E,DA 89 00 22,
6810,70E,2E,DA 89 EB FF,
6811,74A,3E,4A 55 51 3D FF EA 00 FA FF,
6812,74A,3E,4A 55 50 3D FF EA 00 FA FF,
6813,74A,3E,4A 55 5D 3D FF EA 00 FA FF,
6814,74A,3E,4A 55 51 3D FF EA 60 F3 FF,
6815,74A,3E,4A 55 AE 3D FF EA 00 FA FF,
6816,74A,3E,4A 55 51 3D FF EA FF 05 FF,
6817,74A,3E,4A AA AE 3D 00 EA 00 05 FF,
6818,74A,3E,4A 55 51 3D 00 EA 00 FA FF,
6819,74A,3E,4B 55 51 3D FF EA 00 FA 00,
6820,74A,3E,4A 55 52 3D FF EB 01 FA 00,
6821,74A,3E,4A 55 51 3D FF E9 00 FA FF,
6822,74A,3E,4A 55 51 3D FF E9 FF FA FF,
6823,74A,3E,4A 54 51 3D FE E9 00 F9 FF,
6824,74A,3E,00 55 51 3D FF EA 00 FA FF,
6825,74A,3E,4A 55 51 3D FF EA 00 FF FF,
6826,74A,3E,EE F4 0C E1 8A 47 E3,
6827,74A,3E,EE F4 4C E1 8A 47 E3,
6828,74A,3E,EE F4 0C 21 8A 47 E3,
6829,74A,3E,EE F4 0C E1 8A 1F E1,
6830,74A,3E,EE F4 0C E1 75 47 E3,
6831,74A,3E,11 F4 0C E1 8A 47 1C,
6832,74A,3E,EE 0B F3 1E 8A B8 E3,
6833,74A,3E,EE F4 0C E1 8A 47 E4,
6834,74A,3E,EE F5 0D E1 8A 47 E3,
6835,74A,3E,EE F5 0D E2 8A 48 E3,
6836,74A,3E,EE F3 0C E1 8A 47 E3,
6837,74A,3E,EE F4 0C E1 89 46 E3,
6838,74A,3E,EE F3 0B E0 8A 46 E3,
6839,74A,3E,EE F4 0C 00 8A 47 E3,
6840,74A,3E,EE F4 0C E1 8A FF E3,
6841,74A,3E,00 8E E6 81,
6842,74A,3E,00 86 E6 81,
6843,74A,3E,0C 8E E6 81,
6844,74A,3E,00 C5 E6 81,
6845,74A,3E,00 8E 19 81,
6846,74A,3E,FF 8E E6 7E,
6847,74A,3E,FF 71 19 7E,
6848,74A,3E,01 8E E6 81,
6849,74A,3E,00 8E E7 82,
6850,74A,3E,01 8F E7 82,
6851,74A,3E,00 8E E6 80,
6852,74A,3E,FF 8D E6 81,
6853,74A,3E,FF 8D E5 80,
6854,74A,3E,FF 8E E6 81,
6855,70E,2E,67 FF FF,
6856,70E,2E,77 FF FF,
6857,70E,2E,67 9F FF,
6858,70E,2E,67 FF 69,
6859,70E,2E,98 FF FF,
6860,70E,2E,67 00 00,
6861,70E,2E,67 00 FF,
6862,70E,2E,67 02 00,
6863,70E,2E,67 FE FF,
6864,70E,2E,66 FE FF,
6865,70E,2E,64 FE FF,
6866,70E,2E,00 FF FF,
6867,70E,2E,FF FF FF,
6868,70E,2E,A8 FF,
6869,70E,2E,AA FF,
6870,70E,2E,A8 9F,
6871,70E,2E,A8 69,
6872,70E,2E,57 FF,
6873,70E,2E,57 00,
6874,70E,2E,A9 FF,
6875,70E,2E,A9 00,
6876,70E,2E,AA 01,
6877,70E,2E,A7 FF,
6878,70E,2E,A7 FE,
6879,70E,2E,A6 FD,
6880,70E,2E,A8 00,
6881,70E,2E,FF FF,
6882,74A,3E,6A BE 6B 13 FF,
6883,74A,3E,6A BE 6B 11 FF,
6884,74A,3E,6A BE 6B 13 F3,
6885,74A,3E,63 BE 6B 13 9F,
6886,74A,3E,6A BE 6B 13 00,
6887,74A,3E,95 BE 6B 13 00,
6888,74A,3E,6A 41 6B EC FF,
6889,74A,3E,6B BE 6B 13 FF,
6890,74A,3E,6B BF 6B 13 FF,
6891,74A,3E,6B BE 6C 15 FF,
6892,74A,3E,6A BE 6B 12 FF,
6893,74A,3E,69 BE 6B 13 FE,
6894,74A,3E,68 BE 6A 13 FE,
6895,74A,3E,00 BE 6B 13 FF,
6896,74A,3E,6A BE FF 13 FF,
6897,70E,2E,AE 2E 96 78,
6898,70E,2E,2E 2E 96 78,
6899,70E,2E,AE 2D 96 78,
6900,70E,2E,F6 2C 96 78,
6901,70E,2E,AE 2E 96 87,
6902,70E,2E,51 D1 96 78,
6903,70E,2E,51 D1 69 87,
6904,70E,2E,AE 2F 96 78,
6905,70E,2E,AF 2E 96 79,
6906,70E,2E,AF 2F 97 79,
6907,70E,2E,AE 2E 96 77,
6908,70E,2E,AD 2E 96 77,
6909,70E,2E,AD 2D 95 77,
6910,70E,2E,AE 00 96 78,
6911,70E,2E,AE 2E FF 78,
6912,74A,3D,13 FF 00 BE D1 21 25 6F C2 F0,
6913,74A,3D,03 FF 00 BE D1 21 25 6F C2 F0,
6914,74A,3D,13 FF 00 BE D1 21 25 6F C2 F3,
6915,74A,3D,13 FF 00 BE D1 21 25 6F C2 BB,
6916,74A,3D,13 FF FF BE D1 21 25 6F C2 F0,
6917,74A,3D,EC FF 00 BE D1 21 25 6F C2 0F,
6918,74A,3D,EC FF FF BE D1 DE 25 6F C2 0F,
6919,74A,3D,13 FF 00 BE D1 21 26 6F C2 F0,
6920,74A,3D,13 FF 00 BE D1 21 25 70 C3 F0,
6921,74A,3D,14 FF 01 BE D1 22 25 6F C2 F1,
6922,74A,3D,13 FF 00 BE D1 21 24 6F C2 F0,
6923,74A,3D,13 FF 00 BE D1 21 24 6E C2 F0,
6924,74A,3D,12 FF 00 BD D1 21 25 6E C1 F0,
6925,74A,3D,00 FF 00 BE D1 21 25 6F C2 F0,
6926,74A,3D,13 FF 00 BE D1 21 25 6F FF F0,
6927,70E,2E,C7 3E FF B0 05 00,
6928,70E,2E,C7 3E FE B0 05 00,
6929,70E,2E,C7 3E E7 B0 05 00,
6930,70E,2E,C7 3E D3 B1 05 00,
6931,70E,2E,C7 3E FF B0 05 FF,
6932,70E,2E,C7 3E 00 4F 05 00,
6933,70E,2E,C7 C1 FF 4F 05 00,
6934,70E,2E,C7 3E FF B0 06 00,
6935,70E,2E,C7 3F 00 B0 05 00,
6936,70E,2E,C7 3E 01 B1 05 01,
6937,70E,2E,C6 3E FF B0 05 00,
6938,70E,2E,C7 3D FE B0 05 00,
6939,70E,2E,C6 3E FE B0 05 FE,
6940,70E,2E,C7 3E FF B0 00 00,
6941,70E,2E,C7 FF FF B0 05 00,
6942,74A,3D,FF EC 5B BE AE D2 B1 AD E6,
6943,74A,3D,FF EC 5B BE AF D2 B1 AD E6,
6944,74A,3D,FF EC 5B BE AE D2 B1 AD EA,
6945,74A,3D,7F C9 5B BE AE D2 B1 AD E6,
6946,74A,3D,FF EC A4 BE AE D2 B1 AD E6,
6947,74A,3D,00 13 5B BE AE D2 B1 AD E6,
6948,74A,3D,FF 13 A4 BE 51 D2 B1 52 E6,
6949,74A,3D,FF EC 5C BE AE D2 B1 AD E6,
6950,74A,3D,FF ED 5C BE AE D2 B1 AD E6,
6951,74A,3D,FF ED 5B BE AF D3 B1 AE E6,
6952,74A,3D,FE EC 5B BE AE D2 B1 AD E6,
6953,74A,3D,FF EC 5A BD AE D2 B1 AD E6,
6954,74A,3D,FF EC 5A BE AE D1 B0 AD E5,
6955,74A,3D,FF EC 5B BE AE D2 00 AD E6,
6956,70E,2E,83 4A 3F 3D,
6957,70E,2E,87 4A 3F 3D,
6958,70E,2E,83 52 3F 3D,
6959,70E,2E,83 4A 8F 39,
6960,70E,2E,83 4A C0 3D,
6961,70E,2E,7C B5 3F 3D,
6962,70E,2E,7C B5 C0 C2,
6963,70E,2E,83 4A 40 3D,
6964,70E,2E,83 4A 40 3E,
6965,70E,2E,84 4B 40 3E,
6966,70E,2E,82 4A 3F 3D,
6967,70E,2E,82 49 3F 3D,
6968,70E,2E,82 49 3E 3C,
6969,70E,2E,83 00 3F 3D,
6970,70E,2E,83 4A 3F FF,
6971,70E,2E,16 2C 92 00 57 5A 00 64,
6972,70E,2E,16 AC 92 00 57 5A 00 64,
6973,70E,2E,16 2C 92 00 57 5A 03 64,
6974,70E,2E,16 2C 92 00 57 CC 00 64,
6975,70E,2E,16 2C 92 00 57 5A FF 64,
6976,70E,2E,16 2C 92 00 57 A5 FF 64,
6977,70E,2E,16 D3 92 FF A8 5A FF 64,
6978,70E,2E,16 2C 92 00 57 5B 00 64,
6979,70E,2E,17 2C 92 00 57 5A 00 65,
6980,70E,2E,17 2C 93 00 57 5B 00 65,
6981,70E,2E,16 2C 92 00 57 59 00 64,
6982,70E,2E,16 2C 92 FF 56 5A 00 64,
6983,70E,2E,16 2B 92 00 56 5A FF 63,
6984,70E,2E,16 2C 00 00 57 5A 00 64,
6985,70E,2E,16 2C 92 00 FF 5A 00 64,
6986,74A,3D,C2 DD 2E BC FF,
6987,74A,3D,C2 DF 2E BC FF,
6988,74A,3D,C2 DD 2E BA FF,
6989,74A,3D,C2 96 2E BC FF,
6990,74A,3D,C2 DD 2E BC 00,
6991,74A,3D,3D 22 2E BC FF,
6992,74A,3D,3D DD 2E 43 FF,
6993,74A,3D,C2 DD 2F BC FF,
6994,74A,3D,C2 DD 2F BD FF,
6995,74A,3D,C3 DD 2F BE FF,
6996,74A,3D,C2 DD 2E BC FE,
6997,74A,3D,C1 DD 2E BC FE,
6998,74A,3D,C1 DD 2D BA FF,
6999,74A,3D,C2 00 2E BC FF,
7000,74A,3D,C2 DD 2E FF FF,
7001,70E,2E,E9 DB DD AE 22 A0 00 6C,
7002,70E,2E,E9 DB DD AE 22 80 00 6C,
7003,70E,2E,E9 DB DB AE 22 A0 00 6C,
7004,70E,2E,E9 DB DD 6E 30 A0 00 6C,
7005,70E,2E,16 DB DD AE 22 A0 00 6C,
7006,70E,2E,E9 DB DD AE 22 A0 FF 93,
7007,70E,2E,E9 24 DD AE DD A0 FF 93,
7008,70E,2E,E9 DB DE AE 22 A0 00 6C,
7009,70E,2E,E9 DB DD AF 23 A0 00 6C,
7010,70E,2E,EA DC DD AF 22 A0 01 6C,
7011,70E,2E,E9 DB DD AE 21 A0 00 6C,
7012,70E,2E,E9 DB DD AE 22 9F FF 6C,
7013,70E,2E,E8 DB DC AE 22 9F 00 6B,
7014,70E,2E,E9 DB DD 00 22 A0 00 6C,
7015,70E,2E,E9 DB DD AE 22 A0 FF 6C,
7016,74A,3D,19,
7017,74A,3D,39,
7018,74A,3D,1A,
7019,74A,3D,52,
7020,74A,3D,E6,
7021,74A,3D,1B,
7022,74A,3D,1D,
7023,74A,3D,18,
7024,74A,3D,17,
7025,74A,3D,15,
7026,70E,2E,74 35 0B 00,
7027,70E,2E,7C 35 0B 00,
7028,70E,2E,44 35 0B 00,
7029,70E,2E,75 35 0B 2C,
7030,70E,2E,74 CA 0B 00,
7031,70E,2E,74 CA F4 00,
7032,70E,2E,8B CA F4 FF,
7033,70E,2E,74 35 0B 01,
7034,70E,2E,75 35 0B 01,
7035,70E,2E,75 36 0C 01,
7036,70E,2E,73 35 0B 00,
7037,70E,2E,73 35 0B FF,
7038,70E,2E,73 34 0A FF,
7039,70E,2E,74 35 00 00,
7040,70E,2E,74 FF 0B 00,
7041,74A,3D,98 F2 00 F5,
7042,74A,3D,98 F2 00 F1,
7043,74A,3D,98 F2 00 C5,
7044,74A,3D,98 DE 01 F5,
7045,74A,3D,98 F2 FF F5,
7046,74A,3D,98 0D FF F5,
7047,74A,3D,67 0D FF 0A,
7048,74A,3D,98 F2 01 F5,
7049,74A,3D,99 F3 00 F5,
7050,74A,3D,99 F3 01 F6,
7051,74A,3D,97 F2 00 F5,
7052,74A,3D,97 F2 00 F4,
7053,74A,3D,97 F1 FF F4,
7054,74A,3D,98 F2 00 00,
7055,74A,3D,98 FF 00 F5,
7056,70E,2E,73 DC 3B 01,
7057,70E,2E,73 9C 3B 01,
7058,70E,2E,70 DC 3B 01,
7059,70E,2E,73 1C 29 01,
7060,70E,2E,8C DC 3B 01,
7061,70E,2E,73 DC C4 FE,
7062,70E,2E,8C 23 C4 FE,
7063,70E,2E,73 DD 3B 01,
7064,70E,2E,74 DD 3B 01,
7065,70E,2E,74 DD 3C 02,
7066,70E,2E,73 DB 3B 01,
7067,70E,2E,73 DB 3A 01,
7068,70E,2E,72 DB 3A 00,
7069,70E,2E,73 00 3B 01,
7070,70E,2E,73 DC 3B FF,
7071,74A,3D,12,
7072,74A,3D,D2,
7073,74A,3D,84,
7074,74A,3D,ED,
7075,74A,3D,13,
7076,74A,3D,14,
7077,74A,3D,16,
7078,74A,3D,11,
7079,74A,3D,10,
7080,74A,3D,0E,
7081,70E,2E,00 17,
7082,70E,2E,40 17,
7083,70E,2E,80 16,
7084,70E,2E,2C 16,
7085,70E,2E,00 E8,
7086,70E,2E,FF E8,
7087,70E,2E,00 18,
7088,70E,2E,01 18,
7089,70E,2E,02 19,
7090,70E,2E,FF 17,
7091,70E,2E,FF 16,
7092,70E,2E,FE 15,
7093,70E,2E,E4 FF 97 82,
7094,70E,2E,E4 FF D7 82,
7095,70E,2E,E4 FF 91 82,
7096,70E,2E,BC FD 97 82,
7097,70E,2E,E4 FF 97 7D,
7098,70E,2E,1B FF 97 7D,
7099,70E,2E,1B 00 68 7D,
7100,70E,2E,E4 00 97 82,
7101,70E,2E,E5 00 97 82,
7102,70E,2E,E5 00 98 83,
7103,70E,2E,E4 FE 97 82,
7104,70E,2E,E3 FF 97 81,
7105,70E,2E,E3 FE 96 81,
7106,70E,2E,FF FF 97 82,
7107,74A,37,00 26 AB 9A,
7108,74A,37,00 26 AB 8A,
7109,74A,37,00 26 CB 9A,
7110,74A,37,00 26 6B 88,
7111,74A,37,FF 26 AB 9A,
7112,74A,37,FF D9 AB 9A,
7113,74A,37,FF D9 54 65,
7114,74A,37,00 27 AB 9A,
7115,74A,37,00 27 AC 9A,
7116,74A,37,01 27 AC 9B,
7117,74A,37,00 26 AA 9A,
7118,74A,37,00 25 AA 9A,
7119,74A,37,FF 25 AA 99,
7120,74A,37,00 26 AB 00,
7121,70E,28,07 0B 5F,
7122,70E,28,07 0F 5F,
7123,70E,28,07 0B 5C,
7124,70E,28,91 0B 5F,
7125,70E,28,07 0B A0,
7126,70E,28,F8 0B A0,
7127,70E,28,07 F4 A0,
7128,70E,28,07 0B 60,
7129,70E,28,08 0C 5F,
7130,70E,28,08 0B 62,
7131,70E,28,07 0A 5F,
7132,70E,28,06 0B 5E,
7133,70E,28,06 0B 5C,
7134,70E,28,07 0B 00,
7135,70E,28,FF 0B 5F,
7136,74A,37,3D 00 BE 0B,
7137,74A,37,3D 00 AE 0B,
7138,74A,37,3D 30 BE 0B,
7139,74A,37,3D 58 BC 0B,
7140,74A,37,3D FF BE 0B,
7141,74A,37,3D FF 41 0B,
7142,74A,37,C2 FF 41 F4,
7143,74A,37,3D 00 BE 0C,
7144,74A,37,3E 00 BE 0C,
7145,74A,37,3E 01 BF 0C,
7146,74A,37,3D FF BD 0B,
7147,74A,37,3C FF BD 0A,
7148,74A,37,3D 00 BE 00,
7149,74A,37,3D 00 FF 0B,
7150,74A,37,43 67 30 FF,
7151,74A,37,43 67 31 FF,
7152,74A,37,43 67 00 FF,
7153,74A,37,41 67 30 A7,
7154,74A,37,43 98 30 FF,
7155,74A,37,BC 98 30 FF,
7156,74A,37,BC 98 CF 00,
7157,74A,37,44 67 30 FF,
7158,74A,37,43 68 31 FF,
7159,74A,37,44 68 31 00,
7160,74A,37,43 67 2F FF,
7161,74A,37,42 66 30 FF,
7162,74A,37,42 66 2F FE,
7163,74A,37,00 67 30 FF,
7164,74A,37,FF 67 30 FF,
7165,70E,28,FB FD FD,
7166,70E,28,FB FD FF,
7167,70E,28,FB 3D FD,
7168,70E,28,FB FD B6,
7169,70E,28,FB 02 FD,
7170,70E,28,FB 02 02,
7171,70E,28,FB FE FD,
7172,70E,28,FB FE FE,
7173,70E,28,FC FD 00,
7174,70E,28,FB FC FD,
7175,70E,28,FA FD FC,
7176,70E,28,FA FD FA,
7177,70E,28,00 FD FD,
7178,70E,28,FF FD FD,
7179,74A,37,E8 11 57 81 00 83 8E,
7180,74A,37,E8 11 17 81 00 83 8E,
7181,74A,37,E8 11 57 81 06 83 8E,
7182,74A,37,E8 11 57 81 00 83 18,
7183,74A,37,E8 11 57 81 FF 83 8E,
7184,74A,37,17 11 57 81 00 83 71,
7185,74A,37,E8 EE A8 7E 00 7C 8E,
7186,74A,37,E8 11 57 81 00 84 8E,
7187,74A,37,E8 11 57 81 00 84 8F,
7188,74A,37,E8 12 58 82 00 84 8E,
7189,74A,37,E8 11 57 80 00 83 8E,
7190,74A,37,E8 11 57 80 FF 83 8E,
7191,74A,37,E8 11 56 80 FF 83 8D,
7192,70E,28,58 C6 9D 5A 1D 76,
7193,70E,28,D8 C6 9D 5A 1D 76,
7194,70E,28,58 DE 9D 5A 1D 76,
7195,70E,28,58 9E 9F 5A 1D 76,
7196,70E,28,58 C6 9D A5 1D 76,
7197,70E,28,58 C6 9D A5 E2 76,
7198,70E,28,58 39 9D 5A 1D 89,
7199,70E,28,58 C6 9D 5B 1D 76,
7200,70E,28,58 C6 9D 5A 1E 77,
7201,70E,28,59 C6 9D 5C 1E 76,
7202,70E,28,58 C6 9D 5A 1D 75,
7203,70E,28,58 C5 9C 5A 1D 76,
7204,70E,28,58 C6 9B 59 1D 75,
7205,70E,28,58 00 9D 5A 1D 76,
7206,70E,28,58 C6 9D FF 1D 76,
7207,74A,37,DC 00 EA 7D,
7208,74A,37,DC 00 EA 6D,
7209,74A,37,D0 00 EA 7D,
7210,74A,37,DC 00 B2 7F,
7211,74A,37,23 00 EA 7D,
7212,74A,37,DC FF 15 7D,
7213,74A,37,23 FF 15 82,
7214,74A,37,DC 00 EB 7D,
7215,74A,37,DC 00 EB 7E,
7216,74A,37,DD 01 EB 7E,
7217,74A,37,DC FF EA 7D,
7218,74A,37,DB FF EA 7D,
7219,74A,37,DB FF E9 7C,
7220,74A,37,DC 00 FF 7D,
7221,70E,28,82 FF,
7222,70E,28,86 FF,
7223,70E,28,82 F9,
7224,70E,28,8B 9F,
7225,70E,28,7D FF,
7226,70E,28,7D 00,
7227,70E,28,82 00,
7228,70E,28,83 00,
7229,70E,28,84 01,
7230,70E,28,82 FE,
7231,70E,28,81 FE,
7232,70E,28,80 FD,
7233,74A,37,F0 C1 A5 FE 00 18,
7234,74A,37,F0 C1 A5 FE 40 18,
7235,74A,37,F3 C1 A5 FE 00 18,
7236,74A,37,F0 71 A1 FE 00 18,
7237,74A,37,0F C1 A5 FE 00 18,
7238,74A,37,0F 3E A5 FE 00 18,
7239,74A,37,F0 C1 A5 01 00 E7,
7240,74A,37,F0 C2 A5 FE 00 18,
7241,74A,37,F0 C1 A5 FE 01 19,
7242,74A,37,F1 C1 A5 00 01 18,
7243,74A,37,F0 C0 A5 FE 00 18,
7244,74A,37,F0 C1 A4 FD 00 18,
7245,74A,37,EF C1 A5 FC FF 18,
7246,74A,37,F0 C1 A5 00 00 18,
7247,74A,37,F0 C1 A5 FE FF 18,
7248,70E,28,FA 6C,
7249,70E,28,BA 6C,
7250,70E,28,F9 6C,
7251,70E,28,7A 49,
7252,70E,28,FA 93,
7253,70E,28,05 93,
7254,70E,28,FB 6C,
7255,70E,28,FB 6D,
7256,70E,28,FC 6E,
7257,70E,28,F9 6B,
7258,70E,28,F8 6A,
7259,70E,28,00 6C,
7260,70E,28,FF 6C,
7261,74A,37,17 F4,
7262,74A,37,1F F4,
7263,74A,37,97 F5,
7264,74A,37,81 F4,
7265,74A,37,E8 F4,
7266,74A,37,E8 0B,
7267,74A,37,17 F5,
7268,74A,37,18 F5,
7269,74A,37,19 F6,
7270,74A,37,16 F4,
7271,74A,37,16 F3,
7272,74A,37,15 F2,
7273,74A,37,00 F4,
7274,74A,37,17 FF,
7275,70E,28,2B B1 78 5B 66 59,
7276,70E,28,2B B1 78 5B 66 51,
7277,70E,28,2B B1 78 DB 67 59,
7278,70E,28,2B B1 78 5B A6 4B,
7279,70E,28,2B B1 78 A4 66 59,
7280,70E,28,D4 4E 78 5B 66 59,
7281,70E,28,D4 B1 87 5B 66 59,
7282,70E,28,2B B1 78 5B 67 59,
7283,70E,28,2C B1 78 5B 66 5A,
7284,70E,28,2D B2 78 5C 66 59,
7285,70E,28,2B B1 78 5A 66 59,
7286,70E,28,2B B1 78 5A 65 59,
7287,70E,28,2A B1 78 59 65 59,
7288,70E,28,2B B1 78 00 66 59,
7289,70E,28,2B FF 78 5B 66 59,
7290,74A,36,78,
7291,74A,36,68,
7292,74A,36,7E,
7293,74A,36,11,
7294,74A,36,87,
7295,74A,36,79,
7296,74A,36,7A,
7297,74A,36,7C,
7298,74A,36,77,
7299,74A,36,76,
7300,74A,36,74,
7301,70E,28,DA 26,
7302,70E,28,DA 24,
7303,70E,28,DC 26,
7304,70E,28,4C 26,
7305,70E,28,DA D9,
7306,70E,28,25 D9,
7307,70E,28,DA 27,
7308,70E,28,DB 27,
7309,70E,28,DC 28,
7310,70E,28,DA 25,
7311,70E,28,D9 25,
7312,70E,28,D8 24,
7313,70E,28,00 26,
7314,70E,28,FF 26,
7315,74A,36,72 45 59 7E 00,
7316,74A,36,72 45 D9 7E 00,
7317,74A,36,74 45 59 7E 00,
7318,74A,36,72 D3 59 7E 00,
7319,74A,36,72 45 59 7E FF,
7320,74A,36,72 45 A6 81 00,
7321,74A,36,8D 45 A6 7E 00,
7322,74A,36,72 45 59 7F 00,
7323,74A,36,72 45 59 7F 01,
7324,74A,36,72 46 59 7F 02,
7325,74A,36,72 44 59 7E 00,
7326,74A,36,71 45 59 7E FF,
7327,74A,36,72 44 57 7E FF,
7328,74A,36,72 45 00 7E 00,
7329,74A,36,72 FF 59 7E 00,
7330,74A,36,73 BA,
7331,74A,36,63 BA,
7332,74A,36,13 BA,
7333,74A,36,2B B8,
7334,74A,36,73 45,
7335,74A,36,8C 45,
7336,74A,36,73 BB,
7337,74A,36,74 BB,
7338,74A,36,75 BC,
7339,74A,36,72 BA,
7340,74A,36,72 B9,
7341,74A,36,71 B8,
7342,74A,36,73 00,
7343,74A,36,FF BA,
7344,70E,28,03 03 FF 58 F4 25 7F,
7345,70E,28,03 03 FF 58 F4 21 7F,
7346,70E,28,03 03 FF 58 F4 26 7F,
7347,70E,28,48 03 FF 58 F4 25 7F,
7348,70E,28,03 FC FF 58 F4 25 7F,
7349,70E,28,03 FC 00 58 F4 25 7F,
7350,70E,28,03 FC 00 A7 F4 DA 7F,
7351,70E,28,04 03 FF 58 F4 25 7F,
7352,70E,28,04 04 FF 58 F4 25 7F,
7353,70E,28,04 04 00 58 F5 25 7F,
7354,70E,28,03 03 FF 58 F3 25 7F,
7355,70E,28,03 03 FE 57 F4 25 7F,
7356,70E,28,02 02 FF 57 F4 25 7E,
7357,70E,28,00 03 FF 58 F4 25 7F,
7358,70E,28,FF 03 FF 58 F4 25 7F,
7359,70E,28,02 02 FF AC 23 88 00 7F,
7360,70E,28,02 02 FF AC 23 88 00 3F,
7361,70E,28,02 C2 FF AC 23 88 00 7F,
7362,70E,28,02 02 FF AC 23 88 60 76,
7363,70E,28,02 02 FF AC 23 88 00 80,
7364,70E,28,FD FD FF AC 23 88 00 7F,
7365,70E,28,02 FD 00 AC DC 88 00 80,
7366,70E,28,02 02 00 AC 23 88 00 7F,
7367,70E,28,02 02 FF AC 24 89 00 7F,
7368,70E,28,03 02 00 AD 23 89 00 7F,
7369,70E,28,02 02 FF AC 23 87 00 7F,
7370,70E,28,02 02 FF AC 22 87 00 7F,
7371,70E,28,02 01 FE AC 22 88 00 7E,
7372,70E,28,02 02 FF AC 23 88 00 00,
7373,70E,28,02 02 FF FF 23 88 00 7F,
7374,74A,36,8D 4C,
7375,74A,36,8D 6C,
7376,74A,36,8D 8C,
7377,74A,36,84 2C,
7378,74A,36,72 4C,
7379,74A,36,72 B3,
7380,74A,36,8D 4D,
7381,74A,36,8E 4D,
7382,74A,36,8F 4E,
7383,74A,36,8C 4C,
7384,74A,36,8C 4B,
7385,74A,36,8B 4A,
7386,74A,36,00 4C,
7387,70E,28,9B 72 D8 D1 33 33,
7388,70E,28,93 72 D8 D1 33 33,
7389,70E,28,9B 72 D8 D1 33 53,
7390,70E,28,1B 57 D8 D1 33 33,
7391,70E,28,9B 72 D8 2E 33 33,
7392,70E,28,9B 72 27 2E 33 33,
7393,70E,28,9B 8D D8 D1 33 CC,
7394,70E,28,9B 72 D9 D1 33 33,
7395,70E,28,9B 72 D9 D2 33 33,
7396,70E,28,9D 73 D8 D2 33 33,
7397,70E,28,9A 72 D8 D1 33 33,
7398,70E,28,9A 72 D8 D1 33 32,
7399,70E,28,99 71 D8 D0 33 33,
7400,70E,28,00 72 D8 D1 33 33,
7401,70E,28,9B 72 D8 D1 33 FF,
7402,74A,36,3B 77 EF,
7403,74A,36,33 77 EF,
7404,74A,36,3B F7 EE,
7405,74A,36,70 77 EF,
7406,74A,36,C4 77 EF,
7407,74A,36,C4 77 10,
7408,74A,36,3B 78 EF,
7409,74A,36,3C 77 F0,
7410,74A,36,3B 7A F0,
7411,74A,36,3A 77 EF,
7412,74A,36,3B 76 EE,
7413,74A,36,3A 77 EC,
7414,74A,36,3B 77 00,
7415,74A,36,FF 77 EF,
7416,70E,28,49 6F 1C,
7417,70E,28,09 6F 1C,
7418,70E,28,51 6F 1C,
7419,70E,28,49 6F 57,
7420,70E,28,B6 6F 1C,
7421,70E,28,B6 6F E3,
7422,70E,28,4A 6F 1C,
7423,70E,28,49 70 1D,
7424,70E,28,4C 70 1C,
7425,70E,28,48 6F 1C,
7426,70E,28,49 6E 1B,
7427,70E,28,48 6F 19,
7428,70E,28,49 6F 00,
7429,70E,28,49 FF 1C,
7430,74A,35,84 81 9C 09 95 89 00 35 E3 6A,
7431,74A,35,84 81 9C 09 95 89 00 35 E1 6A,
7432,74A,35,84 81 9C 09 A5 89 00 35 E3 6A,
7433,74A,35,A8 80 9C 09 95 89 00 35 E3 6A,
7434,74A,35,84 81 9C 09 95 89 00 CA E3 6A,
7435,74A,35,84 81 9C F6 6A 89 00 35 E3 6A,
7436,74A,35,7B 7E 9C F6 95 89 FF 35 E3 6A,
7437,74A,35,84 81 9C 09 95 89 00 36 E3 6A,
7438,74A,35,84 81 9C 09 95 89 00 36 E4 6A,
7439,74A,35,84 81 9D 09 95 89 01 36 E3 6B,
7440,74A,35,84 81 9C 09 95 89 00 35 E3 69,
7441,74A,35,84 81 9B 08 95 89 00 35 E3 6A,
7442,74A,35,84 81 9B 08 95 88 00 35 E2 6A,
7443,74A,35,84 81 9C 09 95 89 00 00 E3 6A,
7444,74A,35,84 81 9C 09 95 FF 00 35 E3 6A,
7445,70E,27,0A 0C 79,
7446,70E,27,0E 0C 79,
7447,70E,27,6A 0C 79,
7448,70E,27,9C 0C 79,
7449,70E,27,0A F3 79,
7450,70E,27,F5 0C 86,
7451,70E,27,F5 F3 79,
7452,70E,27,0A 0C 7A,
7453,70E,27,0B 0D 79,
7454,70E,27,0A 0F 7A,
7455,70E,27,0A 0B 79,
7456,70E,27,0A 0B 78,
7457,70E,27,0A 09 78,
7458,70E,27,0A 0C 00,
7459,70E,27,0A FF 79,
7460,74A,35,00 7E 64 F5 FF 89 EF 00 58 E4 FF,
7461,74A,35,00 76 64 F5 FF 89 EF 00 58 E4 FF,
7462,74A,35,00 7E 64 F5 FF 89 6F 01 58 E4 FF,
7463,74A,35,00 CE 60 F5 FF 89 EF 00 58 E4 FF,
7464,74A,35,FF 7E 64 F5 FF 89 EF 00 58 E4 FF,
7465,74A,35,00 7E 64 0A 00 89 EF 00 58 E4 FF,
7466,74A,35,FF 7E 64 0A FF 89 EF 00 A7 1B FF,
7467,74A,35,00 7E 64 F5 FF 89 EF 01 58 E4 FF,
7468,74A,35,00 7E 64 F6 00 89 EF 00 58 E4 FF,
7469,74A,35,00 7F 65 F5 00 89 EF 01 58 E4 FF,
7470,74A,35,00 7E 63 F5 FF 89 EF 00 58 E4 FF,
7471,74A,35,00 7E 63 F4 FF 89 EF 00 58 E4 FF,
7472,74A,35,FF 7D 64 F4 FF 89 EE 00 58 E4 FF,
7473,74A,35,00 7E 64 F5 FF 00 EF 00 58 E4 FF,
7474,70E,27,4C AD,
7475,70E,27,4C A9,
7476,70E,27,8C AD,
7477,70E,27,69 2D,
7478,70E,27,4C 52,
7479,70E,27,B3 52,
7480,70E,27,4C AE,
7481,70E,27,4D AE,
7482,70E,27,4E AF,
7483,70E,27,4C AC,
7484,70E,27,4B AC,
7485,70E,27,4A AB,
7486,70E,27,4C 00,
7487,70E,27,FF AD,
7488,74A,35,DC AD CD D6 F7 FF,
7489,74A,35,DC AD CD D6 F7 DF,
7490,74A,35,DC AD CD CE F7 FF,
7491,74A,35,DC AD CD 40 F7 FF,
7492,74A,35,DC AD CD D6 F7 00,
7493,74A,35,DC 52 32 D6 F7 FF,
7494,74A,35,DC AD CD 29 F7 00,
7495,74A,35,DC AD CE D6 F7 FF,
7496,74A,35,DD AD CD D6 F7 00,
7497,74A,35,DE AE CD D7 F7 FF,
7498,74A,35,DB AD CD D6 F7 FF,
7499,74A,35,DC AD CD D5 F6 FF,
7500,74A,35,DA AC CD D5 F7 FF,
7501,74A,35,00 AD CD D6 F7 FF,
7502,74A,35,DC AD CD D6 FF FF,
7503,70E,27,55 00 FF,
7504,70E,27,55 00 F7,
7505,70E,27,55 00 3F,
7506,70E,27,55 00 69,
7507,70E,27,AA 00 FF,
7508,70E,27,55 FF 00,
7509,70E,27,AA 00 00,
7510,70E,27,55 01 FF,
7511,70E,27,55 01 00,
7512,70E,27,56 00 02,
7513,70E,27,54 00 FF,
7514,70E,27,54 FF FF,
7515,70E,27,52 FF FF,
7516,70E,27,55 00 00,
7517,74A,35,43 08 AC 71 96 5A 01 29 09 FF,
7518,74A,35,43 08 AC 71 96 5A 01 39 09 FF,
7519,74A,35,43 08 AC 71 96 5A 01 29 39 FF,
7520,74A,35,43 08 AC C1 92 5A 01 29 09 FF,
7521,74A,35,43 08 AC 71 69 5A 01 29 09 FF,
7522,74A,35,43 08 AC 71 69 A5 01 29 09 FF,
7523,74A,35,43 F7 53 71 69 5A 01 D6 09 FF,
7524,74A,35,43 08 AC 71 96 5B 01 29 09 FF,
7525,74A,35,43 08 AC 71 96 5A 01 29 0A 00,
7526,74A,35,43 08 AC 72 97 5A 02 29 09 00,
7527,74A,35,43 08 AB 71 96 5A 01 29 09 FF,
7528,74A,35,43 08 AC 71 95 59 01 29 09 FF,
7529,74A,35,43 08 AB 71 96 5A 00 28 09 FE,
7530,74A,35,43 08 AC 71 00 5A 01 29 09 FF,
7531,74A,35,43 08 AC 71 96 5A 01 FF 09 FF,
7532,70E,27,5B 28 5F B2,
7533,70E,27,59 28 5F B2,
7534,70E,27,5B 28 3F B2,
7535,70E,27,5B 28 DF 97,
7536,70E,27,5B 28 5F 4D,
7537,70E,27,5B 28 A0 4D,
7538,70E,27,A4 D7 A0 4D,
7539,70E,27,5B 29 5F B2,
7540,70E,27,5B 28 60 B3,
7541,70E,27,5C 29 60 B3,
7542,70E,27,5A 28 5F B2,
7543,70E,27,5B 27 5E B2,
7544,70E,27,5A 27 5E B1,
7545,70E,27,5B 28 00 B2,
7546,70E,27,5B 28 5F FF,
7547,74A,35,41 C3 CD 0A 01 00,
7548,74A,35,41 C7 CD 0A 01 00,
7549,74A,35,71 C3 CD 0A 01 00,
7550,74A,35,41 C3 E1 0B 01 00,
7551,74A,35,41 C3 32 0A 01 00,
7552,74A,35,BE 3C CD 0A 01 00,
7553,74A,35,41 3C CD F5 01 00,
7554,74A,35,41 C3 CD 0B 01 00,
7555,74A,35,42 C3 CD 0A 01 01,
7556,74A,35,41 C4 CD 0A 03 01,
7557,74A,35,40 C3 CD 0A 01 00,
7558,74A,35,41 C3 CD 0A 00 FF,
7559,74A,35,41 C2 CD 0A FF FF,
7560,74A,35,41 C3 CD 0A 01 FF,
7561,70E,27,FE 00 20 0C F8 52,
7562,70E,27,FE 00 20 0C F8 42,
7563,70E,27,FE 00 A0 0D F8 52,
7564,70E,27,D2 01 20 0C F8 52,
7565,70E,27,FE 00 20 F3 F8 52,
7566,70E,27,FE 00 DF F3 F8 52,
7567,70E,27,FE 00 20 F3 F8 AD,
7568,70E,27,FE 01 20 0C F8 52,
7569,70E,27,FE 00 20 0C F9 53,
7570,70E,27,00 01 20 0D F8 52,
7571,70E,27,FE 00 20 0C F7 52,
7572,70E,27,FE FF 1F 0C F8 52,
7573,70E,27,FE FF 20 0C F6 51,
7574,70E,27,FE 00 00 0C F8 52,
7575,70E,27,FE 00 20 FF F8 52,
7576,74A,35,04 FE 02 00 00,
7577,74A,35,04 FE 02 00 80,
7578,74A,35,04 FE 02 00 0C,
7579,74A,35,04 4E 06 00 00,
7580,74A,35,FB FE 02 00 00,
7581,74A,35,04 01 FD 00 00,
7582,74A,35,04 01 02 00 FF,
7583,74A,35,04 FE 03 00 00,
7584,74A,35,04 FE 02 01 01,
7585,74A,35,05 00 02 01 00,
7586,74A,35,04 FD 02 00 00,
7587,74A,35,04 FE 02 FF FF,
7588,74A,35,04 FD 00 00 FF,
7589,74A,35,04 00 02 00 00,
7590,74A,35,04 FE 02 00 FF,
7591,70E,27,75 FD 51 DD 13,
7592,70E,27,75 FD 51 FD 13,
7593,70E,27,45 FD 51 DD 13,
7594,70E,27,75 7D 74 DD 13,
7595,70E,27,8A FD 51 DD 13,
7596,70E,27,75 FD AE 22 13,
7597,70E,27,75 FD AE DD EC,
7598,70E,27,75 FE 51 DD 13,
7599,70E,27,75 FD 51 DE 14,
7600,70E,27,75 FE 53 DD 14,
7601,70E,27,74 FD 51 DD 13,
7602,70E,27,75 FC 50 DD 13,
7603,70E,27,75 FC 4F DD 12,
7604,70E,27,75 FD 51 00 13,
7605,70E,27,75 FD 51 FF 13,
7606,74A,34,26,
7607,74A,34,A6,
7608,74A,34,E6,
7609,74A,34,F4,
7610,74A,34,D9,
7611,74A,34,27,
7612,74A,34,28,
7613,74A,34,2A,
7614,74A,34,25,
7615,74A,34,24,
7616,74A,34,22,
7617,70E,27,F0 CB E7 A3 30 E1 6A 18 EF 00,
7618,70E,27,F0 DB E7 A3 30 E1 6A 18 EF 00,
7619,70E,27,C0 CB E7 A3 30 E1 6A 18 EF 00,
7620,70E,27,F0 CB E7 C3 39 E1 6A 18 EF 00,
7621,70E,27,F0 CB 18 A3 30 E1 6A 18 EF 00,
7622,70E,27,F0 CB E7 5C CF E1 6A 18 EF 00,
7623,70E,27,0F CB E7 5C 30 E1 6A E7 10 00,
7624,70E,27,F0 CB E7 A3 30 E1 6B 18 EF 00,
7625,70E,27,F0 CB E7 A3 31 E2 6A 18 EF 00,
7626,70E,27,F1 CB E7 A4 30 E1 6A 19 F0 00,
7627,70E,27,F0 CB E7 A3 30 E1 69 18 EF 00,
7628,70E,27,F0 CB E7 A3 30 E1 6A 17 EE 00,
7629,70E,27,F0 CA E7 A3 2F E1 6A 18 EE FF,
7630,70E,27,F0 CB 00 A3 30 E1 6A 18 EF 00,
7631,70E,27,F0 CB FF A3 30 E1 6A 18 EF 00,
7632,74A,34,00 FE 38 FF FC,
7633,74A,34,00 FE 78 FF FC,
7634,74A,34,00 FE 20 FF FC,
7635,74A,34,00 FE 38 B4 FC,
7636,74A,34,FF FE 38 FF FC,
7637,74A,34,FF 01 38 FF FC,
7638,74A,34,FF FE C7 FF FC,
7639,74A,34,00 FE 38 FF FD,
7640,74A,34,01 FF 38 FF FC,
7641,74A,34,01 FE 39 01 FC,
7642,74A,34,00 FD 38 FF FC,
7643,74A,34,00 FD 37 FF FC,
7644,74A,34,FF FC 38 FE FC,
7645,74A,34,00 FE FF FF FC,
7646,70E,27,FF C4 10 64,
7647,70E,27,FB C4 10 64,
7648,70E,27,FF C4 10 04,
7649,70E,27,FD C4 10 3C,
7650,70E,27,FF 3B 10 64,
7651,70E,27,00 3B 10 64,
7652,70E,27,00 3B EF 9B,
7653,70E,27,FF C4 11 64,
7654,70E,27,FF C5 11 64,
7655,70E,27,00 C5 11 65,
7656,70E,27,FF C3 10 64,
7657,70E,27,FF C3 0F 64,
7658,70E,27,FE C3 0F 63,
7659,70E,27,FF C4 10 00,
7660,70E,27,FF C4 FF 64,
7661,74A,34,3A 58 D3,
7662,74A,34,3A 58 53,
7663,74A,34,5A 58 D3,
7664,74A,34,28 58 13,
7665,74A,34,C5 58 D3,
7666,74A,34,C5 58 2C,
7667,74A,34,C5 A7 D3,
7668,74A,34,3B 58 D3,
7669,74A,34,3A 59 D4,
7670,74A,34,3A 5B D4,
7671,74A,34,3A 57 D3,
7672,74A,34,39 58 D2,
7673,74A,34,3A 55 D2,
7674,74A,34,3A 58 00,
7675,74A,34,3A 58 FF,
7676,70E,27,FF 19 4C 5D 91 1B 2B 6C 11 00,
7677,70E,27,FF 19 4C 5D 91 1B 0B 6C 11 00,
7678,70E,27,FF 19 4C 5D 91 1B 2B 6C 12 00,
7679,70E,27,FF 19 4C 5D 91 1B 07 6D 11 00,
7680,70E,27,FF E6 4C 5D 91 1B 2B 6C 11 00,
7681,70E,27,FF 19 4C A2 6E 1B 2B 6C 11 00,
7682,70E,27,00 19 4C A2 91 1B 2B 93 EE 00,
7683,70E,27,FF 19 4C 5D 91 1B 2B 6D 11 00,
7684,70E,27,FF 19 4C 5D 91 1B 2C 6D 11 00,
7685,70E,27,FF 19 4D 5E 91 1C 2B 6C 12 00,
7686,70E,27,FF 19 4C 5D 91 1B 2A 6C 11 00,
7687,70E,27,FF 19 4C 5D 91 1B 2B 6C 10 FF,
7688,70E,27,FF 19 4B 5C 91 1A 2B 6C 10 00,
7689,70E,27,FF 19 4C 5D 00 1B 2B 6C 11 00,
7690,70E,27,FF 19 4C 5D FF 1B 2B 6C 11 00,
7691,74A,34,23 57,
7692,74A,34,33 57,
7693,74A,34,23 67,
7694,74A,34,22 7B,
7695,74A,34,DC 57,
7696,74A,34,DC A8,
7697,74A,34,24 57,
7698,74A,34,24 58,
7699,74A,34,25 59,
7700,74A,34,23 56,
7701,74A,34,22 56,
7702,74A,34,21 55,
7703,74A,34,23 00,
7704,74A,34,FF 57,
7705,70E,27,C0 95 64 DE 00 EC EE F3,
7706,70E,27,C0 95 64 DE 00 EC EE E3,
7707,70E,27,C0 95 64 DE 00 EC 8E F3,
7708,70E,27,C0 95 64 DE 00 EC 5E F7,
7709,70E,27,C0 95 64 DE FF EC EE F3,
7710,70E,27,C0 95 9B 21 00 EC EE F3,
7711,70E,27,3F 95 9B DE 00 13 EE 0C,
7712,70E,27,C1 95 64 DE 00 EC EE F3,
7713,70E,27,C1 95 64 DE 00 EC EE F4,
7714,70E,27,C0 95 65 DE 01 ED EE F4,
7715,70E,27,C0 94 64 DE 00 EC EE F3,
7716,70E,27,C0 95 64 DE 00 EC ED F2,
7717,70E,27,BF 95 63 DE 00 EB EE F2,
7718,70E,27,C0 95 64 00 00 EC EE F3,
7719,70E,27,C0 95 64 DE 00 FF EE F3,
7720,74A,34,26 FF,
7721,74A,34,26 FB,
7722,74A,34,26 CF,
7723,74A,34,B0 FF,
7724,74A,34,D9 FF,
7725,74A,34,D9 00,
7726,74A,34,27 FF,
7727,74A,34,27 00,
7728,74A,34,28 01,
7729,74A,34,25 FF,
7730,74A,34,25 FE,
7731,74A,34,24 FD,
7732,74A,34,00 FF,
7733,74A,34,FF FF,
7734,70E,27,DC 00 FF 00 12 8D 33 E4,
7735,70E,27,DC 01 FF 00 12 8D 33 E4,
7736,70E,27,DC 00 FF 30 12 8D 33 E4,
7737,70E,27,DC 00 4F 04 12 8D 33 E4,
7738,70E,27,DC FF FF 00 12 8D 33 E4,
7739,70E,27,23 FF FF 00 12 8D 33 E4,
7740,70E,27,23 FF FF FF 12 8D CC E4,
7741,70E,27,DD 00 FF 00 12 8D 33 E4,
7742,70E,27,DD 01 FF 00 12 8D 33 E4,
7743,70E,27,DD 01 FF 01 12 8D 34 E4,
7744,70E,27,DC 00 FE 00 12 8D 33 E4,
7745,70E,27,DC FF FE 00 12 8D 33 E4,
7746,70E,27,DB 00 FE 00 12 8C 33 E3,
7747,70E,27,DC 00 00 00 12 8D 33 E4,
7748,74A,34,90 F5 00,
7749,74A,34,90 F4 00,
7750,74A,34,93 F5 00,
7751,74A,34,90 63 00,
7752,74A,34,90 0A 00,
7753,74A,34,6F 0A 00,
7754,74A,34,90 0A FF,
7755,74A,34,91 F5 00,
7756,74A,34,91 F6 00,
7757,74A,34,91 F5 03,
7758,74A,34,8F F5 FF,
7759,74A,34,8D F4 00,
7760,74A,34,90 00 00,
7761,74A,34,90 FF 00,
7762,70E,27,A5 00 00 FF 0B 34 E5,
7763,70E,27,A5 00 00 FF 1B 34 E5,
7764,70E,27,A5 00 06 FF 0B 34 E5,
7765,70E,27,A5 00 58 FD 0B 34 E5,
7766,70E,27,A5 00 FF FF 0B 34 E5,
7767,70E,27,5A FF 00 FF 0B 34 E5,
7768,70E,27,5A FF 00 00 0B 34 1A,
7769,70E,27,A5 00 00 FF 0B 34 E6,
7770,70E,27,A5 00 01 00 0B 34 E5,
7771,70E,27,A6 01 00 00 0B 34 E6,
7772,70E,27,A5 00 00 FF 0A 33 E5,
7773,70E,27,A5 FF FF FE 0B 33 E5,
7774,70E,27,A5 00 00 FF 0B 34 00,
7775,70E,27,FF 00 00 FF 0B 34 E5,
7776,74A,34,FF E6 98,
7777,74A,34,FF 66 98,
7778,74A,34,F9 E6 98,
7779,74A,34,FF 56 9C,
7780,74A,34,00 E6 98,
7781,74A,34,00 19 98,
7782,74A,34,00 E6 99,
7783,74A,34,00 E6 9B,
7784,74A,34,FE E6 98,
7785,74A,34,FE E6 97,
7786,74A,34,FE E6 95,
7787,74A,34,FF E6 FF,
7788,70E,22,81 01 2D,
7789,70E,22,81 09 2D,
7790,70E,22,82 01 2D,
7791,70E,22,81 59 2F,
7792,70E,22,7E 01 2D,
7793,70E,22,81 FE D2,
7794,70E,22,82 01 2E,
7795,70E,22,84 02 2D,
7796,70E,22,80 01 2D,
7797,70E,22,81 00 2C,
7798,70E,22,7E 00 2D,
7799,70E,22,00 01 2D,
7800,70E,22,FF 01 2D,
7801,74A,34,3C E3 E9 0D 58 67 33 C3 D3,
7802,74A,34,3C E3 E9 0D 58 27 33 C3 D3,
7803,74A,34,3C E3 E9 0D 58 67 3F C3 D3,
7804,74A,34,3C E3 E9 0D 58 A7 21 C3 D3,
7805,74A,34,3C E3 16 0D 58 67 33 C3 D3,
7806,74A,34,3C E3 16 F2 58 67 33 C3 D3,
7807,74A,34,C3 E3 E9 F2 A7 67 CC C3 D3,
7808,74A,34,3C E3 E9 0E 58 67 33 C3 D3,
7809,74A,34,3C E3 E9 0D 58 67 34 C4 D3,
7810,74A,34,3C E3 EA 0D 58 68 34 C3 D4,
7811,74A,34,3C E3 E9 0D 58 67 33 C3 D2,
7812,74A,34,3C E3 E9 0D 57 66 33 C3 D3,
7813,74A,34,3C E3 E8 0D 58 66 32 C3 D2,
7814,74A,34,3C E3 E9 0D 58 00 33 C3 D3,
7815,74A,34,3C E3 FF 0D 58 67 33 C3 D3,
7816,70E,22,43 02 1A,
7817,70E,22,43 02 5A,
7818,70E,22,43 32 1A,
7819,70E,22,42 02 36,
7820,70E,22,43 02 E5,
7821,70E,22,BC FD 1A,
7822,70E,22,BC 02 E5,
7823,70E,22,43 02 1B,
7824,70E,22,44 03 1A,
7825,70E,22,46 03 1A,
7826,70E,22,43 01 1A,
7827,70E,22,43 01 19,
7828,70E,22,40 01 1A,
7829,70E,22,00 02 1A,
7830,70E,22,43 02 FF,
7831,74A,31,03 16 24 9E 1E 00 F4 CD FF,
7832,74A,31,03 1E 24 9E 1E 00 F4 CD FF,
7833,74A,31,03 16 24 9E 2E 00 F4 CD FF,
7834,74A,31,03 16 24 9E 9E 25 F4 CD FF,
7835,74A,31,03 E9 24 9E 1E 00 F4 CD FF,
7836,74A,31,FC E9 24 9E 1E 00 F4 CD FF,
7837,74A,31,03 E9 24 9E E1 00 F4 32 00,
7838,74A,31,03 16 25 9E 1E 00 F4 CD FF,
7839,74A,31,03 16 24 9E 1E 00 F4 CE 00,
7840,74A,31,03 16 25 9F 1E 01 F4 CD 00,
7841,74A,31,03 16 24 9E 1E 00 F4 CD FE,
7842,74A,31,02 16 24 9E 1E 00 F4 CD FE,
7843,74A,31,02 16 24 9D 1E 00 F3 CC FF,
7844,74A,31,00 16 24 9E 1E 00 F4 CD FF,
7845,74A,31,03 16 24 FF 1E 00 F4 CD FF,
7846,70E,22,00 00 B0 43 06 76,
7847,70E,22,00 00 B0 43 06 7E,
7848,70E,22,18 00 B0 43 06 76,
7849,70E,22,09 00 B0 43 06 16,
7850,70E,22,00 00 B0 43 F9 76,
7851,70E,22,FF 00 B0 43 06 89,
7852,70E,22,FF 00 B0 43 F9 76,
7853,70E,22,00 01 B0 43 06 76,
7854,70E,22,00 00 B0 43 07 77,
7855,70E,22,00 02 B1 43 07 76,
7856,70E,22,00 FF B0 43 06 76,
7857,70E,22,FF FF B0 43 06 76,
7858,70E,22,FE FF B0 42 06 76,
7859,70E,22,00 00 B0 43 00 76,
7860,70E,22,00 00 B0 FF 06 76,
7861,74A,31,20 AA FF 29 21 C2 AC 3B,
7862,74A,31,20 AA FF 29 21 CA AC 3B,
7863,74A,31,20 AA FF 29 21 C1 AC 3B,
7864,74A,31,20 AA FF 29 79 C0 AC 3B,
7865,74A,31,20 AA FF 29 DE C2 AC 3B,
7866,74A,31,20 AA FF 29 DE 3D AC 3B,
7867,74A,31,DF AA FF D6 21 3D 53 3B,
7868,74A,31,21 AA FF 29 21 C2 AC 3B,
7869,74A,31,20 AB 00 29 21 C2 AC 3B,
7870,74A,31,21 AA 00 29 21 C3 AC 3C,
7871,74A,31,20 A9 FE 29 21 C2 AC 3B,
7872,74A,31,1F A9 FF 28 21 C2 AB 3B,
7873,74A,31,20 AA FF 29 21 C2 00 3B,
7874,74A,31,20 FF FF 29 21 C2 AC 3B,
7875,70E,22,00 04 D2 FF EC 37 C7,
7876,70E,22,00 04 D2 FF EC 27 C7,
7877,70E,22,00 04 52 FE EC 37 C7,
7878,70E,22,25 04 D2 FF EC 37 47,
7879,70E,22,00 04 D2 FF EC 37 38,
7880,70E,22,00 04 D2 FF 13 C8 C7,
7881,70E,22,FF 04 2D FF EC C8 38,
7882,70E,22,00 04 D2 00 EC 37 C7,
7883,70E,22,00 04 D2 FF ED 38 C7,
7884,70E,22,01 04 D2 00 ED 38 C7,
7885,70E,22,00 03 D2 FF EC 37 C7,
7886,70E,22,00 04 D2 FE EB 37 C7,
7887,70E,22,00 03 D1 FE EC 36 C7,
7888,70E,22,00 00 D2 FF EC 37 C7,
7889,70E,22,00 04 FF FF EC 37 C7,
7890,74A,31,E6 60 90 FF,
7891,74A,31,E4 60 90 FF,
7892,74A,31,E6 60 90 F9,
7893,74A,31,E6 60 BC FE,
7894,74A,31,E6 60 90 00,
7895,74A,31,E6 9F 6F FF,
7896,74A,31,19 9F 6F 00,
7897,74A,31,E6 60 91 FF,
7898,74A,31,E6 60 91 00,
7899,74A,31,E7 61 91 00,
7900,74A,31,E6 5F 90 FF,
7901,74A,31,E6 60 8F FE,
7902,74A,31,E5 5F 8F FE,
7903,74A,31,E6 60 00 FF,
7904,74A,31,FF 60 90 FF,
7905,70E,22,9E 7B 6C,
7906,70E,22,9A 7B 6C,
7907,70E,22,5E 7B 6C,
7908,70E,22,FE 72 6C,
7909,70E,22,9E 84 6C,
7910,70E,22,61 84 6C,
7911,70E,22,9F 7B 6C,
7912,70E,22,9F 7B 6D,
7913,70E,22,A1 7C 6C,
7914,70E,22,9E 7A 6C,
7915,70E,22,9E 7A 6B,
7916,70E,22,9D 7B 69,
7917,70E,22,00 7B 6C,
7918,70E,22,9E 7B FF,
7919,74A,31,6D,
7920,74A,31,7D,
7921,74A,31,6E,
7922,74A,31,FB,
7923,74A,31,92,
7924,74A,31,6F,
7925,74A,31,71,
7926,74A,31,6C,
7927,74A,31,6B,
7928,74A,31,69,
7929,70E,22,0F,
7930,70E,22,0D,
7931,70E,22,0C,
7932,70E,22,AA,
7933,70E,22,F0,
7934,70E,22,10,
7935,70E,22,11,
7936,70E,22,13,
7937,70E,22,0E,
7938,70E,22,0B,
7939,74A,31,5F CB 5E,
7940,74A,31,5D CB 5E,
7941,74A,31,5F CB 9E,
7942,74A,31,3F C2 5E,
7943,74A,31,5F 34 5E,
7944,74A,31,5F 34 A1,
7945,74A,31,A0 34 5E,
7946,74A,31,5F CB 5F,
7947,74A,31,60 CB 5F,
7948,74A,31,5F CE 5F,
7949,74A,31,5F CB 5D,
7950,74A,31,5F CA 5D,
7951,74A,31,5E CB 5B,
7952,74A,31,5F CB 00,
7953,74A,31,5F FF 5E,
7954,70E,22,7F B2 D9 AA,
7955,70E,22,7D B2 D9 AA,
7956,70E,22,79 B2 D9 AA,
7957,70E,22,7F B2 D9 E1,
7958,70E,22,80 B2 D9 AA,
7959,70E,22,80 B2 D9 55,
7960,70E,22,80 4D 26 55,
7961,70E,22,80 B3 D9 AA,
7962,70E,22,80 B3 DA AB,
7963,70E,22,7F B1 D9 AA,
7964,70E,22,7F B2 D8 A9,
7965,70E,22,7E B1 D8 A9,
7966,70E,22,7F B2 D9 00,
7967,70E,22,FF B2 D9 AA,
7968,74A,31,3F 6F,
7969,74A,31,3F 6E,
7970,74A,31,3F 6C,
7971,74A,31,67 6D,
7972,74A,31,C0 6F,
7973,74A,31,C0 90,
7974,74A,31,40 6F,
7975,74A,31,40 70,
7976,74A,31,41 71,
7977,74A,31,3E 6E,
7978,74A,31,3D 6D,
7979,74A,31,3F 00,
7980,74A,31,3F FF,
7981,74A,31,03 00 47 DB,
7982,74A,31,03 00 47 D9,
7983,74A,31,03 C0 47 DB,
7984,74A,31,B3 04 47 DB,
7985,74A,31,03 FF 47 DB,
7986,74A,31,FC FF 47 DB,
7987,74A,31,FC FF B8 24,
7988,74A,31,03 00 47 DC,
7989,74A,31,03 01 48 DB,
7990,74A,31,04 01 48 DC,
7991,74A,31,03 00 47 DA,
7992,74A,31,03 FF 46 DB,
7993,74A,31,02 FF 46 DA,
7994,74A,31,03 00 00 DB,
7995,74A,31,03 00 47 FF,
7996,70E,22,E8 7D AD 00,
7997,70E,22,E8 7D AD 02,
7998,70E,22,88 7D AD 00,
7999,70E,22,E8 7D 1D 04,
8000,70E,22,E8 7D AD FF,
8001,70E,22,17 7D AD FF,
8002,70E,22,17 82 52 FF,
8003,70E,22,E8 7E AD 00,
8004,70E,22,E8 7D AE 01,
8005,70E,22,E9 7E AE 01,
8006,70E,22,E7 7D AD 00,
8007,70E,22,E8 7C AC 00,
8008,70E,22,E7 7C AC FF,
8009,70E,22,E8 FF AD 00,
8010,74A,31,A0,
8011,74A,31,A8,
8012,74A,31,05,
8013,74A,31,5F,
8014,74A,31,A1,
8015,74A,31,A2,
8016,74A,31,A4,
8017,74A,31,9F,
8018,74A,31,9E,
8019,74A,31,9C,
8020,70E,22,C0,
8021,70E,22,40,
8022,70E,22,A0,
8023,70E,22,8B,
8024,70E,22,3F,
8025,70E,22,C1,
8026,70E,22,C2,
8027,70E,22,BF,
8028,70E,22,BE,
8029,70E,22,BC,
8030,74A,2F,03 00 FA BB 2B F1,
8031,74A,2F,03 02 FA BB 2B F1,
8032,74A,2F,03 00 FA B8 2B F1,
8033,74A,2F,26 00 FA BB 2B 71,
8034,74A,2F,03 00 FA BB D4 F1,
8035,74A,2F,03 00 FA BB D4 0E,
8036,74A,2F,03 FF FA BB 2B 0E,
8037,74A,2F,03 01 FA BB 2B F1,
8038,74A,2F,04 01 FA BB 2B F1,
8039,74A,2F,04 00 FA BD 2C F1,
8040,74A,2F,03 FF FA BB 2B F1,
8041,74A,2F,03 00 F9 BA 2B F1,
8042,74A,2F,01 FF FA BA 2B F1,
8043,74A,2F,00 00 FA BB 2B F1,
8044,74A,2F,FF 00 FA BB 2B F1,
8045,70E,22,E5 2C,
8046,70E,22,E5 2E,
8047,70E,22,E5 1C,
8048,70E,22,C9 2D,
8049,70E,22,E5 D3,
8050,70E,22,1A D3,
8051,70E,22,E5 2D,
8052,70E,22,E6 2D,
8053,70E,22,E7 2E,
8054,70E,22,E4 2C,
8055,70E,22,E4 2B,
8056,70E,22,E3 2A,
8057,70E,22,E5 00,
8058,70E,22,FF 2C,
8059,74A,2F,FD FF 24 ED 03 78 FF 00,
8060,74A,2F,FD FF 24 ED 03 7A FF 00,
8061,74A,2F,FD FF 22 ED 03 78 FF 00,
8062,74A,2F,F4 FF 24 ED 03 78 FF 60,
8063,74A,2F,FD FF 24 ED 03 87 FF 00,
8064,74A,2F,FD FF 24 12 FC 78 FF 00,
8065,74A,2F,02 FF 24 12 03 87 00 00,
8066,74A,2F,FD FF 24 ED 03 78 FF 01,
8067,74A,2F,FE FF 24 ED 03 78 FF 01,
8068,74A,2F,FE 00 24 EE 03 78 00 00,
8069,74A,2F,FD FF 24 EC 03 78 FF 00,
8070,74A,2F,FC FF 24 ED 03 78 FF FF,
8071,74A,2F,FD FE 23 ED 02 78 FF FF,
8072,74A,2F,FD FF 24 ED 03 78 FF FF,
8073,70E,22,26 8D 98,
8074,70E,22,26 8D 9C,
8075,70E,22,26 BD 98,
8076,70E,22,0A 8C 98,
8077,70E,22,D9 8D 98,
8078,70E,22,D9 8D 67,
8079,70E,22,26 8E 98,
8080,70E,22,27 8D 99,
8081,70E,22,26 90 99,
8082,70E,22,26 8C 98,
8083,70E,22,26 8C 97,
8084,70E,22,26 8A 97,
8085,70E,22,00 8D 98,
8086,70E,22,26 8D FF,
8087,74A,2F,00 0E,
8088,74A,2F,00 06,
8089,74A,2F,00 CE,
8090,74A,2F,C0 1C,
8091,74A,2F,FF 0E,
8092,74A,2F,FF F1,
8093,74A,2F,01 0E,
8094,74A,2F,01 0F,
8095,74A,2F,02 10,
8096,74A,2F,FF 0D,
8097,74A,2F,FE 0C,
8098,74A,2F,00 FF,
8099,70E,22,00 77 FF C0 0F,
8100,70E,22,00 77 FB C0 0F,
8101,70E,22,00 77 FF D8 0F,
8102,70E,22,00 77 FF C0 99,
8103,70E,22,00 88 FF C0 0F,
8104,70E,22,FF 77 FF C0 F0,
8105,70E,22,00 88 FF C0 F0,
8106,70E,22,00 77 FF C0 10,
8107,70E,22,01 77 FF C0 10,
8108,70E,22,02 77 00 C0 10,
8109,70E,22,00 77 FE C0 0F,
8110,70E,22,00 76 FE C0 0F,
8111,70E,22,FE 77 FE C0 0E,
8112,70E,22,00 77 00 C0 0F,
8113,70E,22,FF 77 FF C0 0F,
8114,74A,2F,FD 00 BF E0,
8115,74A,2F,DD 00 BF E0,
8116,74A,2F,FD 00 BF EC,
8117,74A,2F,7D 25 BF E0,
8118,74A,2F,FD 00 BF 1F,
8119,74A,2F,FD FF 40 E0,
8120,74A,2F,02 FF 40 1F,
8121,74A,2F,FD 00 C0 E0,
8122,74A,2F,FD 00 C0 E1,
8123,74A,2F,FE 01 C0 E1,
8124,74A,2F,FC 00 BF E0,
8125,74A,2F,FC 00 BF DF,
8126,74A,2F,FC FF BE DF,
8127,74A,2F,FF 00 BF E0,
8128,70E,22,D3 E7 7A EF,
8129,70E,22,D3 E7 6A EF,
8130,70E,22,D3 27 7A EF,
8131,70E,22,D3 E7 BA FD,
8132,70E,22,D3 E7 7A 10,
8133,70E,22,D3 E7 85 10,
8134,70E,22,2C 18 85 10,
8135,70E,22,D3 E7 7B EF,
8136,70E,22,D4 E8 7A EF,
8137,70E,22,D4 E8 7B F0,
8138,70E,22,D2 E7 7A EF,
8139,70E,22,D3 E7 79 EE,
8140,70E,22,D2 E6 79 EE,
8141,70E,22,D3 00 7A EF,
8142,70E,22,D3 FF 7A EF,
8143,70E,22,71 FF 00 81,
8144,70E,22,71 FF 00 C1,
8145,70E,22,71 FF 00 41,
8146,70E,22,71 B4 00 81,
8147,70E,22,8E FF 00 81,
8148,70E,22,71 FF FF 7E,
8149,70E,22,8E 00 FF 7E,
8150,70E,22,72 FF 00 81,
8151,70E,22,72 00 00 81,
8152,70E,22,72 00 01 82,
8153,70E,22,71 FF 00 80,
8154,70E,22,70 FF 00 80,
8155,70E,22,70 FE FF 80,
8156,70E,22,71 FF FF 81,
8157,70E,22,99 00 FF C4,
8158,70E,22,99 00 F7 C4,
8159,70E,22,99 00 FF C2,
8160,70E,22,99 B0 FB C4,
8161,70E,22,99 00 00 C4,
8162,70E,22,66 FF FF C4,
8163,70E,22,66 FF 00 3B,
8164,70E,22,99 01 FF C4,
8165,70E,22,99 01 00 C4,
8166,70E,22,9A 01 00 C5,
8167,70E,22,99 00 FF C3,
8168,70E,22,99 00 FE C3,
8169,70E,22,98 FF FE C3,
8170,70E,22,99 FF FF C4,
8171,70E,19,11 00 E0 F9 DE FD,
8172,70E,19,11 00 E4 F9 DE FD,
8173,70E,19,11 00 E0 FF DE FD,
8174,70E,19,11 96 E0 F9 DE FD,
8175,70E,19,11 00 E0 06 DE FD,
8176,70E,19,EE FF E0 F9 DE FD,
8177,70E,19,11 00 1F F9 21 FD,
8178,70E,19,11 01 E0 F9 DE FD,
8179,70E,19,11 01 E1 F9 DE FD,
8180,70E,19,11 02 E1 F9 DF FD,
8181,70E,19,11 FF E0 F9 DE FD,
8182,70E,19,10 00 E0 F9 DE FC,
8183,70E,19,0F FF E0 F8 DE FD,
8184,70E,19,11 00 E0 F9 DE 00,
8185,74A,2F,00 FA FF 02,
8186,74A,2F,00 FA FB 02,
8187,74A,2F,00 FC FF 02,
8188,74A,2F,60 F3 FF 02,
8189,74A,2F,00 05 FF 02,
8190,74A,2F,00 FA 00 FD,
8191,74A,2F,FF 05 00 FD,
8192,74A,2F,00 FB FF 02,
8193,74A,2F,00 FA 00 03,
8194,74A,2F,01 FB 00 03,
8195,74A,2F,00 FA FE 02,
8196,74A,2F,FF FA FF 01,
8197,74A,2F,FF F9 FE 01,
8198,74A,2F,00 FA 00 02,
8199,74A,2F,00 FA FF FF,
8200,70E,19,ED 00 1E 44 DB FF,
8201,70E,19,ED 00 1E 40 DB FF,
8202,70E,19,ED 00 1E 44 D7 FF,
8203,70E,19,ED 80 3B 44 DB FF,
8204,70E,19,ED FF 1E 44 DB FF,
8205,70E,19,ED 00 1E 44 24 00,
8206,70E,19,ED FF 1E 44 DB 00,
8207,70E,19,ED 00 1F 44 DB FF,
8208,70E,19,ED 00 1E 45 DC FF,
8209,70E,19,EE 00 1E 46 DC FF,
8210,70E,19,ED 00 1E 44 DB FE,
8211,70E,19,ED 00 1E 43 DA FF,
8212,70E,19,EB FF 1E 43 DB FF,
8213,70E,19,ED 00 00 44 DB FF,
8214,74A,2E,FF 8F 96 00,
8215,74A,2E,FF 8F 96 80,
8216,74A,2E,FE 8F 96 80,
8217,74A,2E,FF 4F 84 00,
8218,74A,2E,FF 8F 96 FF,
8219,74A,2E,00 70 96 00,
8220,74A,2E,00 70 69 FF,
8221,74A,2E,FF 8F 96 01,
8222,74A,2E,FF 90 97 00,
8223,74A,2E,00 90 97 01,
8224,74A,2E,FF 8F 95 00,
8225,74A,2E,FE 8E 96 00,
8226,74A,2E,FE 8E 95 FF,
8227,74A,2E,FF 00 96 00,
8228,70E,19,31,
8229,70E,19,39,
8230,70E,19,51,
8231,70E,19,85,
8232,70E,19,CE,
8233,70E,19,32,
8234,70E,19,33,
8235,70E,19,35,
8236,70E,19,30,
8237,70E,19,2F,
8238,70E,19,2D,
8239,74A,2E,7C 7B 00 FF,
8240,74A,2E,7C 7F 00 FF,
8241,74A,2E,7D 7B 00 7F,
8242,74A,2E,7C 7B 80 DA,
8243,74A,2E,83 7B 00 FF,
8244,74A,2E,7C 84 FF FF,
8245,74A,2E,83 84 FF 00,
8246,74A,2E,7D 7B 00 FF,
8247,74A,2E,7C 7C 01 FF,
8248,74A,2E,7D 7C 01 00,
8249,74A,2E,7C 7A 00 FF,
8250,74A,2E,7C 7A FF FF,
8251,74A,2E,7B 7A FF FE,
8252,74A,2E,7C FF 00 FF,
8253,70E,19,BA 53 B3,
8254,70E,19,BA 5B B3,
8255,70E,19,BA 93 B3,
8256,70E,19,B3 53 D3,
8257,70E,19,BA AC B3,
8258,70E,19,45 53 4C,
8259,70E,19,BA AC 4C,
8260,70E,19,BA 53 B4,
8261,70E,19,BB 54 B3,
8262,70E,19,BB 53 B6,
8263,70E,19,BA 52 B3,
8264,70E,19,B9 53 B2,
8265,70E,19,BA 50 B2,
8266,70E,19,BA 00 B3,
8267,70E,19,BA FF B3,
8268,74A,2E,75 00 FF F3,
8269,74A,2E,75 00 FF 73,
8270,74A,2E,75 00 E7 F3,
8271,74A,2E,75 00 B4 F3,
8272,74A,2E,75 FF FF F3,
8273,74A,2E,75 FF 00 F3,
8274,74A,2E,8A FF 00 0C,
8275,74A,2E,76 00 FF F3,
8276,74A,2E,75 00 00 F4,
8277,74A,2E,76 01 00 F4,
8278,74A,2E,75 00 FF F2,
8279,74A,2E,75 00 FE F2,
8280,74A,2E,74 FF FE F2,
8281,70E,19,B7 00 74 0F C8 2E 00 57,
8282,70E,19,B7 00 74 0F C8 2A 00 57,
8283,70E,19,B7 00 74 0F C4 2E 00 57,
8284,70E,19,B7 00 74 0F C8 2E 80 72,
8285,70E,19,B7 00 74 0F 37 2E 00 57,
8286,70E,19,B7 FF 8B 0F C8 2E 00 57,
8287,70E,19,48 00 74 F0 C8 D1 FF 57,
8288,70E,19,B7 00 75 0F C8 2E 00 57,
8289,70E,19,B7 00 74 0F C8 2E 01 58,
8290,70E,19,B7 01 75 0F C9 2E 00 58,
8291,70E,19,B7 00 74 0E C8 2E 00 57,
8292,70E,19,B7 00 74 0E C7 2E 00 57,
8293,70E,19,B6 00 73 0E C8 2D 00 57,
8294,70E,19,B7 00 74 00 C8 2E 00 57,
8295,70E,19,B7 FF 74 0F C8 2E 00 57,
8296,74A,2E,73 01 A0 62 0F FF DC 38 36 D4,
8297,74A,2E,73 01 A0 62 0F FF D4 38 36 D4,
8298,74A,2E,73 01 A0 62 8F FE DC 38 36 D4,
8299,74A,2E,73 01 A0 3A 0D FF DC 38 36 D4,
8300,74A,2E,73 01 A0 62 0F FF DC 38 36 2B,
8301,74A,2E,73 01 A0 62 0F FF DC C7 C9 D4,
8302,74A,2E,73 FE A0 62 F0 FF DC 38 C9 2B,
8303,74A,2E,73 01 A1 62 0F FF DC 38 36 D4,
8304,74A,2E,74 01 A0 62 0F FF DC 38 36 D5,
8305,74A,2E,74 01 A0 62 10 00 DC 39 36 D4,
8306,74A,2E,73 01 A0 62 0E FF DC 38 36 D4,
8307,74A,2E,72 01 A0 62 0F FF DC 38 36 D3,
8308,74A,2E,73 00 A0 62 0F FE DB 38 35 D4,
8309,74A,2E,73 01 00 62 0F FF DC 38 36 D4,
8310,74A,2E,73 FF A0 62 0F FF DC 38 36 D4,
8311,70E,19,D1 47 AA A1 91,
8312,70E,19,D1 47 A8 A1 91,
8313,70E,19,D1 47 AA 21 90,
8314,70E,19,D8 47 AA A1 F1,
8315,70E,19,D1 47 AA A1 6E,
8316,70E,19,D1 47 55 5E 91,
8317,70E,19,2E 47 AA 5E 91,
8318,70E,19,D2 47 AA A1 91,
8319,70E,19,D1 48 AB A1 91,
8320,70E,19,D1 48 AC A1 92,
8321,70E,19,D1 47 AA A1 90,
8322,70E,19,D1 47 AA A0 90,
8323,70E,19,D1 46 AA A0 8F,
8324,70E,19,D1 47 AA 00 91,
8325,70E,19,D1 47 FF A1 91,
8326,74A,2E,2B 12 FA,
8327,74A,2E,AB 12 FA,
8328,74A,2E,2B 12 E2,
8329,74A,2E,2B 3E FB,
8330,74A,2E,2B 12 05,
8331,74A,2E,2B ED 05,
8332,74A,2E,D4 ED FA,
8333,74A,2E,2B 13 FA,
8334,74A,2E,2B 13 FB,
8335,74A,2E,2B 15 FB,
8336,74A,2E,2B 12 F9,
8337,74A,2E,2A 12 F9,
8338,74A,2E,2B 0F F9,
8339,74A,2E,00 12 FA,
8340,74A,2E,2B 12 FF,
8341,70E,19,FF 08,
8342,70E,19,FF 09,
8343,70E,19,F3 08,
8344,70E,19,F6 68,
8345,70E,19,FF F7,
8346,70E,19,00 F7,
8347,70E,19,00 08,
8348,70E,19,00 09,
8349,70E,19,01 0A,
8350,70E,19,FF 07,
8351,70E,19,FE 07,
8352,70E,19,FD 06,
8353,70E,19,FF 00,
8354,70E,19,FF FF,
8355,74A,2E,FF,
8356,74A,2E,FB,
8357,74A,2E,7E,
8358,74A,2E,B4,
8359,74A,2E,00,
8360,74A,2E,01,
8361,74A,2E,03,
8362,74A,2E,FE,
8363,74A,2E,FD,
8364,70E,19,E6,
8365,70E,19,E0,
8366,70E,19,8F,
8367,70E,19,19,
8368,70E,19,E4,
8369,70E,19,E2,
8370,74A,2E,26 1C 02 A1 F7,
8371,74A,2E,26 1C 22 A1 F7,
8372,74A,2E,26 2C 02 A1 F7,
8373,74A,2E,26 1C 02 8D F6,
8374,74A,2E,26 1C FD A1 F7,
8375,74A,2E,D9 1C 02 A1 08,
8376,74A,2E,26 1C FD A1 08,
8377,74A,2E,26 1C 02 A2 F7,
8378,74A,2E,26 1C 03 A2 F7,
8379,74A,2E,26 1D 04 A1 F8,
8380,74A,2E,26 1C 01 A1 F7,
8381,74A,2E,25 1B 02 A1 F7,
8382,74A,2E,25 1A 02 A0 F7,
8383,74A,2E,26 1C 02 A1 00,
8384,74A,2E,26 1C 02 FF F7,
8385,70E,19,19 1C 70 FF,
8386,70E,19,19 1C 30 FF,
8387,70E,19,19 9C 71 FF,
8388,70E,19,19 1C 3B FF,
8389,70E,19,E6 1C 70 FF,
8390,70E,19,19 1C 8F 00,
8391,70E,19,E6 E3 8F 00,
8392,70E,19,19 1D 70 FF,
8393,70E,19,1A 1D 70 FF,
8394,70E,19,1A 1D 71 00,
8395,70E,19,19 1C 6F FF,
8396,70E,19,18 1B 70 FF,
8397,70E,19,18 1B 6F FE,
8398,70E,19,19 00 70 FF,
8399,74A,2E,00 E8 FF EE F1,
8400,74A,2E,00 E8 FF EE 71,
8401,74A,2E,00 E8 FF 2E F1,
8402,74A,2E,00 E8 A7 EC F1,
8403,74A,2E,00 E8 00 EE F1,
8404,74A,2E,00 17 00 EE F1,
8405,74A,2E,FF E8 00 EE F1,
8406,74A,2E,01 E8 FF EE F1,
8407,74A,2E,01 E9 FF EE F1,
8408,74A,2E,01 E8 00 F0 F1,
8409,74A,2E,00 E8 FF EE F0,
8410,74A,2E,00 E7 FE EE F1,
8411,74A,2E,00 E7 FD EE F0,
8412,70E,19,7D 58,
8413,70E,19,5D 58,
8414,70E,19,7D 38,
8415,70E,19,6F 98,
8416,70E,19,7D A7,
8417,70E,19,82 A7,
8418,70E,19,7D 59,
8419,70E,19,7E 59,
8420,70E,19,7F 5A,
8421,70E,19,7C 58,
8422,70E,19,7C 57,
8423,70E,19,7B 56,
8424,70E,19,7D 00,
8425,70E,19,7D FF,
8426,74A,28,84 EF 11 D8,
8427,74A,28,8C EF 11 D8,
8428,74A,28,85 EF 11 58,
8429,74A,28,04 CA 11 D8,
8430,74A,28,84 10 11 D8,
8431,74A,28,7B 10 11 D8,
8432,74A,28,7B 10 EE 27,
8433,74A,28,85 EF 11 D8,
8434,74A,28,84 EF 12 D9,
8435,74A,28,85 F0 12 D9,
8436,74A,28,83 EF 11 D8,
8437,74A,28,83 EE 11 D8,
8438,74A,28,83 EE 10 D7,
8439,74A,28,84 EF 00 D8,
8440,74A,28,84 FF 11 D8,
8441,70E,19,2A,
8442,70E,19,3A,
8443,70E,19,F8,
8444,70E,19,D5,
8445,70E,19,2B,
8446,70E,19,2C,
8447,70E,19,2E,
8448,70E,19,29,
8449,70E,19,28,
8450,70E,19,26,
8451,74A,28,76,
8452,74A,28,74,
8453,74A,28,75,
8454,74A,28,2C,
8455,74A,28,89,
8456,74A,28,77,
8457,74A,28,78,
8458,74A,28,7A,
8459,74A,28,72,
8460,74A,28,4F 00 FF 7F,
8461,74A,28,0F 00 FF 7F,
8462,74A,28,43 00 FF 7F,
8463,74A,28,2F 09 FF 7F,
8464,74A,28,4F 00 00 7F,
8465,74A,28,B0 FF FF 7F,
8466,74A,28,B0 FF 00 80,
8467,74A,28,50 01 FF 7F,
8468,74A,28,50 01 00 80,
8469,74A,28,4E 00 FF 7F,
8470,74A,28,4E 00 FF 7E,
8471,74A,28,4E FF FE 7E,
8472,74A,28,00 00 FF 7F,
8473,70E,14,B0 B3 7B 41 00,
8474,70E,14,B0 B3 73 41 00,
8475,70E,14,B0 B3 7B 71 00,
8476,70E,14,B1 B3 7B 41 2C,
8477,70E,14,B0 B3 84 41 00,
8478,70E,14,4F B3 7B 41 FF,
8479,70E,14,B0 4C 7B BE 00,
8480,70E,14,B0 B3 7B 42 00,
8481,70E,14,B1 B3 7B 41 01,
8482,70E,14,B1 B3 7C 43 00,
8483,70E,14,AF B3 7B 41 00,
8484,70E,14,B0 B3 7A 40 00,
8485,70E,14,AF B3 7A 3F 00,
8486,70E,14,FF B3 7B 41 00,
8487,70E,14,16 43 FF,
8488,70E,14,16 03 FF,
8489,70E,14,16 45 FF,
8490,70E,14,17 43 D3,
8491,70E,14,16 BC FF,
8492,70E,14,E9 43 00,
8493,70E,14,16 43 00,
8494,70E,14,17 44 FF,
8495,70E,14,16 46 00,
8496,70E,14,16 43 FE,
8497,70E,14,16 42 FE,
8498,70E,14,15 43 FC,
8499,70E,14,16 FF FF,
8500,74A,28,00 FE 00 5E FF,
8501,74A,28,00 BE 00 5E FF,
8502,74A,28,00 FE 00 5D FF,
8503,74A,28,00 68 00 5E FF,
8504,74A,28,00 FE 00 5E 00,
8505,74A,28,00 FE FF A1 FF,
8506,74A,28,00 01 00 5E 00,
8507,74A,28,00 FF 00 5E FF,
8508,74A,28,01 FE 00 5E 00,
8509,74A,28,01 FE 01 60 FF,
8510,74A,28,00 FD FF 5E FF,
8511,74A,28,FF FC 00 5D FF,
8512,74A,28,00 FE 00 FF FF,
8513,70E,14,58 FF 41 41 1F 75 B4 FD,
8514,70E,14,58 FF 43 41 1F 75 B4 FD,
8515,70E,14,58 FF 41 42 1F 75 B4 FD,
8516,70E,14,58 FF 41 41 1F 15 BD FD,
8517,70E,14,58 FF 41 41 1F 75 B4 02,
8518,70E,14,58 FF 41 41 1F 75 4B 02,
8519,70E,14,A7 FF BE BE 1F 8A B4 FD,
8520,70E,14,58 FF 41 41 1F 76 B5 FD,
8521,70E,14,59 FF 41 42 1F 76 B5 FD,
8522,70E,14,58 FF 40 41 1F 75 B4 FD,
8523,70E,14,57 FF 41 41 1F 75 B4 FC,
8524,70E,14,57 FF 40 41 1F 74 B4 FC,
8525,70E,14,58 FF 41 41 1F 75 00 FD,
8526,70E,14,58 FF FF 41 1F 75 B4 FD,
8527,74A,28,3F FD B0 40 00 8A 67,
8528,74A,28,3F FD B0 40 00 8A 6F,
8529,74A,28,3F FD B0 40 00 8A 57,
8530,74A,28,74 FD B0 40 00 8A 67,
8531,74A,28,3F 02 B0 40 00 8A 67,
8532,74A,28,3F FD 4F BF 00 8A 67,
8533,74A,28,C0 FD 4F 40 00 75 98,
8534,74A,28,3F FD B1 40 00 8A 67,
8535,74A,28,3F FD B0 41 01 8A 67,
8536,74A,28,3F FD B1 41 01 8A 68,
8537,74A,28,3F FD B0 40 00 8A 66,
8538,74A,28,3E FD B0 40 00 8A 66,
8539,74A,28,3E FC AF 40 FF 8A 67,
8540,74A,28,3F FD B0 40 FF 8A 67,
8541,70E,14,FF 5B BD E1 76 23 00,
8542,70E,14,FF 5B BD E1 72 23 00,
8543,70E,14,FF 5B BD E1 76 2F 00,
8544,70E,14,FF 5B DD E8 76 23 00,
8545,70E,14,00 5B BD E1 76 23 00,
8546,70E,14,FF 5B BD E1 76 DC FF,
8547,70E,14,FF A4 42 1E 76 DC 00,
8548,70E,14,FF 5B BE E1 76 23 00,
8549,70E,14,00 5C BD E1 76 23 00,
8550,70E,14,00 5C BD E2 76 23 01,
8551,70E,14,FE 5B BD E1 76 23 00,
8552,70E,14,FF 5B BD E1 75 22 00,
8553,70E,14,FF 5A BD E1 75 22 FF,
8554,70E,14,FF FF BD E1 76 23 00,
8555,74A,27,52 36 A9 FF,
8556,74A,27,52 36 89 FF,
8557,74A,27,53 36 A9 7F,
8558,74A,27,40 36 A9 3F,
8559,74A,27,52 C9 A9 FF,
8560,74A,27,52 C9 56 FF,
8561,74A,27,AD C9 56 00,
8562,74A,27,52 37 A9 FF,
8563,74A,27,53 37 A9 FF,
8564,74A,27,53 37 AA 00,
8565,74A,27,52 36 A9 FE,
8566,74A,27,51 35 A9 FF,
8567,74A,27,51 35 A8 FE,
8568,74A,27,00 36 A9 FF,
8569,74A,27,52 FF A9 FF,
8570,70E,14,6F 9B 21 1B 14 1F,
8571,70E,14,6F 9B 21 1B 10 1F,
8572,70E,14,6F FB 21 1B 14 1F,
8573,70E,14,4A 9B 21 1B 14 9F,
8574,70E,14,6F 9B 21 E4 14 1F,
8575,70E,14,90 64 21 1B 14 1F,
8576,70E,14,6F 9B DE 1B EB 1F,
8577,70E,14,6F 9B 21 1B 15 1F,
8578,70E,14,6F 9B 21 1B 15 20,
8579,70E,14,70 9B 21 1D 15 1F,
8580,70E,14,6F 9A 21 1B 14 1F,
8581,70E,14,6F 9B 20 1A 14 1F,
8582,70E,14,6E 9B 21 19 13 1F,
8583,70E,14,00 9B 21 1B 14 1F,
8584,70E,14,6F 9B 21 1B FF 1F,
8585,74A,27,AD FF 56 E8 00,
8586,74A,27,BD FF 56 E8 00,
8587,74A,27,AD FF D6 E9 00,
8588,74A,27,AD FF 96 FA 00,
8589,74A,27,AD FF 56 E8 FF,
8590,74A,27,52 FF 56 E8 FF,
8591,74A,27,52 FF 56 17 00,
8592,74A,27,AD FF 56 E8 01,
8593,74A,27,AE FF 56 E8 01,
8594,74A,27,AE 01 56 E9 00,
8595,74A,27,AD FF 55 E8 00,
8596,74A,27,AC FF 56 E8 FF,
8597,74A,27,AC FF 55 E6 00,
8598,74A,27,AD 00 56 E8 00,
8599,70E,14,17 00 0F,
8600,70E,14,17 00 2F,
8601,70E,14,17 00 0C,
8602,70E,14,16 00 23,
8603,70E,14,17 00 F0,
8604,70E,14,E8 00 F0,
8605,70E,14,17 01 0F,
8606,70E,14,18 01 0F,
8607,70E,14,1A 01 0F,
8608,70E,14,17 00 0E,
8609,70E,14,16 00 0E,
8610,70E,14,14 FF 0F,
8611,70E,14,17 00 00,
8612,70E,14,FF 00 0F,
8613,74A,27,BD A1 62 CE 67,
8614,74A,27,3D A1 62 CE 67,
8615,74A,27,BC A1 62 CE E7,
8616,74A,27,BD C1 6B CE 67,
8617,74A,27,BD 5E 62 CE 67,
8618,74A,27,42 5E 62 CE 67,
8619,74A,27,42 A1 62 31 67,
8620,74A,27,BE A1 62 CE 67,
8621,74A,27,BE A2 62 CE 67,
8622,74A,27,BF A1 63 CE 68,
8623,74A,27,BD A0 62 CE 67,
8624,74A,27,BC A0 62 CE 67,
8625,74A,27,BB A1 61 CE 66,
8626,74A,27,BD A1 00 CE 67,
8627,74A,27,BD A1 62 FF 67,
8628,70E,14,A8 83 FE 12 F2 D0 63 D0 1E,
8629,70E,14,A8 83 FE 12 F2 F0 63 D0 1E,
8630,70E,14,A8 83 FE 12 F2 D0 A3 D0 1E,
8631,70E,14,3E 83 FE 12 F2 D0 63 D0 1E,
8632,70E,14,A8 83 FE 12 F2 D0 63 D0 E1,
8633,70E,14,57 83 FE 12 F2 D0 63 D0 E1,
8634,70E,14,57 83 FE ED F2 D0 9C 2F 1E,
8635,70E,14,A8 83 FE 12 F2 D0 63 D0 1F,
8636,70E,14,A9 83 FE 12 F2 D0 63 D0 1F,
8637,70E,14,A8 83 FF 13 F2 D1 63 D0 1F,
8638,70E,14,A8 83 FD 12 F2 D0 63 D0 1E,
8639,70E,14,A8 83 FE 12 F1 CF 63 D0 1E,
8640,70E,14,A7 83 FE 11 F1 D0 62 D0 1E,
8641,70E,14,A8 00 FE 12 F2 D0 63 D0 1E,
8642,70E,14,A8 83 FE 12 F2 D0 63 FF 1E,
8643,74A,27,5D 0F F3 EF 27,
8644,74A,27,5D 0F F3 EF 07,
8645,74A,27,5D 0F F3 8F 27,
8646,74A,27,5D 0F F3 A4 27,
8647,74A,27,5D F0 F3 EF 27,
8648,74A,27,A2 F0 F3 EF 27,
8649,74A,27,A2 0F F3 10 27,
8650,74A,27,5E 0F F3 EF 27,
8651,74A,27,5D 10 F4 EF 27,
8652,74A,27,5D 10 F5 EF 28,
8653,74A,27,5C 0F F3 EF 27,
8654,74A,27,5D 0F F2 EE 27,
8655,74A,27,5C 0D F3 EE 27,
8656,74A,27,5D 0F F3 00 27,
8657,74A,27,5D 0F F3 EF FF,
8658,70E,14,51 B2 CB FF D2 E8 31 E0,
8659,70E,14,51 B2 CB FF D2 C8 31 E0,
8660,70E,14,51 B2 CB FF D1 E8 31 E0,
8661,70E,14,51 9E CA FF D2 E8 31 E0,
8662,70E,14,51 B2 CB FF D2 E8 31 1F,
8663,70E,14,51 B2 CB FF 2D 17 31 E0,
8664,70E,14,AE 4D CB 00 D2 E8 CE E0,
8665,70E,14,51 B2 CB FF D3 E8 31 E0,
8666,70E,14,51 B3 CC FF D2 E8 31 E0,
8667,70E,14,51 B2 CC FF D3 E9 31 E1,
8668,70E,14,51 B2 CA FE D2 E8 31 E0,
8669,70E,14,51 B1 CB FF D1 E8 30 DF,
8670,70E,14,51 00 CB FF D2 E8 31 E0,
8671,70E,14,51 B2 CB FF D2 E8 31 FF,
8672,74A,27,3E 1D D1 72 86 0F 01,
8673,74A,27,3E 1D D0 72 86 0F 01,
8674,74A,27,3E 1D D1 72 80 0F 01,
8675,74A,27,3E 1D D1 39 86 0F 01,
8676,74A,27,3E 1D D1 72 79 0F 01,
8677,74A,27,C1 E2 D1 72 86 0F 01,
8678,74A,27,C1 1D D1 8D 79 F0 01,
8679,74A,27,3E 1D D1 72 87 0F 01,
8680,74A,27,3F 1E D1 72 86 0F 01,
8681,74A,27,3F 1E D2 72 87 0F 01,
8682,74A,27,3E 1D D1 71 86 0F 01,
8683,74A,27,3E 1C D0 72 86 0F 01,
8684,74A,27,3D 1D D0 72 86 0E 00,
8685,74A,27,00 1D D1 72 86 0F 01,
8686,74A,27,FF 1D D1 72 86 0F 01,
8687,70E,14,04 04 FF FF BF DA 00 68 6E 21 FF 9A E2 AA,
8688,70E,14,04 04 FF FF BF DA 00 68 6E 20 FF 9A E2 AA,
8689,70E,14,07 04 FF FF BF DA 00 68 6E 21 FF 9A E2 AA,
8690,70E,14,04 04 FF FF BF DA 58 6A 6E 21 FF 9A E2 AA,
8691,70E,14,04 04 FF FF BF 25 00 68 6E 21 FF 9A E2 AA,
8692,70E,14,04 04 FF FF BF DA FF 97 6E 21 FF 9A E2 AA,
8693,70E,14,04 FB FF FF BF DA 00 68 6E DE 00 9A 1D AA,
8694,70E,14,04 04 FF FF BF DB 00 68 6E 21 FF 9A E2 AA,
8695,70E,14,04 04 FF 00 C0 DA 00 68 6E 21 FF 9A E2 AA,
8696,70E,14,05 05 FF 00 BF DA 01 68 6E 21 FF 9A E2 AA,
8697,70E,14,04 04 FF FF BE DA 00 68 6E 21 FF 9A E2 AA,
8698,70E,14,04 04 FF FF BF DA FF 67 6E 21 FF 9A E2 AA,
8699,70E,14,04 03 FE FF BE DA 00 67 6E 21 FF 9A E2 AA,
8700,70E,14,04 04 FF FF BF DA 00 68 00 21 FF 9A E2 AA,
8701,70E,14,04 04 FF FF BF DA 00 68 6E 21 FF FF E2 AA,
8702,74A,27,2D,
8703,74A,27,29,
8704,74A,27,4D,
8705,74A,27,FF,
8706,74A,27,D2,
8707,74A,27,2E,
8708,74A,27,2F,
8709,74A,27,31,
8710,74A,27,2C,
8711,74A,27,2B,
8712,74A,27,00,
8713,70E,14,0B FB FF 7E FF 00 FF 71 E5 1D CB,
8714,70E,14,0B F3 FF 7E FF 00 FF 71 E5 1D CB,
8715,70E,14,0B FB FF 7E FF 00 FF 72 E5 1D CB,
8716,70E,14,0B FB FF 7E 3F 12 FF 71 E5 1D CB,
8717,70E,14,0B FB FF 7E FF 00 FF 71 E5 E2 CB,
8718,70E,14,0B FB FF 7E FF 00 00 8E E5 1D CB,
8719,70E,14,F4 FB 00 7E FF FF FF 71 E5 1D 34,
8720,70E,14,0B FB FF 7E FF 00 00 71 E5 1D CB,
8721,70E,14,0B FB FF 7E FF 00 FF 71 E6 1E CB,
8722,70E,14,0B FB 00 7E FF 00 FF 72 E6 1D CC,
8723,70E,14,0B FB FF 7E FF 00 FF 71 E5 1D CA,
8724,70E,14,0B FB FF 7E FF 00 FE 70 E5 1D CB,
8725,70E,14,0A FB FF 7E FF FF FE 71 E4 1D CB,
8726,70E,14,0B FB FF 7E 00 00 FF 71 E5 1D CB,
8727,74A,23,BA F4 68 FF D7,
8728,74A,23,BA F4 68 DF D7,
8729,74A,23,7A F4 68 FF D7,
8730,74A,23,BA F4 23 FF D7,
8731,74A,23,BA F4 97 FF D7,
8732,74A,23,45 F4 68 FF 28,
8733,74A,23,BA 0B 68 00 D7,
8734,74A,23,BA F4 69 FF D7,
8735,74A,23,BA F4 69 00 D7,
8736,74A,23,BB F6 68 00 D7,
8737,74A,23,BA F4 67 FF D7,
8738,74A,23,BA F3 67 FF D7,
8739,74A,23,BA F3 68 FE D5,
8740,74A,23,00 F4 68 FF D7,
8741,74A,23,BA F4 FF FF D7,
8742,70E,14,FF A4 F8 1F 44 C9 4A,
8743,70E,14,FF A4 F8 1F 54 C9 4A,
8744,70E,14,FF A4 F8 1F 44 49 4B,
8745,70E,14,FF A4 F8 1F 84 DB 4A,
8746,70E,14,FF A4 07 1F 44 C9 4A,
8747,70E,14,FF A4 F8 E0 BB C9 4A,
8748,70E,14,FF 5B F8 1F BB 36 B5,
8749,70E,14,FF A4 F8 1F 44 C9 4B,
8750,70E,14,FF A4 F8 1F 44 CA 4B,
8751,70E,14,00 A4 F9 1F 44 CA 4B,
8752,70E,14,FF A4 F8 1F 44 C8 4A,
8753,70E,14,FF A4 F8 1F 43 C8 4A,
8754,70E,14,FE A4 F8 1E 43 C8 4A,
8755,70E,14,FF 00 F8 1F 44 C9 4A,
8756,70E,14,FF A4 F8 FF 44 C9 4A,
8757,74A,23,A6 34 8E 00 BC 18 FF 2C,
8758,74A,23,A6 34 8E 01 BC 18 FF 2C,
8759,74A,23,A5 34 8E 00 BC 18 FF 2C,
8760,74A,23,A6 34 8E 00 BC 98 DA 2C,
8761,74A,23,A6 34 8E 00 BC 18 00 2C,
8762,74A,23,A6 34 8E FF 43 18 FF 2C,
8763,74A,23,A6 CB 71 00 43 18 FF D3,
8764,74A,23,A6 34 8E 00 BC 18 FF 2D,
8765,74A,23,A7 35 8E 00 BC 18 FF 2C,
8766,74A,23,A7 34 8E 01 BC 19 00 2C,
8767,74A,23,A6 34 8E 00 BC 17 FF 2C,
8768,74A,23,A6 33 8D 00 BC 18 FF 2C,
8769,74A,23,A5 34 8E FF BC 17 FE 2C,
8770,74A,23,A6 34 00 00 BC 18 FF 2C,
8771,70E,14,66 03,
8772,70E,14,66 01,
8773,70E,14,60 03,
8774,70E,14,67 2F,
8775,70E,14,99 03,
8776,70E,14,99 FC,
8777,70E,14,67 03,
8778,70E,14,67 04,
8779,70E,14,68 05,
8780,70E,14,65 03,
8781,70E,14,65 02,
8782,70E,14,64 01,
8783,70E,14,00 03,
8784,70E,14,66 FF,
8785,74A,23,FF BC,
8786,74A,23,DF BC,
8787,74A,23,3F BC,
8788,74A,23,FF F7,
8789,74A,23,FF 43,
8790,74A,23,00 43,
8791,74A,23,00 BC,
8792,74A,23,00 BD,
8793,74A,23,01 BE,
8794,74A,23,FE BC,
8795,74A,23,FE BB,
8796,74A,23,FD BA,
8797,74A,23,FF 00,
8798,74A,23,FF FF,
8799,70E,14,E1 07 FF FE 37 DB 53 8B E9 4C 6B 00,
8800,70E,14,E1 07 FF FE 37 DB 53 8B E9 4C 6B 20,
8801,70E,14,E1 07 FF FE 37 DB 53 8B E9 4C 6B 30,
8802,70E,14,E1 07 FF FE 37 DB 53 8B A2 4C 6B 00,
8803,70E,14,E1 F8 FF FE 37 DB 53 8B E9 4C 6B 00,
8804,70E,14,E1 07 FF FE 37 DB AC 74 E9 4C 6B 00,
8805,70E,14,1E F8 FF 01 37 DB AC 8B E9 4C 6B 00,
8806,70E,14,E1 07 FF FE 37 DB 53 8B E9 4C 6C 00,
8807,70E,14,E2 07 FF FE 37 DB 53 8B E9 4C 6B 01,
8808,70E,14,E1 08 00 FE 38 DB 53 8C E9 4C 6B 00,
8809,70E,14,E1 07 FF FE 37 DA 53 8B E9 4C 6B 00,
8810,70E,14,E1 07 FF FE 37 DA 52 8B E9 4C 6B 00,
8811,70E,14,E1 07 FE FE 37 DB 53 8B E8 4B 6B FF,
8812,70E,14,E1 07 FF FE 37 DB 53 8B E9 4C 00 00,
8813,70E,14,E1 07 FF FE 37 DB 53 8B E9 4C FF 00,
8814,74A,23,ED D1 DA DD 32 F0 D9,
8815,74A,23,ED D3 DA DD 32 F0 D9,
8816,74A,23,ED D1 DA DD 32 F0 D5,
8817,74A,23,ED D1 DA DD 32 90 D0,
8818,74A,23,12 D1 DA DD 32 F0 D9,
8819,74A,23,12 D1 DA DD 32 F0 26,
8820,74A,23,ED 2E DA DD CD 0F 26,
8821,74A,23,ED D1 DA DD 32 F0 DA,
8822,74A,23,ED D1 DA DD 33 F1 D9,
8823,74A,23,ED D2 DA DD 33 F1 DA,
8824,74A,23,ED D1 DA DD 32 EF D9,
8825,74A,23,ED D1 DA DD 32 EF D8,
8826,74A,23,ED D0 DA DD 31 EF D8,
8827,74A,23,00 D1 DA DD 32 F0 D9,
8828,74A,23,ED D1 DA DD FF F0 D9,
8829,70E,14,1F 86 0D E1 D2 95 00 01 72 15 3E 6E C5,
8830,70E,14,1B 86 0D E1 D2 95 00 01 72 15 3E 6E C5,
8831,70E,14,1F 86 0D E1 D2 95 00 01 72 15 3E 68 C5,
8832,70E,14,1F 86 0D E1 D2 95 00 01 12 1C 3E 6E C5,
8833,70E,14,1F 86 0D E1 D2 6A 00 01 72 15 3E 6E C5,
8834,70E,14,1F 86 0D E1 D2 95 00 01 8D EA 3E 6E C5,
8835,70E,14,E0 86 F2 E1 D2 6A 00 01 72 15 3E 6E 3A,
8836,70E,14,1F 86 0D E1 D3 95 00 01 72 15 3E 6E C5,
8837,70E,14,1F 86 0D E1 D2 95 00 01 72 16 3F 6E C5,
8838,70E,14,20 86 0E E1 D2 96 00 01 72 15 3E 6E C6,
8839,70E,14,1F 86 0C E1 D2 95 00 01 72 15 3E 6E C5,
8840,70E,14,1F 86 0D E1 D2 95 FF 00 72 15 3E 6E C5,
8841,70E,14,1F 85 0C E1 D1 95 00 00 72 15 3E 6E C5,
8842,70E,14,1F 86 0D E1 D2 95 00 01 72 00 3E 6E C5,
8843,70E,14,1F 86 0D E1 D2 95 00 01 72 15 FF 6E C5,
8844,70E,14,FF BE 88 03,
8845,70E,14,FF BE 08 03,
8846,70E,14,FF B8 88 03,
8847,70E,14,FF BE 88 48,
8848,70E,14,00 BE 88 03,
8849,70E,14,00 41 88 03,
8850,70E,14,00 41 77 FC,
8851,70E,14,FF BE 88 04,
8852,70E,14,00 BE 88 04,
8853,70E,14,00 BF 89 04,
8854,70E,14,FF BE 87 03,
8855,70E,14,FF BE 87 02,
8856,70E,14,FE BD 87 02,
8857,70E,14,FF BE 00 03,
8858,70E,14,FF BE FF 03,
8859,74A,23,63 FF,
8860,74A,23,63 FE,
8861,74A,23,53 FF,
8862,74A,23,46 7F,
8863,74A,23,9C FF,
8864,74A,23,9C 00,
8865,74A,23,63 00,
8866,74A,23,64 00,
8867,74A,23,65 01,
8868,74A,23,62 FE,
8869,74A,23,61 FD,
8870,70E,14,10 F5 BE FF 03,
8871,70E,14,10 F5 BE FF 23,
8872,70E,14,13 F5 BE FF 03,
8873,70E,14,10 F5 92 FE 03,
8874,70E,14,10 F5 BE 00 03,
8875,70E,14,10 0A 41 FF 03,
8876,70E,14,10 F5 41 FF FC,
8877,70E,14,10 F5 BF FF 03,
8878,70E,14,10 F5 BF 00 03,
8879,70E,14,12 F5 BF FF 04,
8880,70E,14,10 F5 BE FF 02,
8881,70E,14,0F F5 BE FF 02,
8882,70E,14,10 F4 BE FE 01,
8883,70E,14,10 F5 00 FF 03,
8884,70E,14,10 F5 BE FF FF,
8885,74A,23,4E 77 E8,
8886,74A,23,4E 7F E8,
8887,74A,23,4F 77 68,
8888,74A,23,5C 77 28,
8889,74A,23,4E 77 17,
8890,74A,23,B1 88 E8,
8891,74A,23,B1 77 17,
8892,74A,23,4F 77 E8,
8893,74A,23,4F 77 E9,
8894,74A,23,4E 7A E9,
8895,74A,23,4E 76 E8,
8896,74A,23,4D 77 E7,
8897,74A,23,4B 76 E8,
8898,74A,23,4E 77 00,
8899,74A,23,4E FF E8,
8900,70E,11,FF 17,
8901,70E,11,FF 57,
8902,70E,11,FC 17,
8903,70E,11,9F 1E,
8904,70E,11,00 17,
8905,70E,11,00 E8,
8906,70E,11,00 18,
8907,70E,11,01 19,
8908,70E,11,FF 16,
8909,70E,11,FE 16,
8910,70E,11,FD 15,
8911,74A,23,B6 0B 32 C5 0C 7F,
8912,74A,23,B6 0B 32 45 0C 7F,
8913,74A,23,B5 0B 32 C5 0C 7F,
8914,74A,23,B6 0B 32 45 29 7F,
8915,74A,23,B6 0B 32 C5 0C 80,
8916,74A,23,B6 F4 CD C5 0C 7F,
8917,74A,23,B6 F4 32 C5 0C 80,
8918,74A,23,B6 0B 32 C6 0D 7F,
8919,74A,23,B6 0B 34 C6 0C 80,
8920,74A,23,B6 0A 32 C5 0C 7F,
8921,74A,23,B5 0B 32 C5 0C 7E,
8922,74A,23,B6 0A 32 C5 0A 7E,
8923,74A,23,B6 0B 32 00 0C 7F,
8924,74A,23,B6 0B 32 C5 0C FF,
8925,70E,11,75 D8 64 00 F5 00,
8926,70E,11,75 D0 64 00 F5 00,
8927,70E,11,45 D8 64 00 F5 00,
8928,70E,11,F5 FD 64 00 F5 00,
8929,70E,11,75 D8 64 00 0A 00,
8930,70E,11,8A D8 64 00 F5 FF,
8931,70E,11,75 27 64 FF F5 00,
8932,70E,11,76 D8 64 00 F5 00,
8933,70E,11,75 D8 65 01 F5 00,
8934,70E,11,77 D9 64 01 F5 00,
8935,70E,11,74 D8 64 00 F5 00,
8936,70E,11,75 D7 63 00 F5 00,
8937,70E,11,74 D8 64 FE F4 00,
8938,70E,11,75 00 64 00 F5 00,
8939,70E,11,FF D8 64 00 F5 00,
8940,70E,11,FF DB 46,
8941,70E,11,FF 9B 46,
8942,70E,11,FF C3 46,
8943,70E,11,FE DB 6A,
8944,70E,11,FF 24 46,
8945,70E,11,00 24 46,
8946,70E,11,FF 24 B9,
8947,70E,11,FF DC 46,
8948,70E,11,00 DC 46,
8949,70E,11,02 DC 46,
8950,70E,11,FF DB 45,
8951,70E,11,FF DA 45,
8952,70E,11,FC DA 46,
8953,70E,11,FF 00 46,
8954,70E,11,FF DB FF,
8955,74A,22,14 EE A1 7F,
8956,74A,22,14 FE A1 7F,
8957,74A,22,14 EE A2 7F,
8958,74A,22,14 EE 8D 7E,
8959,74A,22,EB EE A1 7F,
8960,74A,22,EB EE A1 80,
8961,74A,22,EB 11 5E 80,
8962,74A,22,14 EF A1 7F,
8963,74A,22,14 EE A2 80,
8964,74A,22,15 EF A2 80,
8965,74A,22,14 EE A0 7F,
8966,74A,22,14 EE A0 7E,
8967,74A,22,13 ED A0 7E,
8968,74A,22,14 EE 00 7F,
8969,74A,22,14 FF A1 7F,
8970,70E,11,5A FB A7 33 01 FF A8 CB,
8971,70E,11,5A FF A7 33 01 FF A8 CB,
8972,70E,11,5A F8 A7 33 01 FF A8 CB,
8973,70E,11,5A FB A7 33 59 FD A8 CB,
8974,70E,11,5A FB A7 33 01 00 A8 CB,
8975,70E,11,5A FB 58 CC 01 FF A8 CB,
8976,70E,11,A5 04 A7 CC 01 FF 57 CB,
8977,70E,11,5A FB A7 34 01 FF A8 CB,
8978,70E,11,5B FB A7 33 01 FF A8 CC,
8979,70E,11,5A FC A7 34 02 FF A9 CB,
8980,70E,11,5A FB A7 33 01 FF A8 CA,
8981,70E,11,5A FB A7 33 01 FE A7 CB,
8982,70E,11,5A FA A7 33 00 FF A7 CA,
8983,70E,11,5A FB 00 33 01 FF A8 CB,
8984,70E,11,5A FB A7 33 01 FF FF CB,
8985,74A,22,9E 3A 89,
8986,74A,22,9A 3A 89,
8987,74A,22,9E 3A 49,
8988,74A,22,9E AC 89,
8989,74A,22,61 3A 89,
8990,74A,22,61 C5 89,
8991,74A,22,9E C5 76,
8992,74A,22,9E 3B 89,
8993,74A,22,9F 3B 89,
8994,74A,22,9F 3A 8C,
8995,74A,22,9E 3A 88,
8996,74A,22,9D 3A 88,
8997,74A,22,9B 39 89,
8998,74A,22,9E 3A 00,
8999,74A,22,9E 3A FF,
9000,74A,22,81 FF 5A EE 16 5A 05,
9001,74A,22,91 FF 5A EE 16 5A 05,
9002,74A,22,81 FF 5A DE 16 5A 05,
9003,74A,22,81 FF 5A EE 16 76 04,
9004,74A,22,81 00 5A EE 16 5A 05,
9005,74A,22,81 FF 5A EE 16 A5 FA,
9006,74A,22,7E 00 5A 11 16 5A FA,
9007,74A,22,82 FF 5A EE 16 5A 06,
9008,74A,22,81 FF 5B EF 17 5A 06,
9009,74A,22,81 FF 5A EE 16 59 05,
9010,74A,22,80 FE 5A EE 16 5A 05,
9011,74A,22,81 FE 59 ED 16 59 05,
9012,74A,22,81 FF 5A EE 16 00 05,
9013,74A,22,81 FF 5A FF 16 5A 05,
9014,70E,11,8B 77 72 D2,
9015,70E,11,AB 77 72 D2,
9016,70E,11,8B 77 72 E2,
9017,70E,11,8B 77 2A D0,
9018,70E,11,74 77 72 D2,
9019,70E,11,8B 88 8D D2,
9020,70E,11,74 88 8D 2D,
9021,70E,11,8B 77 73 D2,
9022,70E,11,8C 77 72 D3,
9023,70E,11,8C 78 73 D3,
9024,70E,11,8B 77 72 D1,
9025,70E,11,8A 77 72 D1,
9026,70E,11,8A 76 71 D1,
9027,70E,11,8B 77 00 D2,
9028,70E,11,8B 77 72 FF,
9029,74A,22,EE 30 FC 00 81 FF 5A,
9030,74A,22,EE 20 FC 00 81 FF 5A,
9031,74A,22,EE 3C FC 00 81 FF 5A,
9032,74A,22,EE F0 EE 00 81 FF 5A,
9033,74A,22,EE 30 FC 00 7E FF 5A,
9034,74A,22,EE 30 FC FF 7E FF 5A,
9035,74A,22,11 30 FC FF 7E 00 5A,
9036,74A,22,EE 31 FC 00 81 FF 5A,
9037,74A,22,EE 30 FC 00 82 00 5A,
9038,74A,22,EE 31 FC 00 82 00 5B,
9039,74A,22,EE 30 FC 00 81 FF 59,
9040,74A,22,EE 2F FB 00 81 FF 5A,
9041,74A,22,EE 2F FC 00 80 FE 59,
9042,74A,22,EE 30 FC 00 00 FF 5A,
9043,70E,11,FF 50,
9044,70E,11,FF 58,
9045,70E,11,FF 30,
9046,70E,11,FF 1B,
9047,70E,11,00 50,
9048,70E,11,00 AF,
9049,70E,11,FF 51,
9050,70E,11,00 51,
9051,70E,11,01 52,
9052,70E,11,FF 4F,
9053,70E,11,FE 4F,
9054,70E,11,FD 4E,
9055,74A,22,3B 00 FF A1 70 1D 75 8C D0 5C FA,
9056,74A,22,3B 01 FF A1 70 1D 75 8C D0 5C FA,
9057,74A,22,3B 00 FF A1 73 1D 75 8C D0 5C FA,
9058,74A,22,3B 00 FF A1 70 31 74 8C D0 5C FA,
9059,74A,22,3B 00 FF A1 70 1D 75 73 D0 5C FA,
9060,74A,22,3B 00 FF A1 70 E2 8A 8C D0 5C FA,
9061,74A,22,C4 00 00 A1 70 E2 75 8C D0 5C 05,
9062,74A,22,3B 00 FF A1 70 1D 75 8C D1 5C FA,
9063,74A,22,3B 00 FF A1 70 1D 75 8C D0 5D FB,
9064,74A,22,3B 01 FF A1 71 1D 75 8C D0 5D FB,
9065,74A,22,3B FF FF A1 70 1D 75 8C D0 5C FA,
9066,74A,22,3B 00 FF A1 6F 1C 75 8C D0 5C FA,
9067,74A,22,3B 00 FE A0 70 1C 75 8C CF 5C FA,
9068,74A,22,3B 00 FF 00 70 1D 75 8C D0 5C FA,
9069,74A,22,3B 00 FF A1 70 1D 75 FF D0 5C FA,
9070,70E,11,B1 FF,
9071,70E,11,B1 FE,
9072,70E,11,B0 7F,
9073,70E,11,E9 FD,
9074,70E,11,B1 00,
9075,70E,11,4E 00,
9076,70E,11,B2 00,
9077,70E,11,B3 01,
9078,70E,11,B0 FF,
9079,70E,11,B0 FE,
9080,70E,11,AF FD,
9081,70E,11,00 FF,
9082,74A,22,87 4E 2D 6D 23 7B 4F 00 4C 8C FF 5B F9,
9083,74A,22,87 4E 2D 6D 23 7B 4F 00 4E 8C FF 5B F9,
9084,74A,22,87 4E 2D 6D 23 7B 4F 00 4F 8C FF 5B F9,
9085,74A,22,87 FE 29 6D 23 7B 4F 00 4C 8C FF 5B F9,
9086,74A,22,78 4E 2D 6D 23 7B 4F 00 4C 8C FF 5B F9,
9087,74A,22,87 B1 D2 6D 23 7B 4F 00 4C 8C FF 5B F9,
9088,74A,22,87 4E D2 92 23 84 4F 00 B3 8C FF 5B F9,
9089,74A,22,87 4E 2E 6D 23 7B 4F 00 4C 8C FF 5B F9,
9090,74A,22,87 4E 2D 6D 23 7C 50 00 4C 8C FF 5B F9,
9091,74A,22,87 4E 2D 6E 24 7B 50 00 4C 8D FF 5B F9,
9092,74A,22,87 4E 2D 6D 23 7A 4F 00 4C 8C FF 5B F9,
9093,74A,22,87 4E 2D 6D 23 7B 4F 00 4C 8C FE 5A F9,
9094,74A,22,87 4E 2D 6D 23 7B 4E FF 4C 8B FF 5B F8,
9095,74A,22,87 00 2D 6D 23 7B 4F 00 4C 8C FF 5B F9,
9096,74A,22,87 4E 2D 6D 23 7B 4F 00 4C 8C FF 5B FF,
9097,74A,19,00 00 2B E0,
9098,74A,19,00 00 2B E2,
9099,74A,19,03 00 2B E0,
9100,74A,19,00 4B 2B E0,
9101,74A,19,00 00 2B 1F,
9102,74A,19,FF FF 2B E0,
9103,74A,19,FF FF D4 1F,
9104,74A,19,00 00 2C E0,
9105,74A,19,01 01 2B E0,
9106,74A,19,01 01 2C E1,
9107,74A,19,00 FF 2B E0,
9108,74A,19,FF FF 2A DF,
9109,74A,19,00 00 2B 00,
9110,70E,11,C5 BB,
9111,70E,11,D5 BB,
9112,70E,11,C5 A3,
9113,70E,11,C7 E3,
9114,70E,11,C5 44,
9115,70E,11,3A 44,
9116,70E,11,C5 BC,
9117,70E,11,C6 BC,
9118,70E,11,C7 BD,
9119,70E,11,C5 BA,
9120,70E,11,C4 BA,
9121,70E,11,C3 B9,
9122,70E,11,00 BB,
9123,70E,11,C5 FF,
9124,74A,19,D0 1C 01,
9125,74A,19,50 1C 01,
9126,74A,19,DC 1C 01,
9127,74A,19,D0 8A 01,
9128,74A,19,D0 1C FE,
9129,74A,19,2F E3 01,
9130,74A,19,D0 1D 01,
9131,74A,19,D1 1C 02,
9132,74A,19,D3 1D 01,
9133,74A,19,D0 1B 01,
9134,74A,19,D0 1B 00,
9135,74A,19,CD 1B 01,
9136,74A,19,D0 00 01,
9137,74A,19,D0 FF 01,
9138,70E,11,73 FF 00,
9139,70E,11,71 FF 00,
9140,70E,11,13 FF 00,
9141,70E,11,73 A7 02,
9142,70E,11,73 FF FF,
9143,70E,11,73 00 FF,
9144,70E,11,73 00 00,
9145,70E,11,74 FF 01,
9146,70E,11,76 00 00,
9147,70E,11,72 FF FF,
9148,70E,11,70 FE 00,
9149,70E,11,00 FF 00,
9150,74A,19,29 D3 C1 40 00,
9151,74A,19,29 D3 C1 40 04,
9152,74A,19,29 D3 C1 40 03,
9153,74A,19,29 D3 C1 20 09,
9154,74A,19,29 2C C1 40 00,
9155,74A,19,29 D3 C1 BF FF,
9156,74A,19,29 2C C1 BF 00,
9157,74A,19,29 D3 C2 40 00,
9158,74A,19,2A D3 C1 40 01,
9159,74A,19,2A D3 C2 42 00,
9160,74A,19,29 D3 C0 40 00,
9161,74A,19,28 D2 C1 40 00,
9162,74A,19,27 D3 C0 40 FF,
9163,74A,19,29 D3 00 40 00,
9164,74A,19,29 D3 C1 40 FF,
9165,70E,11,BE 0E FF 21 F3,
9166,70E,11,BE 0E FF 21 FB,
9167,70E,11,BE 0E CF 21 F3,
9168,70E,11,BE 0E D3 20 F3,
9169,70E,11,BE 0E 00 21 F3,
9170,70E,11,41 F1 FF 21 F3,
9171,70E,11,BE F1 FF DE F3,
9172,70E,11,BE 0E FF 21 F4,
9173,70E,11,BE 0E FF 22 F4,
9174,70E,11,BF 0E 00 23 F3,
9175,70E,11,BE 0E FE 21 F3,
9176,70E,11,BD 0D FF 21 F3,
9177,70E,11,BC 0E FE 21 F2,
9178,74A,19,26 02 73 34 C6 7C,
9179,74A,19,26 02 53 34 C6 7C,
9180,74A,19,26 02 73 34 C0 7C,
9181,74A,19,26 02 73 34 76 78,
9182,74A,19,D9 02 73 34 C6 7C,
9183,74A,19,26 02 8C CB C6 7C,
9184,74A,19,26 02 73 CB C6 83,
9185,74A,19,26 02 73 34 C7 7C,
9186,74A,19,26 03 74 34 C6 7C,
9187,74A,19,27 02 74 34 C6 7E,
9188,74A,19,26 02 73 33 C6 7C,
9189,74A,19,25 01 73 34 C6 7C,
9190,74A,19,26 01 73 34 C4 7B,
9191,74A,19,00 02 73 34 C6 7C,
9192,74A,19,26 02 FF 34 C6 7C,
9193,70E,11,E1 67 54 D6 BF,
9194,70E,11,E1 27 54 D6 BF,
9195,70E,11,ED 67 54 D6 BF,
9196,70E,11,E1 67 54 16 AD,
9197,70E,11,E1 67 54 29 BF,
9198,70E,11,E1 67 AB 29 BF,
9199,70E,11,E1 98 54 D6 40,
9200,70E,11,E1 68 54 D6 BF,
9201,70E,11,E1 68 55 D6 BF,
9202,70E,11,E1 68 56 D6 C0,
9203,70E,11,E1 66 54 D6 BF,
9204,70E,11,E0 66 54 D6 BF,
9205,70E,11,E0 65 54 D5 BF,
9206,70E,11,E1 67 00 D6 BF,
9207,70E,11,FF 67 54 D6 BF,
9208,70E,11,01 96,
9209,70E,11,01 9E,
9210,70E,11,19 96,
9211,70E,11,01 00,
9212,70E,11,FE 96,
9213,70E,11,FE 69,
9214,70E,11,01 97,
9215,70E,11,02 97,
9216,70E,11,03 98,
9217,70E,11,00 96,
9218,70E,11,00 95,
9219,70E,11,FF 94,
9220,70E,11,FF 96,
9221,74A,19,99 2A F1 FF,
9222,74A,19,99 3A F1 FF,
9223,74A,19,59 2A F1 FF,
9224,74A,19,C1 28 F1 FF,
9225,74A,19,66 2A F1 FF,
9226,74A,19,66 2A F1 00,
9227,74A,19,66 D5 0E 00,
9228,74A,19,9A 2A F1 FF,
9229,74A,19,99 2A F2 00,
9230,74A,19,9A 2B F2 00,
9231,74A,19,99 2A F0 FF,
9232,74A,19,98 29 F1 FF,
9233,74A,19,98 29 F0 FE,
9234,74A,19,00 2A F1 FF,
9235,70E,11,F5 00,
9236,70E,11,F7 00,
9237,70E,11,F6 00,
9238,70E,11,D9 01,
9239,70E,11,0A 00,
9240,70E,11,0A FF,
9241,70E,11,F5 01,
9242,70E,11,F6 01,
9243,70E,11,F7 02,
9244,70E,11,F5 FF,
9245,70E,11,F4 FF,
9246,70E,11,F3 FE,
9247,74A,14,8E 57 65 FF 42 F9 14 62 96 F1 FE 54 F3,
9248,74A,14,8E 57 65 FF 42 D9 14 62 96 F1 FE 54 F3,
9249,74A,14,8E 57 65 FF 42 F9 12 62 96 F1 FE 54 F3,
9250,74A,14,8E 57 65 FF 09 F9 14 62 96 F1 FE 54 F3,
9251,74A,14,8E 57 65 00 42 F9 14 62 96 F1 FE 54 F3,
9252,74A,14,8E 57 65 FF 42 F9 14 9D 69 F1 FE 54 F3,
9253,74A,14,71 57 9A FF 42 06 14 62 96 F1 FE 54 0C,
9254,74A,14,8E 57 65 FF 42 F9 14 62 97 F1 FE 54 F3,
9255,74A,14,8E 57 65 FF 42 FA 15 62 96 F1 FE 54 F3,
9256,74A,14,8E 57 65 FF 42 F9 15 63 96 F2 FE 54 F4,
9257,74A,14,8E 57 65 FE 42 F9 14 62 96 F1 FE 54 F3,
9258,74A,14,8E 57 65 FF 42 F9 14 62 96 F0 FD 54 F3,
9259,74A,14,8E 57 65 FF 42 F8 13 62 95 F1 FE 53 F3,
9260,74A,14,8E 57 65 FF 42 F9 14 00 96 F1 FE 54 F3,
9261,74A,14,8E 57 65 FF 42 F9 14 62 96 F1 FE 54 FF,
9262,70E,10,66 FD FF,
9263,70E,10,66 FD FB,
9264,70E,10,06 FD FF,
9265,70E,10,66 FD 69,
9266,70E,10,66 FD 00,
9267,70E,10,66 02 00,
9268,70E,10,99 02 FF,
9269,70E,10,67 FD FF,
9270,70E,10,67 FE FF,
9271,70E,10,69 FE FF,
9272,70E,10,66 FC FF,
9273,70E,10,65 FC FF,
9274,70E,10,66 FA FE,
9275,74A,14,41 46 04 1F FF 8F 69 BD AA C6,
9276,74A,14,41 46 04 1F FF 8F 69 BD AA C2,
9277,74A,14,41 46 04 9F FE 8F 69 BD AA C6,
9278,74A,14,41 46 04 1F FF 8F 45 BC AA C6,
9279,74A,14,41 46 04 1F FF 70 69 BD AA C6,
9280,74A,14,41 46 04 1F FF 8F 69 BD 55 39,
9281,74A,14,41 B9 04 1F 00 8F 69 BD 55 39,
9282,74A,14,41 46 04 1F FF 8F 6A BD AA C6,
9283,74A,14,42 46 04 1F FF 8F 69 BD AA C7,
9284,74A,14,41 47 04 1F FF 90 6A BD AB C6,
9285,74A,14,41 46 04 1F FF 8F 69 BD A9 C6,
9286,74A,14,40 45 04 1F FF 8F 69 BD AA C6,
9287,74A,14,41 45 03 1F FE 8F 69 BC AA C6,
9288,74A,14,41 46 04 1F 00 8F 69 BD AA C6,
9289,74A,14,41 46 04 1F FF 8F FF BD AA C6,
9290,74A,14,DB EA 0C 4F EA 00 C6,
9291,74A,14,DB AA 0C 4F EA 00 C6,
9292,74A,14,DB EA 0C 4F EA 00 A6,
9293,74A,14,5B CF 0C 4F EA 00 C6,
9294,74A,14,DB EA 0C B0 EA 00 C6,
9295,74A,14,DB 15 F3 4F EA 00 C6,
9296,74A,14,24 15 F3 4F 15 00 C6,
9297,74A,14,DB EA 0C 4F EA 00 C7,
9298,74A,14,DB EA 0C 4F EA 01 C7,
9299,74A,14,DC EA 0D 4F EA 01 C7,
9300,74A,14,DB EA 0C 4E EA 00 C6,
9301,74A,14,DA E9 0C 4F EA 00 C6,
9302,74A,14,DA EA 0C 4E E9 FF C6,
9303,74A,14,DB EA 0C 4F EA 00 00,
9304,74A,14,DB EA 0C 4F EA 00 FF,
9305,70E,10,FF 88 2D 59 E9 FF,
9306,70E,10,FF 88 2D 59 E9 7F,
9307,70E,10,FF 08 2C 59 E9 FF,
9308,70E,10,FF 88 BB 59 E9 FF,
9309,70E,10,FF 88 2D 59 E9 00,
9310,70E,10,00 88 2D 59 E9 00,
9311,70E,10,FF 77 2D A6 E9 FF,
9312,70E,10,FF 89 2D 59 E9 FF,
9313,70E,10,FF 88 2E 5A E9 FF,
9314,70E,10,FF 89 2D 59 EB 00,
9315,70E,10,FE 88 2D 59 E9 FF,
9316,70E,10,FF 88 2C 58 E9 FF,
9317,70E,10,FF 87 2D 59 E7 FE,
9318,70E,10,FF 88 00 59 E9 FF,
9319,70E,10,FF 88 2D FF E9 FF,
9320,74A,14,DB 00 FF,
9321,74A,14,DB 00 7F,
9322,74A,14,DB 00 F9,
9323,74A,14,5B 25 FF,
9324,74A,14,DB FF FF,
9325,74A,14,24 FF FF,
9326,74A,14,24 00 00,
9327,74A,14,DC 00 FF,
9328,74A,14,DC 00 00,
9329,74A,14,DE 01 FF,
9330,74A,14,DA 00 FE,
9331,74A,14,D8 FF FF,
9332,74A,14,FF 00 FF,
9333,70E,10,75 2A 37 96 12 89 FF 00 FF,
9334,70E,10,75 2A 3F 96 12 89 FF 00 FF,
9335,70E,10,75 2A 37 96 12 49 FF 00 FF,
9336,70E,10,75 2A 37 96 12 89 FF 4B FF,
9337,70E,10,75 2A 37 96 12 76 FF 00 FF,
9338,70E,10,75 2A 37 96 12 76 00 00 FF,
9339,70E,10,75 2A C8 69 12 76 FF 00 00,
9340,70E,10,75 2A 37 96 12 89 00 00 FF,
9341,70E,10,75 2A 38 97 12 89 FF 00 FF,
9342,70E,10,76 2A 37 97 12 89 00 01 FF,
9343,70E,10,75 2A 37 96 12 89 FE 00 FF,
9344,70E,10,74 2A 37 96 12 89 FF 00 FE,
9345,70E,10,75 29 37 96 11 88 FF FF FF,
9346,70E,10,75 00 37 96 12 89 FF 00 FF,
9347,70E,10,75 2A 37 FF 12 89 FF 00 FF,
9348,74A,14,FF FF 00 49 82 84 29 FF,
9349,74A,14,FF FF 00 49 82 80 29 FF,
9350,74A,14,FF FF 60 49 82 84 29 FF,
9351,74A,14,FF FF 00 DF 82 84 29 FF,
9352,74A,14,FF FF 00 B6 82 84 29 FF,
9353,74A,14,FF 00 FF 49 82 84 29 FF,
9354,74A,14,FF 00 FF 49 7D 84 29 00,
9355,74A,14,FF FF 01 49 82 84 29 FF,
9356,74A,14,FF FF 00 49 82 84 2A 00,
9357,74A,14,00 FF 00 4A 82 85 2A FF,
9358,74A,14,FF FE 00 49 82 84 29 FF,
9359,74A,14,FE FE 00 49 82 84 29 FF,
9360,74A,14,FE FF FF 49 82 83 29 FE,
9361,74A,14,FF FF 00 49 82 84 00 FF,
9362,70E,10,A1 10 E1 8F 00,
9363,70E,10,A1 12 E1 8F 00,
9364,70E,10,A1 D0 E1 8F 00,
9365,70E,10,A1 70 E8 8F 00,
9366,70E,10,A1 EF E1 8F 00,
9367,70E,10,A1 10 E1 70 FF,
9368,70E,10,A1 EF E1 8F FF,
9369,70E,10,A1 11 E1 8F 00,
9370,70E,10,A1 11 E2 8F 00,
9371,70E,10,A1 11 E1 90 02,
9372,70E,10,A1 10 E0 8F 00,
9373,70E,10,A1 10 E0 8E 00,
9374,70E,10,A1 0F DF 8F FF,
9375,70E,10,00 10 E1 8F 00,
9376,70E,10,A1 10 E1 8F FF,
9377,74A,14,D7 81 FE 12,
9378,74A,14,D7 83 FE 12,
9379,74A,14,D7 01 FF 12,
9380,74A,14,D7 81 D2 13,
9381,74A,14,D7 81 FE ED,
9382,74A,14,28 81 FE ED,
9383,74A,14,28 7E 01 ED,
9384,74A,14,D8 81 FE 12,
9385,74A,14,D8 82 FE 12,
9386,74A,14,D8 82 FF 13,
9387,74A,14,D7 81 FD 12,
9388,74A,14,D7 81 FD 11,
9389,74A,14,D6 80 FD 11,
9390,74A,14,D7 81 00 12,
9391,74A,14,D7 FF FE 12,
9392,70E,10,A3,
9393,70E,10,A2,
9394,70E,10,E8,
9395,70E,10,5C,
9396,70E,10,A4,
9397,70E,10,A5,
9398,70E,10,A7,
9399,70E,10,A1,
9400,70E,10,9F,
9401,74A,14,20 2D 16 C6,
9402,74A,14,20 3D 16 C6,
9403,74A,14,20 2D 16 DE,
9404,74A,14,20 2D 16 8D,
9405,74A,14,20 2D 16 39,
9406,74A,14,DF 2D 16 39,
9407,74A,14,DF D2 E9 39,
9408,74A,14,21 2D 16 C6,
9409,74A,14,20 2E 17 C6,
9410,74A,14,21 2E 17 C7,
9411,74A,14,20 2D 15 C6,
9412,74A,14,20 2C 15 C6,
9413,74A,14,1F 2C 15 C5,
9414,74A,14,00 2D 16 C6,
9415,74A,14,20 2D 16 FF,
9416,70E,10,63 9F 00 FF 07,
9417,70E,10,63 9F 00 DF 07,
9418,70E,10,63 9F 30 FF 07,
9419,70E,10,F5 9F 00 FF 07,
9420,70E,10,63 9F FF FF 07,
9421,70E,10,63 9F 00 00 F8,
9422,70E,10,9C 9F FF FF 07,
9423,70E,10,64 9F 00 FF 07,
9424,70E,10,64 A0 00 FF 07,
9425,70E,10,65 9F 01 FF 08,
9426,70E,10,62 9E 00 FF 07,
9427,70E,10,61 9F FF FF 06,
9428,70E,10,00 9F 00 FF 07,
9429,74A,14,34 FC 68,
9430,74A,14,34 FC 28,
9431,74A,14,34 FC 70,
9432,74A,14,34 FC 23,
9433,74A,14,34 03 68,
9434,74A,14,CB 03 68,
9435,74A,14,34 FD 68,
9436,74A,14,35 FC 69,
9437,74A,14,35 FC 6B,
9438,74A,14,34 FB 68,
9439,74A,14,33 FB 68,
9440,74A,14,33 FC 65,
9441,74A,14,34 00 68,
9442,74A,14,34 FC FF,
9443,70E,10,FF 2A F5 ED,
9444,70E,10,DF 2A F5 ED,
9445,70E,10,FF 2A ED ED,
9446,70E,10,FF 2A 45 E9,
9447,70E,10,FF D5 F5 ED,
9448,70E,10,FF 2A 0A 12,
9449,70E,10,00 D5 0A 12,
9450,70E,10,FF 2B F5 ED,
9451,70E,10,00 2A F5 EE,
9452,70E,10,00 2B F6 EE,
9453,70E,10,FF 2A F4 ED,
9454,70E,10,FF 29 F4 ED,
9455,70E,10,FE 29 F4 EC,
9456,70E,10,FF 00 F5 ED,
9457,70E,10,FF FF F5 ED,
9458,74A,11,FC 9D FF,
9459,74A,11,FC 9D DF,
9460,74A,11,9C 9D FF,
9461,74A,11,D9 9D 7F,
9462,74A,11,FC 9D 00,
9463,74A,11,03 9D 00,
9464,74A,11,FC 62 00,
9465,74A,11,FD 9D FF,
9466,74A,11,FD 9D 00,
9467,74A,11,FD 9D 02,
9468,74A,11,FC 9D FE,
9469,74A,11,FB 9C FF,
9470,74A,11,FB 9D FC,
9471,74A,11,FC FF FF,
9472,70E,10,FF EA F8 01,
9473,70E,10,FF CA F8 01,
9474,70E,10,E7 EA F8 01,
9475,70E,10,D3 EB F8 01,
9476,70E,10,FF 15 F8 01,
9477,70E,10,FF EA 07 FE,
9478,70E,10,00 15 07 FE,
9479,70E,10,FF EA F8 02,
9480,70E,10,FF EA F9 02,
9481,70E,10,00 EB F9 02,
9482,70E,10,FF EA F7 01,
9483,70E,10,FF E9 F7 01,
9484,70E,10,FE E9 F7 00,
9485,70E,10,FF EA 00 01,
9486,70E,10,FF EA F8 FF,
9487,74A,11,AE 9E 81,
9488,74A,11,EE 9E 81,
9489,74A,11,AE 9E 41,
9490,74A,11,82 9F 81,
9491,74A,11,AE 61 81,
9492,74A,11,AE 61 7E,
9493,74A,11,51 61 81,
9494,74A,11,AF 9E 81,
9495,74A,11,AF 9F 81,
9496,74A,11,B1 9F 81,
9497,74A,11,AE 9E 80,
9498,74A,11,AE 9D 80,
9499,74A,11,AB 9D 81,
9500,74A,11,AE 00 81,
9501,74A,11,FF 9E 81,
9502,70E,10,FF 2B 40 FE CE FD FF,
9503,70E,10,FF 2B 40 FE CE FF FF,
9504,70E,10,FF 2B 40 FE CE 9D FF,
9505,70E,10,FB 2B 40 FE CE FD 4F,
9506,70E,10,FF 2B BF FE CE FD FF,
9507,70E,10,FF 2B 40 01 31 FD FF,
9508,70E,10,FF 2B BF 01 31 FD 00,
9509,70E,10,FF 2B 40 FF CE FD FF,
9510,70E,10,00 2B 40 FE CE FD 00,
9511,70E,10,00 2C 41 FE CF FD FF,
9512,70E,10,FF 2B 40 FE CD FD FF,
9513,70E,10,FF 2B 3F FD CE FD FF,
9514,70E,10,FE 2A 3F FE CD FD FF,
9515,70E,10,FF 2B 40 FE 00 FD FF,
9516,74A,11,97 76 E3,
9517,74A,11,B7 76 E3,
9518,74A,11,97 76 E0,
9519,74A,11,27 72 E3,
9520,74A,11,68 76 E3,
9521,74A,11,68 89 E3,
9522,74A,11,97 76 E4,
9523,74A,11,98 77 E3,
9524,74A,11,97 79 E4,
9525,74A,11,96 76 E3,
9526,74A,11,96 75 E3,
9527,74A,11,94 75 E3,
9528,74A,11,97 76 00,
9529,74A,11,97 FF E3,
9530,70E,10,FF FF E3 45 05 42,
9531,70E,10,FF FF E3 45 45 42,
9532,70E,10,FF CF E3 45 05 42,
9533,70E,10,FF FF E3 C5 20 42,
9534,70E,10,FF FF E3 45 05 BD,
9535,70E,10,FF FF 1C BA 05 42,
9536,70E,10,FF FF 1C 45 FA 42,
9537,70E,10,FF FF E3 46 05 42,
9538,70E,10,00 FF E3 45 05 43,
9539,70E,10,01 00 E3 46 05 42,
9540,70E,10,FE FF E3 45 05 42,
9541,70E,10,FF FF E3 45 04 41,
9542,70E,10,FE FF E3 43 04 42,
9543,70E,10,00 FF E3 45 05 42,
9544,70E,10,FF FF E3 45 05 FF,
9545,74A,11,02,
9546,74A,11,04,
9547,74A,11,2F,
9548,74A,11,06,
9549,70E,10,4C FF 5F AC B1 9E,
9550,70E,10,4C FF 5F AC 91 9E,
9551,70E,10,4C FF 5F AC A9 9E,
9552,70E,10,DA FF 5F AC B1 9E,
9553,70E,10,4C FF 5F 53 B1 9E,
9554,70E,10,4C FF 5F 53 4E 9E,
9555,70E,10,B3 FF A0 AC B1 9E,
9556,70E,10,4C 00 5F AC B1 9E,
9557,70E,10,4D FF 5F AC B1 9F,
9558,70E,10,4D FF 60 AC B1 A0,
9559,70E,10,4C FE 5F AC B1 9E,
9560,70E,10,4C FE 5E AC B1 9E,
9561,70E,10,4B FF 5E AC B1 9C,
9562,70E,10,4C FF 5F 00 B1 9E,
9563,70E,10,4C FF 5F AC FF 9E,
9564,74A,11,E9 10 6F D0,
9565,74A,11,E9 10 6F C0,
9566,74A,11,EA 10 6F D0,
9567,74A,11,A2 10 6F D0,
9568,74A,11,E9 EF 6F D0,
9569,74A,11,E9 EF 90 D0,
9570,74A,11,16 EF 90 2F,
9571,74A,11,E9 10 6F D1,
9572,74A,11,EA 11 6F D0,
9573,74A,11,EA 11 70 D1,
9574,74A,11,E9 0F 6F D0,
9575,74A,11,E8 0F 6F D0,
9576,74A,11,E8 0F 6E CF,
9577,74A,11,E9 10 6F 00,
9578,74A,11,E9 FF 6F D0,
9579,70E,10,74 F3 C5 89 FE,
9580,70E,10,74 F3 C5 89 FA,
9581,70E,10,74 F3 C5 89 9E,
9582,70E,10,74 F3 E9 88 FE,
9583,70E,10,8B F3 C5 89 FE,
9584,70E,10,8B 0C C5 89 FE,
9585,70E,10,8B F3 3A 89 FE,
9586,70E,10,74 F3 C6 89 FE,
9587,70E,10,74 F4 C6 89 FE,
9588,70E,10,74 F4 C7 89 FF,
9589,70E,10,73 F3 C5 89 FE,
9590,70E,10,73 F2 C5 89 FE,
9591,70E,10,74 F2 C3 89 FD,
9592,70E,10,00 F3 C5 89 FE,
9593,70E,10,74 F3 C5 89 FF,
9594,74A,11,02 8B 56,
9595,74A,11,12 8B 56,
9596,74A,11,0E 8B 56,
9597,74A,11,94 8B 56,
9598,74A,11,02 8B A9,
9599,74A,11,FD 74 56,
9600,74A,11,02 74 A9,
9601,74A,11,03 8B 56,
9602,74A,11,03 8B 57,
9603,74A,11,05 8C 56,
9604,74A,11,01 8B 56,
9605,74A,11,02 8A 55,
9606,74A,11,FF 8A 56,
9607,74A,11,00 8B 56,
9608,74A,11,02 8B FF,
9609,70E,10,8B F5 00 83 6D B1 E7,
9610,70E,10,8B F5 10 83 6D B1 E7,
9611,70E,10,BB F5 00 83 6D B1 E7,
9612,70E,10,8B F5 80 A6 6D B1 E7,
9613,70E,10,8B 0A 00 83 6D B1 E7,
9614,70E,10,8B F5 00 83 6D 4E 18,
9615,70E,10,8B F5 FF 7C 92 B1 18,
9616,70E,10,8B F5 00 83 6E B1 E7,
9617,70E,10,8B F5 01 84 6D B1 E7,
9618,70E,10,8C F5 00 84 6E B2 E7,
9619,70E,10,8B F5 00 83 6C B1 E7,
9620,70E,10,8B F4 FF 83 6D B1 E7,
9621,70E,10,8B F5 FF 82 6C B1 E6,
9622,70E,10,8B F5 00 00 6D B1 E7,
9623,70E,10,8B F5 00 83 6D B1 FF,
9624,74A,11,75,
9625,74A,11,F5,
9626,74A,11,73,
9627,74A,11,8A,
9628,74A,11,76,
9629,74A,11,77,
9630,74A,11,79,
9631,74A,11,74,
9632,74A,11,71,
9633,70E,10,21 D3 F4,
9634,70E,10,A1 D3 F4,
9635,70E,10,21 D3 94,
9636,70E,10,04 D3 74,
9637,70E,10,DE D3 F4,
9638,70E,10,DE 2C F4,
9639,70E,10,22 D3 F4,
9640,70E,10,21 D4 F5,
9641,70E,10,21 D6 F5,
9642,70E,10,21 D3 F3,
9643,70E,10,20 D3 F3,
9644,70E,10,21 D0 F3,
9645,70E,10,21 D3 00,
9646,70E,10,21 FF F4,
9647,74A,11,07 B9 A4 39,
9648,74A,11,07 B9 A4 19,
9649,74A,11,07 B9 A4 09,
9650,74A,11,07 E1 A6 39,
9651,74A,11,07 46 A4 39,
9652,74A,11,07 46 5B 39,
9653,74A,11,F8 46 5B C6,
9654,74A,11,07 BA A4 39,
9655,74A,11,07 BA A5 39,
9656,74A,11,08 BA A5 3A,
9657,74A,11,07 B9 A3 39,
9658,74A,11,06 B8 A4 39,
9659,74A,11,06 B8 A3 38,
9660,74A,11,07 B9 00 39,
9661,74A,11,07 B9 A4 FF,
9662,70E,10,B1,
9663,70E,10,B7,
9664,70E,10,EB,
9665,70E,10,4E,
9666,70E,10,B2,
9667,70E,10,B3,
9668,70E,10,B5,
9669,70E,10,B0,
9670,70E,10,AF,
9671,70E,10,AD,
9672,74A,10,BF 1D F9 22,
9673,74A,10,BF 1D FB 22,
9674,74A,10,B9 1D F9 22,
9675,74A,10,BF 56 F9 22,
9676,74A,10,BF 1D 06 22,
9677,74A,10,BF 1D 06 DD,
9678,74A,10,40 E2 06 DD,
9679,74A,10,BF 1D FA 22,
9680,74A,10,C0 1D F9 23,
9681,74A,10,C0 1E FA 23,
9682,74A,10,BE 1D F9 22,
9683,74A,10,BF 1C F8 22,
9684,74A,10,BE 1C F8 21,
9685,74A,10,BF 1D 00 22,
9686,74A,10,FF 1D F9 22,
9687,70E,86,4D,
9688,70E,86,0D,
9689,70E,86,4E,
9690,70E,86,F9,
9691,70E,86,51,
9692,70E,86,4C,
9693,70E,86,4B,
9694,70E,86,49,
9695,74A,10,17 14,
9696,74A,10,1F 14,
9697,74A,10,0F 14,
9698,74A,10,15 4C,
9699,74A,10,E8 14,
9700,74A,10,E8 EB,
9701,74A,10,17 15,
9702,74A,10,18 15,
9703,74A,10,19 16,
9704,74A,10,17 13,
9705,74A,10,16 13,
9706,74A,10,15 12,
9707,74A,10,17 00,
9708,74A,10,17 FF,
9709,70E,86,AC E5 91 51,
9710,70E,86,AC 65 91 51,
9711,70E,86,AF E5 91 51,
9712,70E,86,AE E5 91 09,
9713,70E,86,AC 1A 91 51,
9714,70E,86,53 E5 91 AE,
9715,70E,86,53 1A 6E AE,
9716,70E,86,AC E6 91 51,
9717,70E,86,AC E6 92 51,
9718,70E,86,AD E6 92 52,
9719,70E,86,AC E5 90 51,
9720,70E,86,AB E5 91 50,
9721,70E,86,AB E4 90 50,
9722,70E,86,00 E5 91 51,
9723,70E,86,AC E5 FF 51,
9724,74A,10,06 FF 90 14 F2 94 00,
9725,74A,10,06 FF 80 14 F2 94 00,
9726,74A,10,06 CF 90 14 F2 94 00,
9727,74A,10,06 FF 90 14 F2 F4 09,
9728,74A,10,06 FF 90 EB F2 94 00,
9729,74A,10,06 FF 90 EB 0D 94 00,
9730,74A,10,F9 FF 6F 14 F2 6B FF,
9731,74A,10,06 FF 90 14 F2 94 01,
9732,74A,10,06 FF 90 14 F2 95 01,
9733,74A,10,07 FF 90 15 F3 95 00,
9734,74A,10,06 FF 90 14 F2 93 00,
9735,74A,10,06 FF 8F 13 F2 94 00,
9736,74A,10,06 FE 90 14 F1 93 FF,
9737,74A,10,06 FF 90 14 00 94 00,
9738,74A,10,06 FF 90 14 F2 94 FF,
9739,70E,86,24 10 A1 F2 08 FA 00 F0 EA 02 0D,
9740,70E,86,24 10 A1 F2 08 FA 00 F0 E8 02 0D,
9741,70E,86,24 10 A1 F2 08 FA 03 F0 EA 02 0D,
9742,70E,86,24 10 A1 F2 08 FA 00 F0 EA 02 9B,
9743,70E,86,24 10 A1 F2 08 FA 00 0F EA 02 0D,
9744,70E,86,24 EF 5E F2 08 FA 00 F0 EA 02 0D,
9745,70E,86,24 EF A1 F2 F7 FA 00 F0 EA FD F2,
9746,70E,86,24 10 A1 F2 08 FA 01 F0 EA 02 0D,
9747,70E,86,24 10 A1 F2 08 FA 01 F1 EA 02 0D,
9748,70E,86,24 10 A1 F2 09 FB 00 F1 EA 02 0E,
9749,70E,86,24 10 A0 F2 08 FA 00 F0 EA 02 0D,
9750,70E,86,24 0F A0 F2 08 FA 00 F0 EA 02 0D,
9751,70E,86,23 0F A1 F1 08 FA FF F0 EA 02 0D,
9752,70E,86,24 10 A1 F2 00 FA 00 F0 EA 02 0D,
9753,70E,86,24 10 A1 F2 08 FA 00 F0 EA FF 0D,
9754,74A,10,00 05 F3 26 1E 1C FF DE,
9755,74A,10,02 05 F3 26 1E 1C FF DE,
9756,74A,10,00 05 F3 26 1E 7C FF DE,
9757,74A,10,00 05 73 03 1E 1C FF DE,
9758,74A,10,00 FA F3 26 1E 1C FF DE,
9759,74A,10,00 05 F3 26 E1 E3 FF DE,
9760,74A,10,00 FA 0C 26 E1 1C FF 21,
9761,74A,10,00 05 F3 26 1E 1C FF DF,
9762,74A,10,00 05 F4 27 1E 1C FF DE,
9763,74A,10,00 05 F4 26 1F 1D FF DF,
9764,74A,10,00 05 F3 26 1E 1B FF DE,
9765,74A,10,00 04 F2 26 1E 1C FF DE,
9766,74A,10,00 04 F2 26 1D 1C FF DD,
9767,74A,10,00 05 F3 FF 1E 1C FF DE,
9768,70E,86,95 7A CD 76 CF 23 05 66 91,
9769,70E,86,95 7A CD 76 CF 23 0D 66 91,
9770,70E,86,95 7A CD 76 CF 23 85 67 91,
9771,70E,86,95 7A CD 76 CF 23 05 D6 95,
9772,70E,86,95 7A CD 76 CF 23 05 99 91,
9773,70E,86,95 85 32 76 CF 23 05 66 91,
9774,70E,86,95 7A 32 89 CF DC 05 66 6E,
9775,70E,86,95 7A CD 76 CF 23 05 67 91,
9776,70E,86,95 7A CD 77 D0 23 05 66 91,
9777,70E,86,96 7A CE 76 CF 24 05 66 92,
9778,70E,86,95 79 CD 76 CF 23 05 66 91,
9779,70E,86,95 7A CD 76 CF 23 05 65 90,
9780,70E,86,94 7A CD 75 CE 23 04 66 91,
9781,70E,86,95 7A CD 76 CF 23 05 00 91,
9782,70E,86,95 7A CD 76 CF FF 05 66 91,
9783,74A,10,8E EC,
9784,74A,10,8E E8,
9785,74A,10,8E F4,
9786,74A,10,4E FE,
9787,74A,10,8E 13,
9788,74A,10,71 13,
9789,74A,10,8F EC,
9790,74A,10,8F ED,
9791,74A,10,90 EE,
9792,74A,10,8D EC,
9793,74A,10,8D EB,
9794,74A,10,8C EA,
9795,74A,10,00 EC,
9796,74A,10,8E FF,
9797,70E,86,4A 99 FF 32 00,
9798,70E,86,4A 99 EF 32 00,
9799,70E,86,4A 99 7F 33 00,
9800,70E,86,4A 29 FB 32 00,
9801,70E,86,B5 99 FF 32 00,
9802,70E,86,4A 66 00 32 00,
9803,70E,86,B5 99 00 32 00,
9804,70E,86,4A 9A FF 32 00,
9805,70E,86,4A 99 00 33 00,
9806,70E,86,4B 9B FF 33 00,
9807,70E,86,4A 99 FE 32 00,
9808,70E,86,49 98 FF 32 00,
9809,70E,86,48 99 FE 32 FF,
9810,70E,86,4A 99 FF 00 00,
9811,70E,86,FF 99 FF 32 00,
9812,74A,10,00 FF FF,
9813,74A,10,00 DF FF,
9814,74A,10,00 FF E7,
9815,74A,10,4B FF FF,
9816,74A,10,00 00 FF,
9817,74A,10,FF FF 00,
9818,74A,10,FF 00 FF,
9819,74A,10,00 FF 00,
9820,74A,10,01 FF 00,
9821,74A,10,03 00 FF,
9822,74A,10,00 FE FF,
9823,74A,10,FF FF FE,
9824,74A,10,FD FE FF,
9825,74A,10,FF FF FF,
9826,70E,86,B7 5C E6 32 E7 D4 99 94 D9,
9827,70E,86,B7 5C E6 32 E7 D4 99 94 D1,
9828,70E,86,B7 5C E6 2A E7 D4 99 94 D9,
9829,70E,86,B3 5C E6 32 E7 D4 99 94 69,
9830,70E,86,48 5C E6 32 E7 D4 99 94 D9,
9831,70E,86,48 5C E6 32 E7 D4 99 94 26,
9832,70E,86,48 5C E6 CD 18 D4 66 94 D9,
9833,70E,86,B7 5D E6 32 E7 D4 99 94 D9,
9834,70E,86,B8 5C E6 32 E7 D4 99 94 DA,
9835,70E,86,B8 5C E6 33 E7 D4 9A 95 D9,
9836,70E,86,B7 5C E6 32 E6 D4 99 94 D9,
9837,70E,86,B7 5C E6 32 E6 D3 99 94 D9,
9838,70E,86,B7 5B E6 32 E6 D4 99 93 D8,
9839,70E,86,B7 5C E6 32 E7 D4 99 00 D9,
9840,70E,86,B7 5C E6 32 E7 FF 99 94 D9,
9841,74A,10,A5 FC 45 21 EF 7E FD F7,
9842,74A,10,A5 FC 55 21 EF 7E FD F7,
9843,74A,10,A5 FA 45 21 EF 7E FD F7,
9844,74A,10,A5 FC 45 0D EE 7E FD F7,
9845,74A,10,A5 03 45 21 EF 7E FD F7,
9846,74A,10,A5 FC 45 DE 10 7E FD F7,
9847,74A,10,5A FC BA DE EF 81 FD F7,
9848,74A,10,A6 FC 45 21 EF 7E FD F7,
9849,74A,10,A5 FC 45 21 F0 7F FD F7,
9850,74A,10,A5 FC 46 21 F0 7F FD F8,
9851,74A,10,A5 FC 45 21 EF 7D FD F7,
9852,74A,10,A5 FC 45 21 EE 7D FD F7,
9853,74A,10,A5 FC 44 21 EE 7D FD F6,
9854,74A,10,00 FC 45 21 EF 7E FD F7,
9855,74A,10,A5 FC 45 21 EF FF FD F7,
9856,70E,86,1F BE E1 C6 B4 E8 78,
9857,70E,86,1F BE E0 C6 B4 E8 78,
9858,70E,86,1F BE E1 C6 B2 E8 78,
9859,70E,86,1F BE 61 E3 B4 E8 78,
9860,70E,86,1F BE E1 C6 B4 17 78,
9861,70E,86,E0 41 E1 C6 B4 E8 78,
9862,70E,86,1F 41 1E 39 B4 17 78,
9863,70E,86,1F BE E1 C7 B4 E8 78,
9864,70E,86,1F BF E2 C6 B4 E8 78,
9865,70E,86,1F BE E2 C7 B5 E8 79,
9866,70E,86,1F BE E1 C6 B3 E8 78,
9867,70E,86,1E BD E1 C6 B4 E8 78,
9868,70E,86,1E BE E0 C6 B4 E7 77,
9869,70E,86,00 BE E1 C6 B4 E8 78,
9870,70E,86,1F BE FF C6 B4 E8 78,
9871,74A,10,A4 FD 40 11 E7,
9872,74A,10,A4 FD 42 11 E7,
9873,74A,10,A7 FD 40 11 E7,
9874,74A,10,81 FD 40 11 67,
9875,74A,10,A4 02 40 11 E7,
9876,74A,10,5B 02 40 11 E7,
9877,74A,10,A4 FD BF 11 18,
9878,74A,10,A5 FD 40 11 E7,
9879,74A,10,A4 FD 41 12 E7,
9880,74A,10,A5 FD 41 13 E7,
9881,74A,10,A4 FC 40 11 E7,
9882,74A,10,A4 FD 3F 10 E7,
9883,74A,10,A3 FD 3F 0F E7,
9884,74A,10,A4 FD 00 11 E7,
9885,74A,10,A4 FD FF 11 E7,
9886,70E,86,93 50 E0 6C 21 18 FA,
9887,70E,86,93 50 E0 6C 21 18 F2,
9888,70E,86,93 50 20 6C 21 18 FA,
9889,70E,86,53 42 E0 6C 21 18 FA,
9890,70E,86,93 50 E0 6C DE 18 FA,
9891,70E,86,93 50 1F 93 21 18 FA,
9892,70E,86,6C AF E0 93 21 18 05,
9893,70E,86,93 50 E0 6C 21 19 FA,
9894,70E,86,94 51 E0 6C 21 18 FA,
9895,70E,86,93 51 E0 6C 22 19 FB,
9896,70E,86,93 50 E0 6C 21 17 FA,
9897,70E,86,93 50 DF 6B 21 18 FA,
9898,70E,86,92 50 E0 6B 20 17 FA,
9899,70E,86,93 00 E0 6C 21 18 FA,
9900,70E,86,93 50 FF 6C 21 18 FA,
9901,74B,85,64 D4 AA B5 B2 8A 60,
9902,74B,85,64 D4 AA 35 B2 8A 60,
9903,74B,85,64 D4 AA B5 B1 8A 60,
9904,74B,85,64 D4 AA B5 B2 4A 72,
9905,74B,85,64 2B AA B5 B2 8A 60,
9906,74B,85,64 D4 AA B5 4D 75 60,
9907,74B,85,9B D4 AA 4A 4D 75 60,
9908,74B,85,64 D4 AA B6 B2 8A 60,
9909,74B,85,65 D5 AA B5 B2 8A 60,
9910,74B,85,64 D5 AA B5 B3 8B 61,
9911,74B,85,64 D3 AA B5 B2 8A 60,
9912,74B,85,64 D4 AA B5 B2 89 5F,
9913,74B,85,63 D4 A9 B5 B2 89 5F,
9914,74B,85,64 D4 AA 00 B2 8A 60,
9915,74B,85,64 D4 AA B5 B2 8A FF,
9916,70E,86,58 C9 A8 18 6C,
9917,70E,86,5C C9 A8 18 6C,
9918,70E,86,59 C9 A8 18 EC,
9919,70E,86,58 C9 A8 78 65,
9920,70E,86,58 C9 A8 E7 6C,
9921,70E,86,58 C9 A8 E7 93,
9922,70E,86,58 C9 57 18 93,
9923,70E,86,58 C9 A8 18 6D,
9924,70E,86,58 CA A9 18 6C,
9925,70E,86,5A C9 A9 18 6D,
9926,70E,86,58 C8 A8 18 6C,
9927,70E,86,58 C9 A7 17 6C,
9928,70E,86,58 C8 A6 18 6B,
9929,70E,86,58 C9 A8 00 6C,
9930,70E,86,FF C9 A8 18 6C,
9931,74B,85,DE,
9932,74B,85,DA,
9933,74B,85,D8,
9934,74B,85,6A,
9935,74B,85,21,
9936,74B,85,DF,
9937,74B,85,E0,
9938,74B,85,E2,
9939,74B,85,DD,
9940,74B,85,DC,
9941,74B,85,00,
9942,74B,85,FF,
9943,74B,85,33 73 FF,
9944,74B,85,B3 73 FF,
9945,74B,85,53 73 FF,
9946,74B,85,F3 61 FF,
9947,74B,85,CC 73 FF,
9948,74B,85,CC 73 00,
9949,74B,85,34 73 FF,
9950,74B,85,34 74 FF,
9951,74B,85,36 74 FF,
9952,74B,85,33 72 FF,
9953,74B,85,32 72 FF,
9954,74B,85,33 70 FE,
9955,74B,85,00 73 FF,
9956,74B,85,33 FF FF,
9957,70E,86,14 FF FF AD 46 E6 5A 93 95 0C,
9958,70E,86,14 FF DF AD 46 E6 5A 93 95 0C,
9959,70E,86,14 FF FF AD 46 E6 5A 93 F5 0C,
9960,70E,86,14 FF FF AD 46 E6 EA 97 95 0C,
9961,70E,86,14 00 FF AD 46 E6 5A 93 95 0C,
9962,70E,86,14 FF FF AD 46 E6 5A 93 6A F3,
9963,70E,86,14 FF 00 52 46 19 5A 93 6A 0C,
9964,70E,86,14 FF FF AD 46 E7 5A 93 95 0C,
9965,70E,86,14 FF FF AD 46 E6 5A 93 96 0D,
9966,70E,86,15 FF 00 AD 46 E7 5A 93 95 0D,
9967,70E,86,14 FF FF AD 46 E6 5A 93 95 0B,
9968,70E,86,14 FF FF AC 45 E6 5A 93 95 0C,
9969,70E,86,14 FF FE AC 46 E5 5A 93 94 0C,
9970,70E,86,14 FF FF AD 46 E6 5A 93 95 FF,
9971,74B,85,B2 51,
9972,74B,85,B2 55,
9973,74B,85,B4 51,
9974,74B,85,02 55,
9975,74B,85,4D 51,
9976,74B,85,4D AE,
9977,74B,85,B2 52,
9978,74B,85,B3 52,
9979,74B,85,B4 53,
9980,74B,85,B2 50,
9981,74B,85,B1 50,
9982,74B,85,B0 4F,
9983,74B,85,00 51,
9984,74B,85,FF 51,
9985,70E,86,FF 01 FF DA 11 B0 F4,
9986,70E,86,FF 01 FF DA 11 B0 F0,
9987,70E,86,FF 01 FF DA 11 80 F4,
9988,70E,86,FF 01 D3 DB 11 B0 F4,
9989,70E,86,FF 01 FF DA 11 4F F4,
9990,70E,86,00 01 FF DA 11 B0 0B,
9991,70E,86,00 FE 00 DA EE B0 F4,
9992,70E,86,FF 01 00 DA 11 B0 F4,
9993,70E,86,FF 01 FF DA 12 B1 F4,
9994,70E,86,00 02 00 DA 12 B0 F4,
9995,70E,86,FF 00 FF DA 11 B0 F4,
9996,70E,86,FE 01 FF DA 11 B0 F3,
9997,70E,86,FF 01 FE D9 10 B0 F3,
9998,70E,86,FF 01 FF 00 11 B0 F4,
9999,70E,86,FF 01 FF DA 11 FF F4,
